{"type":"FeatureCollection","schema_version":"2.0.0","product":"LPZ_PUBLIC_JMA_PRIMARY_SUBDIVISION_GEOMETRY","geographic_unit":"JMA_PRIMARY_SUBDIVISION","geometry_key":"region_code","lod":"overview","display_geometry_semantics":"TOPOLOGY_SAFE_SIMPLIFIED_DERIVATIVE_FOR_WEB_DISPLAY_ONLY","scientific_masking_allowed":false,"risk_engine_allowed":false,"source":{"authority":"Japan Meteorological Agency","source_id":"JMA_PRIMARY_SUBDIVISION_GIS","source_page":"https://www.data.jma.go.jp/developer/gis.html","source_zip_url":"https://www.data.jma.go.jp/developer/gis/20190125_AreaForecastLocalM_1saibun_GIS.zip","area_metadata_url":"https://www.jma.go.jp/bosai/common/const/area.json","source_crs":"JGD2011 geographic lon/lat","source_zip_sha256":"1a085be077321738f301fe0e321f66539b5b2e7d6c9865b3cb263d19dd5c7939","area_metadata_sha256":"b2716ef1f338f66a7080c2498f0768e3941eebbd6880af70917f67b16ec09992"},"display_transform":{"simplification_algorithm":"CYCLIC_RDP_WITH_ADAPTIVE_TOLERANCE_BACKOFF","tolerance_degrees":0.024,"min_polygon_area_deg2":0.001,"min_hole_area_deg2":0.003,"collapsed_ring_policy":"BACK_OFF_TOLERANCE_THEN_KEEP_OFFICIAL_RING_NEVER_TRIANGLE_FLOOR","tiny_part_policy":"PRUNE_BY_LOD_KEEP_LARGEST_PART_PER_REGION","research_geometry_modified":false},"region_count":142,"features":[{"type":"Feature","id":"011000","properties":{"region_code":"011000","geometry_key":"011000","name_ja":"宗谷地方","name_en":"Soya Region","parent_code":"011000","parent_name_ja":"宗谷地方","display_name_ja":"宗谷地方 宗谷地方","office_name_ja":null,"label_lon":141.90171930570148,"label_lat":45.05228805874697,"label_point_semantics":"OFFICIAL_SOURCE_BBOX_CENTER_DISPLAY_ONLY"},"geometry":{"type":"MultiPolygon","coordinates":[[[[141.56843,45.20484],[141.65519,45.35234],[141.64315,45.44897],[141.68103,45.40302],[141.79787,45.40706],[141.86463,45.44064],[141.89252,45.51083],[141.94654,45.52215],[142.04566,45.4058],[142.17144,45.34322],[142.50443,45.06002],[142.58949,44.91727],[142.84206,44.6872],[142.6501,44.59045],[142.53672,44.61475],[142.49192,44.5781],[142.413,44.63687],[142.39525,44.70075],[142.32745,44.71016],[142.28107,44.82233],[142.16054,44.80492],[142.13334,44.90216],[141.92628,44.89821],[141.85999,44.99163],[141.80066,44.99221],[141.71537,44.953],[141.73219,44.87793],[141.56843,45.20484]]],[[[141.12683,45.18617],[141.19915,45.25973],[141.3033,45.21487],[141.33042,45.15028],[141.23648,45.09717],[141.12683,45.18617]]],[[[140.96591,45.45725],[141.01332,45.43303],[141.03342,45.46098],[141.0674,45.42397],[141.04355,45.27411],[140.96591,45.45725]]]]}},{"type":"Feature","id":"012010","properties":{"region_code":"012010","geometry_key":"012010","name_ja":"上川地方","name_en":"Kamikawa Region","parent_code":"012000","parent_name_ja":"上川・留萌地方","display_name_ja":"上川・留萌地方 上川地方","office_name_ja":null,"label_lon":142.57803125154112,"label_lat":43.89460375256118,"label_point_semantics":"OFFICIAL_SOURCE_BBOX_CENTER_DISPLAY_ONLY"},"geometry":{"type":"Polygon","coordinates":[[[141.97634,44.74579],[142.00125,44.89269],[142.13334,44.90216],[142.16054,44.80492],[142.28107,44.82233],[142.32745,44.71016],[142.39525,44.70075],[142.413,44.63687],[142.49192,44.5781],[142.53672,44.61475],[142.6441,44.59652],[142.64615,44.53058],[142.58407,44.43368],[142.71203,44.486],[142.84886,44.45965],[142.80263,44.33145],[142.87559,44.2288],[142.88215,44.16607],[142.83799,44.15626],[142.90255,43.98972],[142.88021,43.94378],[143.05475,43.917],[143.00851,43.85893],[143.04661,43.81249],[143.01226,43.7944],[143.02434,43.74535],[143.15378,43.76339],[143.17972,43.73509],[143.14141,43.59196],[143.01371,43.52854],[142.86131,43.56529],[142.67566,43.41171],[142.76911,43.34586],[142.7349,43.29784],[142.73637,43.21955],[142.77924,43.17374],[142.72682,43.07596],[142.75437,43.01311],[142.58751,42.96631],[142.54625,42.91088],[142.40936,42.93371],[142.33911,42.88387],[142.27279,42.95017],[142.33018,43.03167],[142.24344,43.10588],[142.28409,43.19788],[142.2716,43.30227],[142.35099,43.37833],[142.36822,43.48679],[142.28773,43.57435],[142.27783,43.65332],[142.19969,43.64101],[142.17798,43.67324],[142.17127,43.72816],[142.23807,43.80821],[142.1222,43.9326],[142.09611,44.0438],[142.05508,44.05546],[142.08818,44.18846],[142.04354,44.21247],[142.06101,44.33606],[142.02115,44.39391],[142.11535,44.47459],[142.04078,44.52888],[141.97634,44.74579]]]}},{"type":"Feature","id":"012020","properties":{"region_code":"012020","geometry_key":"012020","name_ja":"留萌地方","name_en":"Rumoi Region","parent_code":"012000","parent_name_ja":"上川・留萌地方","display_name_ja":"上川・留萌地方 留萌地方","office_name_ja":null,"label_lon":141.70313115447925,"label_lat":44.3388626393494,"label_point_semantics":"OFFICIAL_SOURCE_BBOX_CENTER_DISPLAY_ONLY"},"geometry":{"type":"Polygon","coordinates":[[[141.33743,43.73749],[141.38753,43.8067],[141.56072,43.85898],[141.62954,43.96313],[141.64708,43.94399],[141.64736,44.31607],[141.74866,44.43583],[141.79252,44.63948],[141.71537,44.953],[141.8559,44.99316],[141.92607,44.89831],[142.02475,44.91044],[141.9896,44.87471],[141.98862,44.68553],[142.04078,44.52888],[142.116,44.46811],[142.02115,44.39391],[142.06101,44.33606],[142.04354,44.21247],[142.08818,44.18846],[142.05986,44.01182],[141.94962,43.99958],[141.8851,43.94329],[141.90026,43.89754],[141.79819,43.82817],[141.7697,43.7565],[141.69887,43.79621],[141.69993,43.74966],[141.63225,43.75986],[141.49063,43.68444],[141.33743,43.73749]]]}},{"type":"Feature","id":"013010","properties":{"region_code":"013010","geometry_key":"013010","name_ja":"網走地方","name_en":"Abashiri Region","parent_code":"013000","parent_name_ja":"網走・北見・紋別地方","display_name_ja":"網走・北見・紋別地方 網走地方","office_name_ja":null,"label_lon":144.45430652422675,"label_lat":43.90395894115227,"label_point_semantics":"OFFICIAL_SOURCE_BBOX_CENTER_DISPLAY_ONLY"},"geometry":{"type":"Polygon","coordinates":[[[143.57097,43.95676],[143.58729,43.98934],[143.71287,44.0069],[143.78424,44.18704],[144.24361,44.11352],[144.29852,43.98268],[144.39848,43.9461],[144.79522,43.93137],[145.19193,44.19535],[145.33764,44.34131],[145.27411,44.16875],[145.1806,44.13622],[145.01549,43.99763],[145.00317,43.94699],[144.90496,43.90561],[144.8608,43.78707],[144.72236,43.76173],[144.70626,43.65995],[144.57063,43.60068],[144.47462,43.68641],[144.32468,43.70372],[144.22721,43.62937],[144.21986,43.5173],[144.08244,43.51513],[144.02844,43.46136],[143.87695,43.52303],[143.77457,43.62294],[143.96831,43.76351],[144.06347,43.92171],[144.01913,43.96522],[143.92119,43.93044],[143.7823,43.96444],[143.70506,43.87466],[143.68604,43.92574],[143.57097,43.95676]]]}},{"type":"Feature","id":"013020","properties":{"region_code":"013020","geometry_key":"013020","name_ja":"北見地方","name_en":"Kitami Region","parent_code":"013000","parent_name_ja":"網走・北見・紋別地方","display_name_ja":"網走・北見・紋別地方 北見地方","office_name_ja":null,"label_lon":143.59972250294123,"label_lat":43.73780948317116,"label_point_semantics":"OFFICIAL_SOURCE_BBOX_CENTER_DISPLAY_ONLY"},"geometry":{"type":"Polygon","coordinates":[[[143.13566,43.60367],[143.17418,43.63995],[143.13955,43.67681],[143.16129,43.70632],[143.22605,43.6968],[143.28892,43.76343],[143.57194,43.84457],[143.58775,43.94686],[143.68604,43.92574],[143.70506,43.87466],[143.7823,43.96444],[143.92119,43.93044],[144.01913,43.96522],[144.06377,43.92116],[143.96874,43.76397],[143.82269,43.68596],[143.82161,43.64641],[143.75978,43.61634],[143.62567,43.6377],[143.46374,43.50815],[143.13566,43.60367]]]}},{"type":"Feature","id":"013030","properties":{"region_code":"013030","geometry_key":"013030","name_ja":"紋別地方","name_en":"Mombetsu Region","parent_code":"013000","parent_name_ja":"網走・北見・紋別地方","display_name_ja":"網走・北見・紋別地方 紋別地方","office_name_ja":null,"label_lon":143.1801547210136,"label_lat":44.191961113015,"label_point_semantics":"OFFICIAL_SOURCE_BBOX_CENTER_DISPLAY_ONLY"},"geometry":{"type":"Polygon","coordinates":[[[142.58386,44.43513],[142.64695,44.58995],[142.84206,44.6872],[143.38286,44.32483],[143.77645,44.18469],[143.77569,44.14434],[143.71271,44.00674],[143.58729,43.98934],[143.57194,43.84457],[143.37665,43.7979],[143.19053,43.70115],[143.16054,43.76162],[143.00705,43.75966],[143.04661,43.81249],[143.00854,43.85901],[143.05387,43.91788],[142.88021,43.94378],[142.90255,43.98972],[142.83799,44.15626],[142.88215,44.16607],[142.87559,44.2288],[142.80263,44.33145],[142.84886,44.45965],[142.71203,44.486],[142.58386,44.43513]]]}},{"type":"Feature","id":"014010","properties":{"region_code":"014010","geometry_key":"014010","name_ja":"根室地方","name_en":"Nemuro Region","parent_code":"014100","parent_name_ja":"釧路・根室地方","display_name_ja":"釧路・根室地方 根室地方","office_name_ja":null,"label_lon":146.73251728959133,"label_lat":44.35781476104245,"label_point_semantics":"OFFICIAL_SOURCE_BBOX_CENTER_DISPLAY_ONLY"},"geometry":{"type":"MultiPolygon","coordinates":[[[[144.57063,43.60068],[144.70635,43.66001],[144.72236,43.76173],[144.8608,43.78707],[144.90496,43.90561],[145.00317,43.94699],[145.01549,43.99763],[145.1806,44.13622],[145.27406,44.1687],[145.33764,44.34131],[145.36708,44.25865],[145.09599,43.89501],[145.06898,43.74811],[145.14406,43.64638],[145.34351,43.58396],[145.28681,43.55034],[145.33986,43.58495],[145.19361,43.62059],[145.27771,43.40211],[145.39688,43.29102],[145.49284,43.26658],[145.65062,43.39145],[145.81746,43.38537],[145.56792,43.28304],[145.49605,43.1587],[145.47675,43.18837],[145.32646,43.17295],[145.17771,43.26093],[145.01583,43.21533],[144.66979,43.35148],[144.64166,43.43673],[144.74531,43.48607],[144.57063,43.60068]]],[[[146.85812,44.4533],[146.95232,44.54978],[146.94808,44.63145],[146.99302,44.57543],[147.03355,44.61637],[147.00643,44.65925],[147.0965,44.63856],[147.18594,44.69715],[147.19488,44.76089],[147.12577,44.77045],[147.10726,44.82229],[147.23859,44.80646],[147.26558,44.86807],[147.50668,44.98934],[147.53473,45.07125],[147.50482,45.11771],[147.65081,45.07865],[147.73481,45.1937],[147.86928,45.22364],[147.8489,45.36577],[147.90375,45.42988],[147.96477,45.42018],[148.02908,45.27115],[148.16638,45.25859],[148.4181,45.32722],[148.48628,45.42063],[148.65415,45.53855],[148.78369,45.55682],[148.88971,45.51761],[148.82681,45.44912],[148.87656,45.39436],[148.84182,45.33621],[148.63899,45.33533],[148.49438,45.25618],[148.30231,45.21511],[147.9045,44.961],[147.78478,44.94766],[147.72641,45.00275],[147.662,44.99777],[147.61476,44.95663],[147.6518,44.91991],[147.59689,44.8533],[147.33499,44.71421],[147.20713,44.56863],[147.07434,44.55572],[146.95458,44.42634],[146.85812,44.4533]]],[[[145.39858,43.82858],[145.74136,44.05113],[145.74415,44.10449],[145.98799,44.31889],[146.12935,44.50795],[146.1711,44.51726],[146.33772,44.41742],[146.57742,44.45494],[146.49208,44.3545],[146.4315,44.37591],[146.29615,44.27567],[146.11092,44.2627],[146.04662,44.18405],[145.9215,44.13568],[145.86719,44.06369],[145.87812,44.02094],[145.81764,44.02139],[145.78111,43.93194],[145.58511,43.86238],[145.54413,43.65282],[145.55059,43.73082],[145.43617,43.71778],[145.39858,43.82858]]],[[[146.585,43.8027],[146.74871,43.81458],[146.72166,43.84595],[146.82474,43.89037],[146.91978,43.83735],[146.64418,43.70123],[146.62509,43.75598],[146.58565,43.74424],[146.585,43.8027]]],[[[146.05853,43.52199],[146.20443,43.5332],[146.19327,43.48782],[146.11647,43.45819],[146.05853,43.52199]]],[[[145.86256,43.45521],[145.94497,43.45663],[145.95556,43.42509],[145.89943,43.41649],[145.86256,43.45521]]],[[[146.26945,43.62803],[146.31236,43.65149],[146.35728,43.61826],[146.26945,43.62803]]],[[[146.02424,43.41148],[146.04726,43.4316],[146.08649,43.42518],[146.09796,43.44805],[146.10933,43.43779],[146.08098,43.41228],[146.02424,43.41148]]]]}},{"type":"Feature","id":"014020","properties":{"region_code":"014020","geometry_key":"014020","name_ja":"釧路地方","name_en":"Kushiro Region","parent_code":"014100","parent_name_ja":"釧路・根室地方","display_name_ja":"釧路・根室地方 釧路地方","office_name_ja":null,"label_lon":144.5145294420302,"label_lat":43.27359763986925,"label_point_semantics":"OFFICIAL_SOURCE_BBOX_CENTER_DISPLAY_ONLY"},"geometry":{"type":"Polygon","coordinates":[[[143.70283,43.0069],[143.82207,43.2888],[144.00812,43.37523],[144.02977,43.42081],[143.99882,43.46495],[144.07154,43.47461],[144.0823,43.51507],[144.21986,43.5173],[144.22726,43.62946],[144.33194,43.70494],[144.47467,43.68639],[144.53026,43.61162],[144.74531,43.48607],[144.6384,43.42621],[144.72747,43.31617],[145.01583,43.21533],[145.1956,43.25766],[145.2255,43.20602],[145.26769,43.22729],[145.32623,43.17346],[145.12363,43.13322],[145.11688,43.08208],[145.17265,43.07603],[145.09856,43.07706],[144.97349,42.98119],[144.87716,42.98563],[144.8323,43.01422],[144.85432,43.04873],[144.78161,43.05418],[144.72194,42.98032],[144.77411,42.93288],[144.4472,42.94384],[144.27568,43.0036],[144.05068,42.94237],[143.86935,42.84225],[143.77737,42.89593],[143.76645,42.96045],[143.70283,43.0069]]]}},{"type":"Feature","id":"014030","properties":{"region_code":"014030","geometry_key":"014030","name_ja":"十勝地方","name_en":"Tokachi Region","parent_code":"014030","parent_name_ja":"十勝地方","display_name_ja":"十勝地方 十勝地方","office_name_ja":null,"label_lon":143.3507866662717,"label_lat":42.900307220801665,"label_point_semantics":"OFFICIAL_SOURCE_BBOX_CENTER_DISPLAY_ONLY"},"geometry":{"type":"Polygon","coordinates":[[[142.67177,43.40482],[142.87502,43.56999],[143.01371,43.52854],[143.17299,43.59486],[143.23333,43.55149],[143.37559,43.55206],[143.46374,43.50815],[143.54158,43.59671],[143.63933,43.63982],[143.77457,43.62294],[144.02822,43.42657],[144.00676,43.37411],[143.82207,43.2888],[143.75633,43.08365],[143.71048,43.04296],[143.77718,42.89616],[143.86935,42.84225],[143.43193,42.47683],[143.31979,42.29593],[143.34771,42.30242],[143.30892,42.25678],[143.3241,42.16004],[143.20183,42.189],[142.9471,42.42741],[142.90604,42.42865],[142.86379,42.54157],[142.75495,42.6449],[142.75591,42.72184],[142.68781,42.74376],[142.73215,42.83569],[142.78789,42.86346],[142.72682,43.07596],[142.77924,43.17365],[142.73306,43.23152],[142.76897,43.34658],[142.67177,43.40482]]]}},{"type":"Feature","id":"015010","properties":{"region_code":"015010","geometry_key":"015010","name_ja":"胆振地方","name_en":"Iburi Region","parent_code":"015000","parent_name_ja":"胆振・日高地方","display_name_ja":"胆振・日高地方 胆振地方","office_name_ja":null,"label_lon":141.43350499995586,"label_lat":42.64318958553099,"label_point_semantics":"OFFICIAL_SOURCE_BBOX_CENTER_DISPLAY_ONLY"},"geometry":{"type":"Polygon","coordinates":[[[140.53301,42.61534],[140.57728,42.66474],[140.56228,42.71722],[140.74566,42.71357],[140.76213,42.65769],[140.85535,42.69938],[140.96942,42.67123],[141.07885,42.74808],[141.07132,42.82741],[141.19908,42.78435],[141.19147,42.68579],[141.25893,42.71384],[141.3589,42.68119],[141.41339,42.72306],[141.40687,42.76477],[141.56741,42.74267],[141.75685,42.79197],[141.7909,42.8761],[141.86998,42.92205],[141.98166,42.83697],[142.08057,42.86868],[142.15253,42.95475],[142.27193,42.98714],[142.334,42.90752],[142.29887,42.7732],[142.21973,42.74485],[142.12189,42.59552],[142.01137,42.53989],[141.96686,42.52847],[141.81814,42.61297],[141.62489,42.62014],[141.69541,42.6574],[141.62515,42.64424],[141.15561,42.44025],[141.00254,42.30099],[140.93087,42.34046],[141.00755,42.34827],[140.91578,42.366],[140.87405,42.45801],[140.77996,42.49927],[140.75601,42.55312],[140.69134,42.58696],[140.56752,42.5698],[140.53301,42.61534]]]}},{"type":"Feature","id":"015020","properties":{"region_code":"015020","geometry_key":"015020","name_ja":"日高地方","name_en":"Hidaka Region","parent_code":"015000","parent_name_ja":"胆振・日高地方","display_name_ja":"胆振・日高地方 日高地方","office_name_ja":null,"label_lon":142.64690146558024,"label_lat":42.462534166368755,"label_point_semantics":"OFFICIAL_SOURCE_BBOX_CENTER_DISPLAY_ONLY"},"geometry":{"type":"Polygon","coordinates":[[[141.96686,42.52847],[142.11936,42.59329],[142.18963,42.72017],[142.29887,42.7732],[142.32208,42.88994],[142.38114,42.88717],[142.40936,42.93371],[142.54625,42.91088],[142.58751,42.96631],[142.73654,43.00687],[142.78789,42.86346],[142.73215,42.83569],[142.68781,42.74376],[142.75591,42.72184],[142.75495,42.6449],[142.86379,42.54157],[142.90604,42.42865],[142.9471,42.42741],[143.20183,42.189],[143.3241,42.16004],[143.31002,42.04753],[143.2424,41.92413],[142.9642,42.11868],[142.6706,42.19162],[142.3678,42.32348],[142.19154,42.44914],[141.96686,42.52847]]]}},{"type":"Feature","id":"016010","properties":{"region_code":"016010","geometry_key":"016010","name_ja":"石狩地方","name_en":"Ishikari Region","parent_code":"016000","parent_name_ja":"石狩・空知・後志地方","display_name_ja":"石狩・空知・後志地方 石狩地方","office_name_ja":null,"label_lon":141.43024208195658,"label_lat":43.21102250028821,"label_point_semantics":"OFFICIAL_SOURCE_BBOX_CENTER_DISPLAY_ONLY"},"geometry":{"type":"Polygon","coordinates":[[[140.9905,43.02298],[141.07526,43.11821],[141.16727,43.09403],[141.4235,43.32824],[141.42766,43.42099],[141.35772,43.51798],[141.3828,43.60452],[141.32854,43.71496],[141.40498,43.73779],[141.72776,43.47138],[141.58113,43.35271],[141.61122,43.28983],[141.65752,43.27844],[141.67295,43.22807],[141.61026,43.16789],[141.6688,43.12067],[141.58329,43.077],[141.56809,43.02176],[141.65238,42.94219],[141.65579,42.88713],[141.75575,42.95318],[141.86998,42.92205],[141.70663,42.77037],[141.56616,42.74258],[141.40687,42.76477],[141.37013,42.68413],[141.25893,42.71384],[141.19147,42.68579],[141.19908,42.78435],[141.09482,42.82109],[141.10428,42.87901],[141.03951,42.88537],[141.05275,42.95259],[140.9905,43.02298]]]}},{"type":"Feature","id":"016020","properties":{"region_code":"016020","geometry_key":"016020","name_ja":"空知地方","name_en":"Sorachi Region","parent_code":"016000","parent_name_ja":"石狩・空知・後志地方","display_name_ja":"石狩・空知・後志地方 空知地方","office_name_ja":null,"label_lon":141.92942069371009,"label_lat":43.44323638734946,"label_point_semantics":"OFFICIAL_SOURCE_BBOX_CENTER_DISPLAY_ONLY"},"geometry":{"type":"Polygon","coordinates":[[[141.49063,43.68444],[141.63225,43.75986],[141.69993,43.74966],[141.69887,43.79621],[141.7697,43.7565],[141.79819,43.82817],[141.90026,43.89754],[141.8851,43.94329],[142.09593,44.04398],[142.1222,43.9326],[142.15919,43.87513],[142.2156,43.86438],[142.2401,43.79923],[142.17127,43.72816],[142.17798,43.67324],[142.19969,43.64101],[142.27783,43.65332],[142.28773,43.57435],[142.36818,43.48698],[142.35099,43.37833],[142.27167,43.30263],[142.28409,43.19788],[142.24313,43.11266],[142.32969,43.03073],[141.98166,42.83697],[141.85926,42.93094],[141.75575,42.95318],[141.65286,42.88895],[141.65238,42.94219],[141.56432,43.03553],[141.6688,43.12067],[141.61026,43.16789],[141.67298,43.22848],[141.58113,43.35271],[141.72776,43.47138],[141.49063,43.68444]]]}},{"type":"Feature","id":"016030","properties":{"region_code":"016030","geometry_key":"016030","name_ja":"後志地方","name_en":"Shiribeshi Region","parent_code":"016000","parent_name_ja":"石狩・空知・後志地方","display_name_ja":"石狩・空知・後志地方 後志地方","office_name_ja":null,"label_lon":140.557854169984,"label_lat":42.96098389199307,"label_point_semantics":"OFFICIAL_SOURCE_BBOX_CENTER_DISPLAY_ONLY"},"geometry":{"type":"Polygon","coordinates":[[[139.82317,42.61306],[139.89841,42.67978],[140.05325,42.69821],[140.18615,42.82775],[140.2463,42.76797],[140.30443,42.77745],[140.30446,42.8287],[140.39012,42.92284],[140.52061,42.99077],[140.52906,43.02843],[140.32455,43.22094],[140.34624,43.33379],[140.42952,43.32959],[140.49655,43.37268],[140.79096,43.1947],[141.00961,43.23986],[141.01376,43.19],[141.16098,43.14397],[141.29183,43.18505],[141.18761,43.14026],[141.15847,43.0887],[141.07526,43.11821],[140.99054,43.02309],[141.05275,42.95259],[141.03951,42.88537],[141.10712,42.87251],[141.06495,42.82267],[141.07885,42.74808],[140.96942,42.67123],[140.85535,42.69938],[140.76213,42.65769],[140.74566,42.71357],[140.56228,42.71722],[140.57728,42.66474],[140.53133,42.59342],[140.38564,42.59074],[140.31292,42.63197],[140.23815,42.59762],[140.15624,42.61715],[140.1172,42.54499],[139.93645,42.58886],[139.9391,42.61369],[139.82317,42.61306]]]}},{"type":"Feature","id":"017010","properties":{"region_code":"017010","geometry_key":"017010","name_ja":"渡島地方","name_en":"Oshima Region","parent_code":"017000","parent_name_ja":"渡島・檜山地方","display_name_ja":"渡島・檜山地方 渡島地方","office_name_ja":null,"label_lon":140.26090731542035,"label_lat":41.991805419134835,"label_point_semantics":"OFFICIAL_SOURCE_BBOX_CENTER_DISPLAY_ONLY"},"geometry":{"type":"MultiPolygon","coordinates":[[[[139.98206,41.59847],[140.02602,41.6319],[140.06747,41.59019],[140.16703,41.57836],[140.3422,41.72373],[140.35306,41.78552],[140.46138,41.84737],[140.46497,42.00197],[140.2493,42.05957],[140.01465,42.27132],[140.23057,42.39487],[140.20891,42.4708],[140.26613,42.54857],[140.18779,42.60227],[140.30953,42.63195],[140.40759,42.58761],[140.54651,42.59904],[140.46323,42.58305],[140.34942,42.47351],[140.27856,42.3269],[140.29562,42.24396],[140.39414,42.22138],[140.54899,42.11341],[140.75916,42.1169],[140.96119,41.91524],[141.11093,41.8739],[141.18744,41.80901],[140.96694,41.71004],[140.78628,41.77379],[140.70265,41.74023],[140.71583,41.80669],[140.63951,41.81642],[140.60106,41.7418],[140.44187,41.68116],[140.42952,41.53504],[140.25863,41.4809],[140.19923,41.3979],[140.03873,41.44404],[139.98206,41.59847]]],[[[139.33435,41.51676],[139.37281,41.52372],[139.38417,41.50899],[139.34048,41.49511],[139.33435,41.51676]]]]}},{"type":"Feature","id":"017020","properties":{"region_code":"017020","geometry_key":"017020","name_ja":"檜山地方","name_en":"Hiyama Region","parent_code":"017000","parent_name_ja":"渡島・檜山地方","display_name_ja":"渡島・檜山地方 檜山地方","office_name_ja":null,"label_lon":139.9377512513692,"label_lat":42.09685361215452,"label_point_semantics":"OFFICIAL_SOURCE_BBOX_CENTER_DISPLAY_ONLY"},"geometry":{"type":"MultiPolygon","coordinates":[[[[139.76604,42.31106],[139.8529,42.46461],[139.82317,42.61306],[139.9391,42.61369],[139.93645,42.58886],[140.1172,42.54499],[140.15137,42.61565],[140.18556,42.6119],[140.26613,42.54857],[140.20891,42.4708],[140.23742,42.4043],[140.01473,42.27103],[140.2493,42.05957],[140.46497,42.00197],[140.46018,41.84436],[140.35306,41.78552],[140.3422,41.72373],[140.16703,41.57836],[139.99353,41.63021],[140.07144,41.80709],[140.12223,41.82253],[140.13276,41.97511],[140.02359,42.11457],[139.92216,42.13227],[139.87749,42.21069],[139.79546,42.23064],[139.76604,42.31106]]],[[[139.40499,42.1646],[139.43547,42.2159],[139.55899,42.25236],[139.50495,42.09782],[139.45089,42.05184],[139.40499,42.1646]]]]}},{"type":"Feature","id":"020010","properties":{"region_code":"020010","geometry_key":"020010","name_ja":"津軽","name_en":"Tsugaru","parent_code":"020000","parent_name_ja":"青森県","display_name_ja":"青森県 津軽","office_name_ja":null,"label_lon":140.29077183510213,"label_lat":40.83003873405039,"label_point_semantics":"OFFICIAL_SOURCE_BBOX_CENTER_DISPLAY_ONLY"},"geometry":{"type":"Polygon","coordinates":[[[139.85973,40.60293],[139.99972,40.74767],[140.12275,40.74258],[140.25653,40.80885],[140.32397,41.06724],[140.24867,41.13376],[140.32173,41.14801],[140.34435,41.26297],[140.46386,41.18229],[140.55016,41.22961],[140.63926,41.18432],[140.66147,40.94405],[140.73294,40.83021],[140.85994,40.88839],[140.87177,40.94371],[140.83791,40.9533],[140.87893,41.0099],[141.0821,40.89608],[140.90571,40.75105],[140.97897,40.69762],[140.955,40.64699],[140.87752,40.6573],[140.85145,40.54495],[140.88006,40.51025],[140.73357,40.4158],[140.6342,40.40226],[140.58973,40.43611],[140.55862,40.39711],[140.38771,40.4871],[140.33522,40.43938],[140.11162,40.43542],[140.06815,40.46886],[140.01944,40.41984],[139.93631,40.4282],[139.94007,40.55302],[139.85973,40.60293]]]}},{"type":"Feature","id":"020020","properties":{"region_code":"020020","geometry_key":"020020","name_ja":"下北","name_en":"Shimokita","parent_code":"020000","parent_name_ja":"青森県","display_name_ja":"青森県 下北","office_name_ja":null,"label_lon":141.1170859012434,"label_lat":41.33130359893201,"label_point_semantics":"OFFICIAL_SOURCE_BBOX_CENTER_DISPLAY_ONLY"},"geometry":{"type":"Polygon","coordinates":[[[140.76403,41.19459],[140.91241,41.54637],[141.26358,41.35605],[141.46901,41.41857],[141.39582,41.13236],[141.36155,41.10806],[141.27633,41.1507],[141.18785,41.27943],[141.05816,41.18344],[140.97998,41.19908],[140.81131,41.12758],[140.7643,41.14547],[140.76403,41.19459]]]}},{"type":"Feature","id":"020030","properties":{"region_code":"020030","geometry_key":"020030","name_ja":"三八上北","name_en":"Sanpachi Kamikita","parent_code":"020000","parent_name_ja":"青森県","display_name_ja":"青森県 三八上北","office_name_ja":null,"label_lon":141.26736212681078,"label_lat":40.68776865285108,"label_point_semantics":"OFFICIAL_SOURCE_BBOX_CENTER_DISPLAY_ONLY"},"geometry":{"type":"Polygon","coordinates":[[[140.85145,40.54495],[140.8776,40.6574],[140.955,40.64699],[140.97897,40.69762],[140.90588,40.75138],[141.04702,40.87707],[141.16806,40.89448],[141.25082,41.11551],[141.32295,41.15411],[141.3347,41.10882],[141.39587,41.13229],[141.37571,40.93514],[141.46161,40.60313],[141.52809,40.55874],[141.48352,40.5613],[141.50453,40.54038],[141.57598,40.5431],[141.68328,40.45177],[141.53792,40.3476],[141.44172,40.37606],[141.351,40.33107],[141.316,40.37262],[140.97982,40.21966],[140.94397,40.29626],[140.99543,40.35337],[140.98515,40.42722],[140.86132,40.44063],[140.88006,40.51025],[140.85145,40.54495]]]}},{"type":"Feature","id":"030010","properties":{"region_code":"030010","geometry_key":"030010","name_ja":"内陸","name_en":"Inland","parent_code":"030000","parent_name_ja":"岩手県","display_name_ja":"岩手県 内陸","office_name_ja":null,"label_lon":141.19977378123508,"label_lat":39.5625553066821,"label_point_semantics":"OFFICIAL_SOURCE_BBOX_CENTER_DISPLAY_ONLY"},"geometry":{"type":"Polygon","coordinates":[[[140.65312,39.391],[140.7244,39.48053],[140.72962,39.56513],[140.8223,39.64995],[140.77482,39.73455],[140.84827,39.79325],[140.78665,39.8234],[140.78221,39.86771],[140.87935,39.87823],[140.84437,40.07336],[140.89595,40.21387],[140.95507,40.24763],[141.02237,40.22027],[141.316,40.37262],[141.351,40.33107],[141.44172,40.37606],[141.61286,40.35807],[141.57056,40.32017],[141.61096,40.24459],[141.52169,40.23446],[141.45643,40.13428],[141.58959,39.95623],[141.55154,39.90314],[141.48543,39.90031],[141.52748,39.81247],[141.40943,39.75944],[141.40866,39.69171],[141.33691,39.64217],[141.42883,39.55463],[141.49138,39.55809],[141.74642,39.41699],[141.65578,39.37361],[141.69738,39.26661],[141.56216,39.25983],[141.37336,39.18912],[141.41261,39.10857],[141.48311,39.07676],[141.46006,39.03804],[141.49191,38.91304],[141.43793,38.78224],[141.3093,38.82223],[141.21584,38.74847],[141.10452,38.82327],[141.13983,38.8775],[140.98981,38.87432],[140.77359,38.95808],[140.81025,39.05741],[140.7527,39.0862],[140.74894,39.13812],[140.8082,39.18042],[140.76485,39.19776],[140.78866,39.23843],[140.69359,39.29959],[140.7082,39.33446],[140.65312,39.391]]]}},{"type":"Feature","id":"030020","properties":{"region_code":"030020","geometry_key":"030020","name_ja":"沿岸北部","name_en":"Northern Coast","parent_code":"030000","parent_name_ja":"岩手県","display_name_ja":"岩手県 沿岸北部","office_name_ja":null,"label_lon":141.7046935538645,"label_lat":39.924584152936376,"label_point_semantics":"OFFICIAL_SOURCE_BBOX_CENTER_DISPLAY_ONLY"},"geometry":{"type":"Polygon","coordinates":[[[141.33691,39.64217],[141.40866,39.69171],[141.40943,39.75944],[141.52748,39.81247],[141.48543,39.90031],[141.55154,39.90314],[141.58959,39.95623],[141.45643,40.13428],[141.52169,40.23446],[141.61096,40.24459],[141.57064,40.31878],[141.61286,40.35807],[141.58124,40.39843],[141.68267,40.45029],[141.82505,40.25215],[141.83538,40.21725],[141.79402,40.19072],[141.87657,40.14388],[141.82861,40.11279],[141.83336,40.07451],[141.95597,39.98376],[141.93976,39.91955],[142.00416,39.7516],[141.94526,39.59564],[142.02448,39.65627],[142.02743,39.57505],[142.07248,39.54796],[142.01105,39.47666],[141.95373,39.46662],[141.97998,39.43918],[142.05067,39.48473],[142.04464,39.42606],[141.89272,39.39977],[141.74821,39.52935],[141.7038,39.49153],[141.72129,39.44657],[141.67996,39.43919],[141.49138,39.55809],[141.42883,39.55463],[141.33691,39.64217]]]}},{"type":"Feature","id":"030030","properties":{"region_code":"030030","geometry_key":"030030","name_ja":"沿岸南部","name_en":"Southern Coast","parent_code":"030000","parent_name_ja":"岩手県","display_name_ja":"岩手県 沿岸南部","office_name_ja":null,"label_lon":141.68532114165743,"label_lat":39.23130218040134,"label_point_semantics":"OFFICIAL_SOURCE_BBOX_CENTER_DISPLAY_ONLY"},"geometry":{"type":"Polygon","coordinates":[[[141.37332,39.18833],[141.56207,39.2598],[141.69738,39.26661],[141.65578,39.37361],[141.74638,39.41687],[141.70218,39.47864],[141.74382,39.5288],[141.89233,39.39994],[141.95333,39.39921],[141.95744,39.35599],[141.90288,39.32716],[141.99698,39.3507],[141.97028,39.31299],[141.89078,39.30807],[141.92964,39.27049],[141.88994,39.24768],[141.9713,39.24767],[141.86681,39.20637],[141.92226,39.17794],[141.83578,39.14619],[141.92118,39.10467],[141.81116,39.11177],[141.87588,39.06489],[141.81454,39.05833],[141.84717,39.02615],[141.73345,39.02159],[141.72277,39.06635],[141.70954,39.02426],[141.74423,38.99018],[141.7114,38.99673],[141.70391,38.93824],[141.66743,39.00592],[141.62391,38.99959],[141.62921,38.97025],[141.46636,38.98749],[141.48307,39.07691],[141.41261,39.10857],[141.37332,39.18833]]]}},{"type":"Feature","id":"040010","properties":{"region_code":"040010","geometry_key":"040010","name_ja":"東部","name_en":"Eastern Region","parent_code":"040000","parent_name_ja":"宮城県","display_name_ja":"宮城県 東部","office_name_ja":null,"label_lon":141.1479805318262,"label_lat":38.38800482031624,"label_point_semantics":"OFFICIAL_SOURCE_BBOX_CENTER_DISPLAY_ONLY"},"geometry":{"type":"MultiPolygon","coordinates":[[[[140.61862,37.91252],[140.70595,38.01828],[140.67667,38.05302],[140.70609,38.1243],[140.64289,38.1371],[140.64889,38.16585],[140.73248,38.15286],[140.73905,38.2442],[140.82316,38.24852],[140.83194,38.30836],[140.92927,38.30649],[140.85864,38.4068],[140.96116,38.47118],[140.8953,38.50478],[140.90729,38.56437],[140.87328,38.59111],[140.92064,38.63812],[140.90894,38.67254],[140.98514,38.6918],[140.96749,38.74641],[141.04574,38.7935],[141.04448,38.86086],[140.99505,38.88009],[141.13983,38.8775],[141.10452,38.82327],[141.21584,38.74847],[141.31618,38.82323],[141.41402,38.76804],[141.49186,38.91281],[141.48997,38.9976],[141.63581,38.96803],[141.67464,38.85817],[141.57501,38.90618],[141.60368,38.82781],[141.51166,38.76779],[141.56535,38.73967],[141.5617,38.69142],[141.52574,38.71718],[141.44404,38.67268],[141.44315,38.64334],[141.52969,38.63703],[141.45856,38.57849],[141.49353,38.53307],[141.53486,38.54702],[141.53732,38.49039],[141.46958,38.52121],[141.51268,38.45002],[141.44739,38.44389],[141.46971,38.39427],[141.53905,38.40086],[141.48143,38.37572],[141.53418,38.33984],[141.52493,38.2725],[141.44947,38.31525],[141.46228,38.35148],[141.41579,38.34604],[141.45887,38.37302],[141.42979,38.39967],[141.2666,38.41939],[141.15864,38.35355],[141.07704,38.37899],[141.02457,38.31992],[141.09003,38.30049],[140.99892,38.27311],[141.04689,38.26464],[140.93994,38.12736],[140.93117,37.8962],[140.85625,37.8909],[140.85475,37.79734],[140.72671,37.78157],[140.68539,37.81556],[140.69008,37.88821],[140.61862,37.91252]]],[[[141.54787,38.30281],[141.58954,38.30189],[141.586,38.27708],[141.5729,38.27033],[141.54787,38.30281]]]]}},{"type":"Feature","id":"040020","properties":{"region_code":"040020","geometry_key":"040020","name_ja":"西部","name_en":"Western Region","parent_code":"040000","parent_name_ja":"宮城県","display_name_ja":"宮城県 西部","office_name_ja":null,"label_lon":140.66140336986967,"label_lat":38.4320229998616,"label_point_semantics":"OFFICIAL_SOURCE_BBOX_CENTER_DISPLAY_ONLY"},"geometry":{"type":"Polygon","coordinates":[[[140.27489,37.98203],[140.27758,38.05671],[140.41767,38.08034],[140.48002,38.18157],[140.47118,38.26936],[140.61996,38.45484],[140.56741,38.5013],[140.57847,38.57009],[140.5374,38.63538],[140.60202,38.6406],[140.64646,38.76952],[140.54712,38.88921],[140.63916,38.88323],[140.74525,38.95637],[140.82406,38.96412],[141.04345,38.86217],[141.04574,38.7935],[140.96749,38.74641],[140.98514,38.6918],[140.90894,38.67254],[140.92064,38.63812],[140.87328,38.59111],[140.90729,38.56437],[140.8953,38.50478],[140.96116,38.47118],[140.85864,38.4068],[140.92927,38.30649],[140.83175,38.30826],[140.82316,38.24852],[140.73789,38.24317],[140.74531,38.16161],[140.63657,38.14209],[140.70609,38.1243],[140.67619,37.94892],[140.48886,37.89947],[140.47488,37.94678],[140.40745,37.97367],[140.34859,37.95016],[140.27489,37.98203]]]}},{"type":"Feature","id":"050010","properties":{"region_code":"050010","geometry_key":"050010","name_ja":"沿岸","name_en":"Coast","parent_code":"050000","parent_name_ja":"秋田県","display_name_ja":"秋田県 沿岸","office_name_ja":null,"label_lon":140.10365904083216,"label_lat":39.74122454522663,"label_point_semantics":"OFFICIAL_SOURCE_BBOX_CENTER_DISPLAY_ONLY"},"geometry":{"type":"Polygon","coordinates":[[[139.69295,39.99525],[139.81835,39.96015],[139.94907,40.07886],[139.97809,40.20237],[140.02557,40.21674],[139.98339,40.2111],[140.02615,40.34328],[139.93631,40.4282],[140.01944,40.41984],[140.06815,40.46886],[140.11162,40.43542],[140.33522,40.43938],[140.35643,40.36656],[140.27356,40.23662],[140.2994,40.20119],[140.2543,40.18181],[140.23428,39.99142],[140.29574,39.91971],[140.31093,39.79718],[140.37286,39.83603],[140.4586,39.82396],[140.51561,39.74779],[140.26588,39.65236],[140.28418,39.62515],[140.22731,39.54793],[140.32019,39.38259],[140.26217,39.37975],[140.26886,39.35596],[140.35593,39.2976],[140.34783,39.24677],[140.22054,39.22105],[140.3416,39.08821],[140.31072,39.01359],[140.15186,39.0484],[140.06273,39.09255],[140.06244,39.1335],[139.86959,39.11826],[139.91573,39.27557],[139.97433,39.30423],[140.02445,39.41549],[140.05028,39.77063],[139.92534,39.89938],[139.75529,39.85685],[139.69295,39.99525]]]}},{"type":"Feature","id":"050020","properties":{"region_code":"050020","geometry_key":"050020","name_ja":"内陸","name_en":"Inland","parent_code":"050000","parent_name_ja":"秋田県","display_name_ja":"秋田県 内陸","office_name_ja":null,"label_lon":140.60797985103932,"label_lat":39.6920649455908,"label_point_semantics":"OFFICIAL_SOURCE_BBOX_CENTER_DISPLAY_ONLY"},"geometry":{"type":"Polygon","coordinates":[[[140.22053,39.22086],[140.34783,39.24677],[140.35593,39.2976],[140.2619,39.37799],[140.32019,39.38259],[140.22757,39.54622],[140.28418,39.62515],[140.26525,39.65165],[140.51561,39.74779],[140.4586,39.82396],[140.37286,39.83603],[140.31093,39.79718],[140.29574,39.91971],[140.23428,39.99142],[140.2543,40.18181],[140.2994,40.20119],[140.27356,40.23662],[140.35643,40.36656],[140.34337,40.46166],[140.42739,40.48258],[140.54052,40.4027],[140.58973,40.43611],[140.65265,40.40335],[140.87899,40.51081],[140.86132,40.44063],[140.98439,40.4281],[140.99543,40.35337],[140.96208,40.34713],[140.94173,40.22768],[140.85919,40.17143],[140.88103,40.11373],[140.84448,40.07459],[140.84531,39.97496],[140.87814,39.8746],[140.78224,39.86785],[140.78665,39.8234],[140.84827,39.79325],[140.77482,39.73455],[140.8223,39.64995],[140.72962,39.56513],[140.7244,39.48053],[140.65312,39.391],[140.7082,39.33446],[140.69359,39.29959],[140.78866,39.23843],[140.76485,39.19776],[140.8082,39.18042],[140.74894,39.13812],[140.7527,39.0862],[140.81025,39.05741],[140.77498,38.96041],[140.63855,38.88307],[140.50012,38.89485],[140.43201,38.99181],[140.33149,39.03094],[140.34105,39.08922],[140.22053,39.22086]]]}},{"type":"Feature","id":"060010","properties":{"region_code":"060010","geometry_key":"060010","name_ja":"村山","name_en":"Murayama","parent_code":"060000","parent_name_ja":"山形県","display_name_ja":"山形県 村山","office_name_ja":null,"label_lon":140.24742717852155,"label_lat":38.387536306355486,"label_point_semantics":"OFFICIAL_SOURCE_BBOX_CENTER_DISPLAY_ONLY"},"geometry":{"type":"Polygon","coordinates":[[[139.87481,38.31677],[139.91744,38.36689],[139.93204,38.50228],[139.99324,38.53816],[140.12251,38.49371],[140.30172,38.61413],[140.31702,38.68187],[140.45793,38.72172],[140.54638,38.6747],[140.57872,38.56833],[140.55511,38.53104],[140.61996,38.45484],[140.47118,38.26936],[140.47997,38.18137],[140.40323,38.07057],[140.30271,38.05357],[140.23352,38.0825],[140.18314,38.12905],[140.21,38.14253],[140.19165,38.21333],[140.14016,38.25647],[140.01301,38.24337],[139.97755,38.17968],[139.87481,38.31677]]]}},{"type":"Feature","id":"060020","properties":{"region_code":"060020","geometry_key":"060020","name_ja":"置賜","name_en":"Okitama","parent_code":"060000","parent_name_ja":"山形県","display_name_ja":"山形県 置賜","office_name_ja":null,"label_lon":139.96181351518163,"label_lat":38.0049563874274,"label_point_semantics":"OFFICIAL_SOURCE_BBOX_CENTER_DISPLAY_ONLY"},"geometry":{"type":"Polygon","coordinates":[[[139.62481,37.91807],[139.65467,38.03517],[139.69273,38.05703],[139.69864,38.20295],[139.78637,38.19224],[139.90068,38.27609],[139.97755,38.17968],[140.07155,38.26903],[140.16993,38.23949],[140.20997,38.14276],[140.18829,38.11774],[140.28335,38.05013],[140.26212,37.83442],[140.29882,37.80792],[140.23704,37.74638],[140.11537,37.73436],[140.05143,37.77933],[139.9865,37.76041],[139.93272,37.82938],[139.74131,37.82029],[139.62481,37.91807]]]}},{"type":"Feature","id":"060030","properties":{"region_code":"060030","geometry_key":"060030","name_ja":"庄内","name_en":"Shonai","parent_code":"060000","parent_name_ja":"山形県","display_name_ja":"山形県 庄内","office_name_ja":null,"label_lon":139.83541319051642,"label_lat":38.76614069393793,"label_point_semantics":"OFFICIAL_SOURCE_BBOX_CENTER_DISPLAY_ONLY"},"geometry":{"type":"Polygon","coordinates":[[[139.53911,38.55793],[139.62447,38.68479],[139.7538,38.78599],[139.86959,39.11826],[140.06244,39.1335],[140.06273,39.09255],[140.14389,39.06134],[140.10993,38.99181],[140.14717,38.97001],[140.14009,38.91465],[140.08869,38.85802],[140.11745,38.82108],[140.02867,38.77041],[140.05624,38.72594],[140.03361,38.67409],[140.11741,38.57832],[139.93265,38.50298],[139.89643,38.33103],[139.74072,38.365],[139.70348,38.39852],[139.72176,38.49623],[139.53911,38.55793]]]}},{"type":"Feature","id":"060040","properties":{"region_code":"060040","geometry_key":"060040","name_ja":"最上","name_en":"Mogami","parent_code":"060000","parent_name_ja":"山形県","display_name_ja":"山形県 最上","office_name_ja":null,"label_lon":140.33758394923996,"label_lat":38.777395373897434,"label_point_semantics":"OFFICIAL_SOURCE_BBOX_CENTER_DISPLAY_ONLY"},"geometry":{"type":"Polygon","coordinates":[[[140.02867,38.77023],[140.11745,38.82108],[140.08874,38.85835],[140.14717,38.97001],[140.11437,39.02447],[140.18877,39.06149],[140.43201,38.99181],[140.46212,38.91943],[140.53824,38.90019],[140.6465,38.7691],[140.58994,38.63382],[140.45864,38.72168],[140.31831,38.68232],[140.23557,38.55109],[140.11832,38.4933],[140.03501,38.50549],[140.11746,38.57888],[140.03361,38.67409],[140.05624,38.72594],[140.02867,38.77023]]]}},{"type":"Feature","id":"070010","properties":{"region_code":"070010","geometry_key":"070010","name_ja":"中通り","name_en":"Nakadori","parent_code":"070000","parent_name_ja":"福島県","display_name_ja":"福島県 中通り","office_name_ja":null,"label_lon":140.4104583596157,"label_lat":37.38397988671244,"label_point_semantics":"OFFICIAL_SOURCE_BBOX_CENTER_DISPLAY_ONLY"},"geometry":{"type":"Polygon","coordinates":[[[139.95893,37.17597],[140.07136,37.20996],[140.11463,37.2617],[140.10875,37.32266],[140.19822,37.37851],[140.18125,37.42764],[140.2161,37.44956],[140.1655,37.5273],[140.28527,37.62742],[140.22928,37.71638],[140.2988,37.80781],[140.26212,37.83442],[140.27667,37.97509],[140.35023,37.95014],[140.40745,37.97367],[140.47488,37.94678],[140.48886,37.89947],[140.56638,37.92279],[140.69008,37.88821],[140.67798,37.77975],[140.73669,37.76088],[140.6449,37.69165],[140.72625,37.59369],[140.69156,37.50304],[140.83463,37.46796],[140.8598,37.38705],[140.71561,37.39772],[140.68278,37.23438],[140.60702,37.20401],[140.6649,37.09001],[140.56592,36.98573],[140.59199,36.87302],[140.46385,36.79153],[140.24099,36.94549],[140.24935,37.02566],[139.95893,37.17597]]]}},{"type":"Feature","id":"070020","properties":{"region_code":"070020","geometry_key":"070020","name_ja":"浜通り","name_en":"Hamadori","parent_code":"070000","parent_name_ja":"福島県","display_name_ja":"福島県 浜通り","office_name_ja":null,"label_lon":140.80589137438744,"label_lat":37.38024859954328,"label_point_semantics":"OFFICIAL_SOURCE_BBOX_CENTER_DISPLAY_ONLY"},"geometry":{"type":"Polygon","coordinates":[[[140.56589,36.98552],[140.66488,37.08995],[140.60115,37.17914],[140.68278,37.23438],[140.715,37.39725],[140.8598,37.38705],[140.83463,37.46796],[140.69156,37.50304],[140.72625,37.59369],[140.6449,37.69165],[140.73669,37.76088],[140.67837,37.78727],[140.85211,37.79544],[140.85625,37.8909],[140.93117,37.8962],[141.041,37.66498],[141.03861,37.31895],[140.98302,36.99552],[140.92497,36.93532],[140.81562,36.90765],[140.78687,36.85617],[140.61552,36.90327],[140.56589,36.98552]]]}},{"type":"Feature","id":"070030","properties":{"region_code":"070030","geometry_key":"070030","name_ja":"会津","name_en":"Aizu","parent_code":"070000","parent_name_ja":"福島県","display_name_ja":"福島県 会津","office_name_ja":null,"label_lon":139.72501150512693,"label_lat":37.3834306536518,"label_point_semantics":"OFFICIAL_SOURCE_BBOX_CENTER_DISPLAY_ONLY"},"geometry":{"type":"Polygon","coordinates":[[[139.16475,37.23751],[139.23362,37.34361],[139.19725,37.41077],[139.22331,37.44904],[139.39751,37.45984],[139.42942,37.51471],[139.58511,37.5129],[139.54929,37.64904],[139.74151,37.81771],[139.68171,37.8473],[139.81003,37.80324],[139.93703,37.8283],[139.9865,37.76041],[140.05143,37.77933],[140.11537,37.73436],[140.23725,37.74647],[140.23075,37.67915],[140.28256,37.65463],[140.23285,37.55979],[140.16554,37.5274],[140.2161,37.44956],[140.18125,37.42764],[140.19822,37.37851],[140.10875,37.32266],[140.11463,37.2617],[140.07136,37.20996],[139.98214,37.20194],[139.96126,37.1533],[139.83177,37.13364],[139.82209,37.08514],[139.67327,37.05775],[139.39329,36.9108],[139.23058,36.93694],[139.25385,37.16497],[139.16475,37.23751]]]}},{"type":"Feature","id":"080010","properties":{"region_code":"080010","geometry_key":"080010","name_ja":"北部","name_en":"Northern Region","parent_code":"080000","parent_name_ja":"茨城県","display_name_ja":"茨城県 北部","office_name_ja":null,"label_lon":140.48403745716297,"label_lat":36.53772376608899,"label_point_semantics":"OFFICIAL_SOURCE_BBOX_CENTER_DISPLAY_ONLY"},"geometry":{"type":"Polygon","coordinates":[[[140.16233,36.34174],[140.26019,36.51748],[140.22042,36.68715],[140.29226,36.71256],[140.25492,36.75986],[140.25347,36.92969],[140.303,36.92688],[140.46419,36.7914],[140.59199,36.87302],[140.58611,36.94528],[140.61552,36.90327],[140.79843,36.8594],[140.61214,36.48659],[140.62736,36.37713],[140.55956,36.25578],[140.49623,36.27597],[140.49633,36.24597],[140.42069,36.23186],[140.4341,36.15446],[140.34581,36.13068],[140.3071,36.16528],[140.34409,36.18886],[140.27212,36.22768],[140.31567,36.26481],[140.16233,36.34174]]]}},{"type":"Feature","id":"080020","properties":{"region_code":"080020","geometry_key":"080020","name_ja":"南部","name_en":"Southern Region","parent_code":"080000","parent_name_ja":"茨城県","display_name_ja":"茨城県 南部","office_name_ja":null,"label_lon":140.26983577884818,"label_lat":36.077028031868224,"label_point_semantics":"OFFICIAL_SOURCE_BBOX_CENTER_DISPLAY_ONLY"},"geometry":{"type":"Polygon","coordinates":[[[139.6877,36.19769],[139.82195,36.23986],[139.84803,36.31075],[139.91035,36.30092],[139.97333,36.37844],[140.13183,36.41492],[140.18665,36.39636],[140.18054,36.32107],[140.31567,36.26481],[140.27212,36.22768],[140.34409,36.18886],[140.3071,36.16528],[140.34581,36.13068],[140.43263,36.15284],[140.42069,36.23186],[140.52241,36.27823],[140.70095,35.96244],[140.65237,35.92662],[140.69103,35.88292],[140.71263,35.95466],[140.85171,35.74369],[140.51124,35.95874],[140.5028,35.90552],[140.45844,35.92654],[140.14942,35.84388],[139.93797,35.94101],[139.78678,36.1041],[139.73044,36.08713],[139.6877,36.19769]]]}},{"type":"Feature","id":"090010","properties":{"region_code":"090010","geometry_key":"090010","name_ja":"南部","name_en":"Southern Region","parent_code":"090000","parent_name_ja":"栃木県","display_name_ja":"栃木県 南部","office_name_ja":null,"label_lon":139.8266186640202,"label_lat":36.52126156766727,"label_point_semantics":"OFFICIAL_SOURCE_BBOX_CENTER_DISPLAY_ONLY"},"geometry":{"type":"Polygon","coordinates":[[[139.36098,36.38368],[139.43647,36.46598],[139.41903,36.50228],[139.52282,36.70794],[139.56973,36.70995],[139.63687,36.63643],[139.64884,36.66759],[139.70783,36.66274],[139.74397,36.61648],[139.79243,36.64122],[139.78768,36.70698],[139.96422,36.72911],[139.98552,36.80168],[140.03799,36.76802],[140.13191,36.78374],[140.21707,36.84284],[140.28744,36.72631],[140.22042,36.68715],[140.26019,36.51748],[140.19262,36.4047],[139.97354,36.37854],[139.91075,36.3012],[139.84898,36.31148],[139.82195,36.23986],[139.72749,36.20158],[139.66443,36.20706],[139.63249,36.27117],[139.46388,36.27152],[139.36098,36.38368]]]}},{"type":"Feature","id":"090020","properties":{"region_code":"090020","geometry_key":"090020","name_ja":"北部","name_en":"Northern Region","parent_code":"090000","parent_name_ja":"栃木県","display_name_ja":"栃木県 北部","office_name_ja":null,"label_lon":139.7969837358608,"label_lat":36.878017333083505,"label_point_semantics":"OFFICIAL_SOURCE_BBOX_CENTER_DISPLAY_ONLY"},"geometry":{"type":"Polygon","coordinates":[[[139.32657,36.6507],[139.37247,36.74627],[139.35306,36.77361],[139.4067,36.82694],[139.34853,36.85274],[139.40025,36.92122],[139.67327,37.05775],[139.82209,37.08514],[139.83177,37.13364],[139.95389,37.15506],[140.09756,37.12435],[140.20308,37.02396],[140.24981,37.02493],[140.26335,36.78587],[140.21707,36.84284],[140.13191,36.78374],[140.03799,36.76802],[139.98582,36.8018],[139.96422,36.72911],[139.78768,36.70698],[139.79243,36.64122],[139.74397,36.61648],[139.70783,36.66274],[139.60382,36.64974],[139.56045,36.71445],[139.46407,36.60578],[139.35229,36.61509],[139.32657,36.6507]]]}},{"type":"Feature","id":"100010","properties":{"region_code":"100010","geometry_key":"100010","name_ja":"南部","name_en":"Southern Region","parent_code":"100000","parent_name_ja":"群馬県","display_name_ja":"群馬県 南部","office_name_ja":null,"label_lon":139.12361240628758,"label_lat":36.3094245541499,"label_point_semantics":"OFFICIAL_SOURCE_BBOX_CENTER_DISPLAY_ONLY"},"geometry":{"type":"Polygon","coordinates":[[[138.57727,36.16807],[138.63607,36.17126],[138.60034,36.2784],[138.65353,36.30311],[138.64251,36.43781],[138.68726,36.47356],[138.88049,36.48271],[138.95259,36.54635],[138.90046,36.55561],[138.90249,36.58664],[139.18819,36.5583],[139.32572,36.63352],[139.48353,36.58202],[139.43905,36.55069],[139.43647,36.46598],[139.368,36.36795],[139.46272,36.2721],[139.63249,36.27117],[139.66994,36.21372],[139.46365,36.18934],[139.35929,36.25323],[139.12966,36.2834],[139.04186,36.12794],[138.95845,36.12409],[138.71255,35.98533],[138.63197,36.02705],[138.64538,36.1202],[138.57727,36.16807]]]}},{"type":"Feature","id":"100020","properties":{"region_code":"100020","geometry_key":"100020","name_ja":"北部","name_en":"Northern Region","parent_code":"100000","parent_name_ja":"群馬県","display_name_ja":"群馬県 北部","office_name_ja":null,"label_lon":138.90186771737132,"label_lat":36.72977991870832,"label_point_semantics":"OFFICIAL_SOURCE_BBOX_CENTER_DISPLAY_ONLY"},"geometry":{"type":"Polygon","coordinates":[[[138.39703,36.48953],[138.42867,36.59773],[138.52944,36.65529],[138.51434,36.69079],[138.81777,36.76159],[138.82174,36.81763],[138.92902,36.83261],[138.92315,36.8836],[138.97917,36.89118],[138.96655,36.97908],[139.04739,36.98729],[139.09702,37.05863],[139.24067,36.92941],[139.39551,36.90707],[139.34853,36.85274],[139.4067,36.82694],[139.35306,36.77361],[139.36693,36.72459],[139.28861,36.58968],[139.18761,36.55826],[138.90249,36.58664],[138.90046,36.55561],[138.95259,36.54635],[138.8806,36.48277],[138.68818,36.47393],[138.64442,36.41144],[138.45965,36.40475],[138.40123,36.43421],[138.39703,36.48953]]]}},{"type":"Feature","id":"110010","properties":{"region_code":"110010","geometry_key":"110010","name_ja":"南部","name_en":"Southern Region","parent_code":"110000","parent_name_ja":"埼玉県","display_name_ja":"埼玉県 南部","office_name_ja":null,"label_lon":139.50031030577605,"label_lat":35.93126038740701,"label_point_semantics":"OFFICIAL_SOURCE_BBOX_CENTER_DISPLAY_ONLY"},"geometry":{"type":"Polygon","coordinates":[[[139.10028,35.86719],[139.10275,35.92739],[139.17861,35.96973],[139.2804,35.99366],[139.33871,35.96207],[139.49964,36.01355],[139.52529,36.05761],[139.68403,36.04201],[139.72278,36.10914],[139.81537,36.03683],[139.90034,35.86417],[139.89378,35.78275],[139.76716,35.81765],[139.73805,35.78022],[139.65336,35.80023],[139.54716,35.75338],[139.51637,35.76557],[139.54223,35.80723],[139.39215,35.76329],[139.30117,35.83496],[139.10028,35.86719]]]}},{"type":"Feature","id":"110020","properties":{"region_code":"110020","geometry_key":"110020","name_ja":"北部","name_en":"Northern Region","parent_code":"110000","parent_name_ja":"埼玉県","display_name_ja":"埼玉県 北部","office_name_ja":null,"label_lon":139.3516133657143,"label_lat":36.11992767017588,"label_point_semantics":"OFFICIAL_SOURCE_BBOX_CENTER_DISPLAY_ONLY"},"geometry":{"type":"Polygon","coordinates":[[[138.97617,36.11399],[139.0424,36.12846],[139.12991,36.28341],[139.35929,36.25323],[139.46365,36.18934],[139.65997,36.2149],[139.72706,36.10754],[139.68403,36.04201],[139.52529,36.05761],[139.49964,36.01355],[139.21293,35.95644],[139.1533,36.0233],[139.1584,36.13945],[138.97617,36.11399]]]}},{"type":"Feature","id":"110030","properties":{"region_code":"110030","geometry_key":"110030","name_ja":"秩父地方","name_en":"Chichibu Region","parent_code":"110000","parent_name_ja":"埼玉県","display_name_ja":"埼玉県 秩父地方","office_name_ja":null,"label_lon":138.945004286119,"label_lat":35.994083378345294,"label_point_semantics":"OFFICIAL_SOURCE_BBOX_CENTER_DISPLAY_ONLY"},"geometry":{"type":"Polygon","coordinates":[[[138.71136,35.97187],[138.75441,36.03453],[138.82839,36.0373],[138.95865,36.12416],[138.99276,36.09472],[139.16062,36.13497],[139.13716,36.09552],[139.1778,35.96327],[139.10275,35.92739],[139.10028,35.86719],[139.01338,35.89826],[138.89222,35.83978],[138.73294,35.90473],[138.71136,35.97187]]]}},{"type":"Feature","id":"120010","properties":{"region_code":"120010","geometry_key":"120010","name_ja":"北西部","name_en":"North-western Region","parent_code":"120000","parent_name_ja":"千葉県","display_name_ja":"千葉県 北西部","office_name_ja":null,"label_lon":140.12422341807633,"label_lat":35.667652513103036,"label_point_semantics":"OFFICIAL_SOURCE_BBOX_CENTER_DISPLAY_ONLY"},"geometry":{"type":"Polygon","coordinates":[[[139.77596,36.09225],[139.93797,35.94101],[140.15073,35.84338],[140.37589,35.90237],[140.39436,35.85279],[140.47247,35.85101],[140.43626,35.78082],[140.38924,35.76855],[140.39353,35.72779],[140.36805,35.73941],[140.39981,35.68045],[140.32023,35.64956],[140.30585,35.59424],[140.33867,35.58632],[140.28709,35.57291],[140.30087,35.52034],[140.17398,35.46886],[140.23104,35.30411],[140.14124,35.23121],[140.10128,35.31802],[140.12961,35.3471],[140.00975,35.4862],[140.06635,35.55339],[140.11372,35.54813],[140.09103,35.56448],[140.12689,35.56767],[140.11826,35.59561],[139.98746,35.65447],[139.98451,35.6909],[139.87258,35.62553],[139.91891,35.69827],[139.87939,35.76801],[139.90034,35.86417],[139.77596,36.09225]]]}},{"type":"Feature","id":"120020","properties":{"region_code":"120020","geometry_key":"120020","name_ja":"北東部","name_en":"North-eastern Region","parent_code":"120000","parent_name_ja":"千葉県","display_name_ja":"千葉県 北東部","office_name_ja":null,"label_lon":140.5261070099806,"label_lat":35.63602939973708,"label_point_semantics":"OFFICIAL_SOURCE_BBOX_CENTER_DISPLAY_ONLY"},"geometry":{"type":"Polygon","coordinates":[[[140.17058,35.45667],[140.30087,35.52034],[140.28709,35.57291],[140.33867,35.58632],[140.30585,35.59424],[140.32023,35.64956],[140.40527,35.68885],[140.36805,35.73941],[140.39353,35.72779],[140.38924,35.76855],[140.46798,35.82063],[140.45239,35.87037],[140.39436,35.85279],[140.37589,35.90237],[140.5028,35.90552],[140.51124,35.95874],[140.74437,35.78324],[140.88163,35.73088],[140.86534,35.69225],[140.66315,35.69121],[140.52591,35.60261],[140.41307,35.46602],[140.39692,35.33005],[140.22525,35.31673],[140.17058,35.45667]]]}},{"type":"Feature","id":"120030","properties":{"region_code":"120030","geometry_key":"120030","name_ja":"南部","name_en":"Southern Region","parent_code":"120000","parent_name_ja":"千葉県","display_name_ja":"千葉県 南部","office_name_ja":null,"label_lon":140.07722561641913,"label_lat":35.19026334677608,"label_point_semantics":"OFFICIAL_SOURCE_BBOX_CENTER_DISPLAY_ONLY"},"geometry":{"type":"Polygon","coordinates":[[[139.75289,34.96681],[139.85833,34.99989],[139.81037,35.03753],[139.84248,35.08628],[139.81566,35.17236],[139.86876,35.24254],[139.78391,35.31284],[139.85916,35.34805],[139.8459,35.37547],[139.8979,35.35837],[139.89719,35.42394],[139.96571,35.46853],[139.99087,35.45226],[140.00254,35.48255],[140.03262,35.42357],[140.08771,35.42746],[140.14013,35.2313],[140.23357,35.32333],[140.35184,35.34599],[140.41047,35.31989],[140.3772,35.18106],[140.31132,35.13446],[140.11958,35.11487],[139.98445,35.01476],[139.92803,34.90918],[139.83693,34.90296],[139.75289,34.96681]]]}},{"type":"Feature","id":"130010","properties":{"region_code":"130010","geometry_key":"130010","name_ja":"東京地方","name_en":"Tokyo Region","parent_code":"130000","parent_name_ja":"東京都","display_name_ja":"東京都 東京地方","office_name_ja":null,"label_lon":139.43088797634908,"label_lat":35.69983811238902,"label_point_semantics":"OFFICIAL_SOURCE_BBOX_CENTER_DISPLAY_ONLY"},"geometry":{"type":"Polygon","coordinates":[[[138.94287,35.86016],[139.02384,35.89735],[139.30117,35.83496],[139.39215,35.76329],[139.54223,35.80723],[139.51637,35.76557],[139.54716,35.75338],[139.82106,35.81508],[139.89378,35.78275],[139.91891,35.69827],[139.87146,35.63864],[139.79862,35.62176],[139.76134,35.65236],[139.74978,35.56663],[139.78647,35.56999],[139.7949,35.53213],[139.70223,35.53703],[139.66449,35.58952],[139.53089,35.64196],[139.49774,35.60489],[139.46236,35.62501],[139.50759,35.57514],[139.47324,35.57667],[139.469,35.50194],[139.3998,35.58443],[139.25222,35.60167],[139.0268,35.71817],[138.94287,35.86016]]]}},{"type":"Feature","id":"130020","properties":{"region_code":"130020","geometry_key":"130020","name_ja":"伊豆諸島北部","name_en":"Northern Izu Islands","parent_code":"130000","parent_name_ja":"東京都","display_name_ja":"東京都 伊豆諸島北部","office_name_ja":null,"label_lon":139.13265080464095,"label_lat":34.37087434727337,"label_point_semantics":"OFFICIAL_SOURCE_BBOX_CENTER_DISPLAY_ONLY"},"geometry":{"type":"MultiPolygon","coordinates":[[[[139.3486,34.75177],[139.3605,34.79908],[139.42332,34.78106],[139.44281,34.68121],[139.35829,34.70102],[139.3486,34.75177]]],[[[139.23989,34.37065],[139.28768,34.42782],[139.27187,34.3309],[139.23989,34.37065]]],[[[139.11925,34.19066],[139.13769,34.24207],[139.17005,34.23152],[139.17524,34.20435],[139.11925,34.19066]]]]}},{"type":"Feature","id":"130030","properties":{"region_code":"130030","geometry_key":"130030","name_ja":"伊豆諸島南部","name_en":"Southern Izu Islands","parent_code":"130000","parent_name_ja":"東京都","display_name_ja":"東京都 伊豆諸島南部","office_name_ja":null,"label_lon":139.82030020763852,"label_lat":31.959700320163677,"label_point_semantics":"OFFICIAL_SOURCE_BBOX_CENTER_DISPLAY_ONLY"},"geometry":{"type":"MultiPolygon","coordinates":[[[[139.73826,33.1387],[139.77423,33.15789],[139.8586,33.07936],[139.83255,33.04525],[139.7962,33.06234],[139.73826,33.1387]]],[[[139.47287,34.07658],[139.532,34.12556],[139.56942,34.08085],[139.50177,34.04523],[139.47287,34.07658]]],[[[139.57657,33.86655],[139.60027,33.90104],[139.63205,33.87022],[139.57657,33.86655]]]]}},{"type":"Feature","id":"130040","properties":{"region_code":"130040","geometry_key":"130040","name_ja":"小笠原諸島","name_en":"Ogasawara Islands","parent_code":"130000","parent_name_ja":"東京都","display_name_ja":"東京都 小笠原諸島","office_name_ja":null,"label_lon":145.02818216592425,"label_lat":24.08382305848741,"label_point_semantics":"OFFICIAL_SOURCE_BBOX_CENTER_DISPLAY_ONLY"},"geometry":{"type":"MultiPolygon","coordinates":[[[[142.18161,27.1002],[142.219,27.10084],[142.22941,27.03596],[142.18585,27.04023],[142.20836,27.0838],[142.18161,27.1002]]],[[[141.28517,24.75089],[141.28598,24.78881],[141.33582,24.80617],[141.34305,24.77481],[141.28517,24.75089]]],[[[142.12258,26.71087],[142.18916,26.6593],[142.17848,26.60757],[142.12258,26.71087]]]]}},{"type":"Feature","id":"140010","properties":{"region_code":"140010","geometry_key":"140010","name_ja":"東部","name_en":"Eastern Region","parent_code":"140000","parent_name_ja":"神奈川県","display_name_ja":"神奈川県 東部","office_name_ja":null,"label_lon":139.53438571343003,"label_lat":35.38557960836229,"label_point_semantics":"OFFICIAL_SOURCE_BBOX_CENTER_DISPLAY_ONLY"},"geometry":{"type":"Polygon","coordinates":[[[139.23293,35.31982],[139.30276,35.38821],[139.37347,35.3945],[139.37397,35.49182],[139.48494,35.50397],[139.46967,35.5695],[139.50759,35.57514],[139.46248,35.62506],[139.56097,35.633],[139.79961,35.51321],[139.75173,35.53328],[139.63294,35.4645],[139.69061,35.43922],[139.66911,35.40259],[139.62935,35.41318],[139.65695,35.34193],[139.62199,35.33147],[139.66188,35.32821],[139.6311,35.29995],[139.74701,35.25349],[139.65688,35.18563],[139.67786,35.1393],[139.60486,35.14467],[139.62745,35.21572],[139.54458,35.30818],[139.23405,35.28652],[139.23293,35.31982]]]}},{"type":"Feature","id":"140020","properties":{"region_code":"140020","geometry_key":"140020","name_ja":"西部","name_en":"Western Region","parent_code":"140000","parent_name_ja":"神奈川県","display_name_ja":"神奈川県 西部","office_name_ja":null,"label_lon":139.18713388447122,"label_lat":35.404937959669155,"label_point_semantics":"OFFICIAL_SOURCE_BBOX_CENTER_DISPLAY_ONLY"},"geometry":{"type":"Polygon","coordinates":[[[138.91577,35.40432],[138.93737,35.44887],[139.11013,35.53229],[139.13331,35.67287],[139.25222,35.60167],[139.3998,35.58443],[139.4585,35.52725],[139.37397,35.49182],[139.37347,35.3945],[139.27488,35.3727],[139.23762,35.28888],[139.14662,35.23964],[139.16024,35.14032],[139.02862,35.15051],[138.9744,35.24814],[139.01898,35.32906],[139.0018,35.39894],[138.91577,35.40432]]]}},{"type":"Feature","id":"150010","properties":{"region_code":"150010","geometry_key":"150010","name_ja":"下越","name_en":"Kaetsu","parent_code":"150000","parent_name_ja":"新潟県","display_name_ja":"新潟県 下越","office_name_ja":null,"label_lon":139.3420753175219,"label_lat":38.000296653218015,"label_point_semantics":"OFFICIAL_SOURCE_BBOX_CENTER_DISPLAY_ONLY"},"geometry":{"type":"MultiPolygon","coordinates":[[[[138.78425,37.71486],[138.87641,37.84396],[139.23134,38.01986],[139.24348,37.97067],[139.23624,38.01285],[139.36757,38.09958],[139.43001,38.18129],[139.4558,38.39367],[139.54781,38.55295],[139.72176,38.49623],[139.70981,38.38677],[139.89889,38.29315],[139.85795,38.22967],[139.78637,38.19224],[139.69919,38.20317],[139.68227,38.17179],[139.69273,38.05703],[139.65467,38.03517],[139.62483,37.91793],[139.74153,37.81777],[139.54932,37.64909],[139.59109,37.52554],[139.56735,37.50251],[139.42942,37.51471],[139.39751,37.45984],[139.2583,37.44703],[139.28794,37.50684],[139.21893,37.60204],[139.10448,37.65675],[139.09503,37.7369],[138.83109,37.59367],[138.78425,37.71486]]],[[[139.21385,38.43838],[139.26429,38.48888],[139.2453,38.45052],[139.21385,38.43838]]]]}},{"type":"Feature","id":"150020","properties":{"region_code":"150020","geometry_key":"150020","name_ja":"中越","name_en":"Chuetsu","parent_code":"150000","parent_name_ja":"新潟県","display_name_ja":"新潟県 中越","office_name_ja":null,"label_lon":138.858235220629,"label_lat":37.23677572097279,"label_point_semantics":"OFFICIAL_SOURCE_BBOX_CENTER_DISPLAY_ONLY"},"geometry":{"type":"Polygon","coordinates":[[[138.4181,37.30659],[138.56401,37.38869],[138.74703,37.60402],[138.78541,37.70728],[138.83109,37.59367],[139.09503,37.7369],[139.10448,37.65675],[139.21893,37.60204],[139.29797,37.48815],[139.1974,37.41109],[139.23362,37.34361],[139.16476,37.23943],[139.25385,37.16497],[139.2499,36.95581],[139.18289,36.96161],[139.09702,37.05863],[139.04739,36.98729],[138.96655,36.97908],[138.97953,36.89178],[138.92315,36.8836],[138.92907,36.83264],[138.82174,36.81763],[138.78942,36.74487],[138.72703,36.76417],[138.69737,36.73764],[138.66899,36.77882],[138.6932,36.85482],[138.58876,36.91397],[138.58666,36.98825],[138.52467,37.03038],[138.52739,37.13673],[138.56889,37.17899],[138.50492,37.22869],[138.5423,37.26143],[138.4181,37.30659]]]}},{"type":"Feature","id":"150030","properties":{"region_code":"150030","geometry_key":"150030","name_ja":"上越","name_en":"Joetsu","parent_code":"150000","parent_name_ja":"新潟県","display_name_ja":"新潟県 上越","office_name_ja":null,"label_lon":138.10194422114893,"label_lat":37.03637070674279,"label_point_semantics":"OFFICIAL_SOURCE_BBOX_CENTER_DISPLAY_ONLY"},"geometry":{"type":"Polygon","coordinates":[[[137.63498,36.9798],[137.91219,37.06078],[138.09613,37.17286],[138.23146,37.17406],[138.4181,37.30659],[138.53846,37.26612],[138.5049,37.22597],[138.56889,37.17899],[138.52533,37.12902],[138.53904,37.04295],[138.39468,36.99718],[138.2965,36.91104],[138.2749,36.84085],[138.21379,36.87115],[138.05222,36.79996],[138.00346,36.82641],[138.01374,36.90402],[137.86835,36.91593],[137.87646,36.86621],[137.76244,36.76616],[137.7113,36.94409],[137.63498,36.9798]]]}},{"type":"Feature","id":"150040","properties":{"region_code":"150040","geometry_key":"150040","name_ja":"佐渡","name_en":"Sado","parent_code":"150000","parent_name_ja":"新潟県","display_name_ja":"新潟県 佐渡","office_name_ja":null,"label_lon":138.3884750194067,"label_lat":38.07233855892741,"label_point_semantics":"OFFICIAL_SOURCE_BBOX_CENTER_DISPLAY_ONLY"},"geometry":{"type":"Polygon","coordinates":[[[138.20374,37.82282],[138.26921,37.84784],[138.28463,37.91946],[138.34365,37.96512],[138.29804,38.00717],[138.25488,37.96469],[138.22718,37.97972],[138.23959,38.08696],[138.32441,38.19863],[138.43727,38.26204],[138.4582,38.32183],[138.51492,38.33209],[138.43435,38.0938],[138.48018,38.06233],[138.5726,38.07865],[138.50009,37.9203],[138.34444,37.82499],[138.20374,37.82282]]]}},{"type":"Feature","id":"160010","properties":{"region_code":"160010","geometry_key":"160010","name_ja":"東部","name_en":"Eastern Region","parent_code":"160000","parent_name_ja":"富山県","display_name_ja":"富山県 東部","office_name_ja":null,"label_lon":137.39578200943225,"label_lat":36.676184152726506,"label_point_semantics":"OFFICIAL_SOURCE_BBOX_CENTER_DISPLAY_ONLY"},"geometry":{"type":"Polygon","coordinates":[[[137.02818,36.50537],[137.05472,36.64994],[137.18032,36.75821],[137.32057,36.75841],[137.3902,36.8045],[137.42616,36.92525],[137.632,36.97983],[137.7113,36.94409],[137.76339,36.76823],[137.75306,36.59352],[137.68774,36.56207],[137.70544,36.51782],[137.59241,36.38967],[137.40972,36.42468],[137.38994,36.45992],[137.31345,36.42503],[137.31701,36.4608],[137.27903,36.46506],[137.20563,36.4276],[137.1597,36.45644],[137.0505,36.36977],[137.0643,36.45237],[137.02818,36.50537]]]}},{"type":"Feature","id":"160020","properties":{"region_code":"160020","geometry_key":"160020","name_ja":"西部","name_en":"Western Region","parent_code":"160000","parent_name_ja":"富山県","display_name_ja":"富山県 西部","office_name_ja":null,"label_lon":136.97424291807624,"label_lat":36.620830414492104,"label_point_semantics":"OFFICIAL_SOURCE_BBOX_CENTER_DISPLAY_ONLY"},"geometry":{"type":"Polygon","coordinates":[[[136.76836,36.42351],[136.81722,36.55214],[136.78315,36.61683],[136.82257,36.681],[136.78922,36.71903],[136.84916,36.75923],[136.87898,36.90627],[136.93095,36.9506],[137.04511,36.96391],[136.99153,36.85325],[137.1143,36.78204],[137.09261,36.76974],[137.18013,36.75796],[137.05166,36.64605],[137.05228,36.32951],[136.96789,36.27524],[136.9549,36.33935],[136.87122,36.36755],[136.79229,36.29921],[136.80819,36.35869],[136.76836,36.42351]]]}},{"type":"Feature","id":"170010","properties":{"region_code":"170010","geometry_key":"170010","name_ja":"加賀","name_en":"Kaga","parent_code":"170000","parent_name_ja":"石川県","display_name_ja":"石川県 加賀","office_name_ja":null,"label_lon":136.546914098407,"label_lat":36.429683806062855,"label_point_semantics":"OFFICIAL_SOURCE_BBOX_CENTER_DISPLAY_ONLY"},"geometry":{"type":"Polygon","coordinates":[[[136.2429,36.29687],[136.42591,36.42925],[136.72428,36.78986],[136.83435,36.77908],[136.83947,36.74536],[136.78922,36.71903],[136.82257,36.681],[136.78315,36.61683],[136.81722,36.55214],[136.76836,36.42351],[136.80819,36.35869],[136.79113,36.30056],[136.85182,36.2471],[136.76645,36.16256],[136.75376,36.08586],[136.66229,36.06763],[136.5598,36.15316],[136.35804,36.1651],[136.2429,36.29687]]]}},{"type":"Feature","id":"170020","properties":{"region_code":"170020","geometry_key":"170020","name_ja":"能登","name_en":"Noto","parent_code":"170000","parent_name_ja":"石川県","display_name_ja":"石川県 能登","office_name_ja":null,"label_lon":137.016893061066,"label_lat":37.306796414772776,"label_point_semantics":"OFFICIAL_SOURCE_BBOX_CENTER_DISPLAY_ONLY"},"geometry":{"type":"MultiPolygon","coordinates":[[[[136.66944,37.14988],[136.75647,37.36492],[137.26351,37.53121],[137.34608,37.51536],[137.35665,37.44647],[137.25007,37.42307],[137.26769,37.3367],[137.23404,37.2947],[137.15114,37.30667],[137.01085,37.18322],[136.94603,37.21632],[136.96214,37.23648],[136.90634,37.2182],[136.93014,37.20623],[136.85923,37.07615],[136.91549,37.09179],[136.98576,37.04796],[137.05765,37.10887],[137.05662,36.96775],[136.88759,36.91692],[136.84512,36.75568],[136.72428,36.78986],[136.77021,36.99577],[136.71909,37.05894],[136.72737,37.13526],[136.66944,37.14988]]],[[[136.90154,37.14776],[137.05427,37.14874],[136.94575,37.09101],[136.90154,37.14776]]]]}},{"type":"Feature","id":"180010","properties":{"region_code":"180010","geometry_key":"180010","name_ja":"嶺北","name_en":"Reihoku","parent_code":"180000","parent_name_ja":"福井県","display_name_ja":"福井県 嶺北","office_name_ja":null,"label_lon":136.39473414386566,"label_lat":35.977735071866135,"label_point_semantics":"OFFICIAL_SOURCE_BBOX_CENTER_DISPLAY_ONLY"},"geometry":{"type":"Polygon","coordinates":[[[135.95769,35.98177],[136.12883,36.1916],[136.12225,36.24914],[136.24386,36.2953],[136.35804,36.1651],[136.5598,36.15316],[136.66229,36.06763],[136.75517,36.08585],[136.72675,35.99594],[136.83236,35.85744],[136.78745,35.79854],[136.52281,35.78817],[136.50593,35.75029],[136.37666,35.79518],[136.32795,35.7751],[136.28074,35.65863],[136.14712,35.69927],[135.95769,35.98177]]]}},{"type":"Feature","id":"180020","properties":{"region_code":"180020","geometry_key":"180020","name_ja":"嶺南","name_en":"Reinan","parent_code":"180000","parent_name_ja":"福井県","display_name_ja":"福井県 嶺南","office_name_ja":null,"label_lon":135.8134280934318,"label_lat":35.554801567288564,"label_point_semantics":"OFFICIAL_SOURCE_BBOX_CENTER_DISPLAY_ONLY"},"geometry":{"type":"Polygon","coordinates":[[[135.44934,35.52373],[135.51612,35.55139],[135.50872,35.50301],[135.56368,35.49023],[135.66088,35.54774],[135.62689,35.48869],[135.58101,35.49005],[135.71881,35.48421],[135.76504,35.534],[135.71794,35.51975],[135.68862,35.54624],[135.71464,35.56987],[135.83373,35.5359],[135.80136,35.57132],[135.83978,35.56319],[135.85563,35.60033],[135.81469,35.64228],[135.86779,35.60812],[135.97876,35.62794],[135.95417,35.72175],[136.0184,35.7642],[136.05601,35.65667],[136.11412,35.7641],[136.17752,35.59536],[136.00434,35.49097],[135.93965,35.52054],[135.89057,35.40318],[135.81366,35.4133],[135.76879,35.35601],[135.70099,35.34369],[135.52759,35.38011],[135.44934,35.52373]]]}},{"type":"Feature","id":"190010","properties":{"region_code":"190010","geometry_key":"190010","name_ja":"中・西部","name_en":"Central Western Region","parent_code":"190000","parent_name_ja":"山梨県","display_name_ja":"山梨県 中・西部","office_name_ja":null,"label_lon":138.52512066813438,"label_lat":35.57004642720091,"label_point_semantics":"OFFICIAL_SOURCE_BBOX_CENTER_DISPLAY_ONLY"},"geometry":{"type":"Polygon","coordinates":[[[138.18009,35.71423],[138.2369,35.75799],[138.18517,35.79108],[138.23277,35.87638],[138.28364,35.85932],[138.37046,35.97138],[138.45056,35.94541],[138.45492,35.89973],[138.59102,35.91977],[138.61087,35.87361],[138.67618,35.8698],[138.72901,35.90922],[138.86433,35.85547],[138.86797,35.78291],[138.81631,35.77561],[138.85996,35.7303],[138.85088,35.64966],[138.76699,35.60534],[138.79163,35.56077],[138.5951,35.49695],[138.53174,35.40926],[138.53319,35.20086],[138.49149,35.16838],[138.3987,35.20027],[138.35849,35.31757],[138.2547,35.31997],[138.23202,35.37122],[138.26899,35.51433],[138.18009,35.71423]]]}},{"type":"Feature","id":"190020","properties":{"region_code":"190020","geometry_key":"190020","name_ja":"東部・富士五湖","name_en":"Eastern Region and Fuji Five Lakes","parent_code":"190000","parent_name_ja":"山梨県","display_name_ja":"山梨県 東部・富士五湖","office_name_ja":null,"label_lon":138.85812920899588,"label_lat":35.60846305392684,"label_point_semantics":"OFFICIAL_SOURCE_BBOX_CENTER_DISPLAY_ONLY"},"geometry":{"type":"Polygon","coordinates":[[[138.58184,35.47868],[138.79163,35.56077],[138.76699,35.60534],[138.85088,35.64966],[138.85996,35.7303],[138.81631,35.77561],[138.86797,35.78291],[138.86266,35.85876],[138.94575,35.85409],[139.02485,35.7197],[139.13134,35.67199],[139.11013,35.53229],[138.93737,35.44887],[138.87426,35.37917],[138.68054,35.35768],[138.6636,35.39823],[138.60914,35.39318],[138.58184,35.47868]]]}},{"type":"Feature","id":"200010","properties":{"region_code":"200010","geometry_key":"200010","name_ja":"北部","name_en":"Northern Region","parent_code":"200000","parent_name_ja":"長野県","display_name_ja":"長野県 北部","office_name_ja":null,"label_lon":138.14112301521504,"label_lat":36.68364380516752,"label_point_semantics":"OFFICIAL_SOURCE_BBOX_CENTER_DISPLAY_ONLY"},"geometry":{"type":"Polygon","coordinates":[[[137.5861,36.37668],[137.70544,36.51782],[137.68774,36.56207],[137.75104,36.5885],[137.752,36.75243],[137.87646,36.86621],[137.86647,36.9153],[138.01374,36.90402],[138.00346,36.82641],[138.05415,36.80008],[138.21379,36.87115],[138.28761,36.84571],[138.29633,36.91082],[138.39468,36.99718],[138.52467,37.03038],[138.58666,36.98825],[138.58876,36.91397],[138.6932,36.85482],[138.66899,36.77882],[138.69593,36.73851],[138.51434,36.69079],[138.52944,36.65529],[138.4586,36.63438],[138.41809,36.54334],[138.20022,36.51167],[138.24869,36.43331],[138.16783,36.41533],[138.07457,36.49075],[137.97712,36.4607],[137.94642,36.4894],[137.90533,36.43936],[137.90978,36.36715],[137.72945,36.42535],[137.67959,36.33721],[137.5861,36.37668]]]}},{"type":"Feature","id":"200020","properties":{"region_code":"200020","geometry_key":"200020","name_ja":"中部","name_en":"Central Region","parent_code":"200000","parent_name_ja":"長野県","display_name_ja":"長野県 中部","office_name_ja":null,"label_lon":138.14471717870492,"label_lat":36.1677766801497,"label_point_semantics":"OFFICIAL_SOURCE_BBOX_CENTER_DISPLAY_ONLY"},"geometry":{"type":"Polygon","coordinates":[[[137.55018,36.1126],[137.59506,36.17205],[137.57306,36.21865],[137.72681,36.42521],[137.90962,36.3671],[137.93718,36.48658],[137.97712,36.4607],[138.04625,36.49492],[138.16878,36.41522],[138.24869,36.43331],[138.20022,36.51167],[138.39033,36.55396],[138.40145,36.43402],[138.48896,36.40093],[138.64784,36.40928],[138.65353,36.30311],[138.60034,36.2784],[138.63634,36.17207],[138.57727,36.16807],[138.64538,36.1202],[138.63185,36.02721],[138.73895,35.93129],[138.67618,35.8698],[138.62154,35.87045],[138.59102,35.91977],[138.4547,35.8998],[138.45056,35.94541],[138.37046,35.97138],[138.28364,35.85932],[138.23867,35.88289],[138.18774,35.78152],[138.15058,35.95412],[138.044,35.9534],[138.03733,36.0123],[137.99203,36.01409],[138.00685,36.05319],[137.94316,36.06364],[137.89595,36.02451],[137.75464,36.08655],[137.70816,36.01241],[137.66626,36.01066],[137.59949,36.02594],[137.61395,36.07639],[137.55018,36.1126]]]}},{"type":"Feature","id":"200030","properties":{"region_code":"200030","geometry_key":"200030","name_ja":"南部","name_en":"Southern Region","parent_code":"200000","parent_name_ja":"長野県","display_name_ja":"長野県 南部","office_name_ja":null,"label_lon":137.78072601174614,"label_lat":35.64245605445342,"label_point_semantics":"OFFICIAL_SOURCE_BBOX_CENTER_DISPLAY_ONLY"},"geometry":{"type":"Polygon","coordinates":[[[137.32455,35.81202],[137.38082,35.89242],[137.47652,35.89417],[137.59949,36.02594],[137.70382,36.01012],[137.75464,36.08655],[137.89595,36.02451],[137.94316,36.06364],[138.00685,36.05319],[137.99203,36.01409],[138.03733,36.0123],[138.044,35.9534],[138.15033,35.95445],[138.17599,35.78838],[138.2369,35.75799],[138.18015,35.71454],[138.21867,35.64455],[138.14139,35.55508],[138.14192,35.3706],[137.87234,35.21881],[137.77919,35.20273],[137.68154,35.23523],[137.57866,35.19847],[137.54603,35.25324],[137.55661,35.3094],[137.60391,35.33323],[137.57523,35.40001],[137.63482,35.40086],[137.59301,35.44703],[137.63159,35.50991],[137.51381,35.60802],[137.54545,35.65108],[137.4597,35.76135],[137.32455,35.81202]]]}},{"type":"Feature","id":"210010","properties":{"region_code":"210010","geometry_key":"210010","name_ja":"美濃地方","name_en":"Mino Region","parent_code":"210000","parent_name_ja":"岐阜県","display_name_ja":"岐阜県 美濃地方","office_name_ja":null,"label_lon":136.95562508472995,"label_lat":35.60070574702266,"label_point_semantics":"OFFICIAL_SOURCE_BBOX_CENTER_DISPLAY_ONLY"},"geometry":{"type":"Polygon","coordinates":[[[136.27622,35.65248],[136.32795,35.7751],[136.37666,35.79518],[136.50593,35.75029],[136.52281,35.78817],[136.78932,35.79944],[136.83235,35.85927],[136.72675,35.99594],[136.76426,36.06768],[136.8378,36.00144],[136.93071,36.00586],[136.97767,35.9192],[137.04975,35.96047],[137.08461,35.89751],[137.10004,35.9273],[137.16404,35.86223],[137.12244,35.83493],[137.13196,35.74105],[137.04988,35.69874],[137.10133,35.67883],[137.09591,35.62506],[137.33047,35.71058],[137.36265,35.79798],[137.4597,35.76135],[137.54545,35.65108],[137.51381,35.60802],[137.63159,35.50991],[137.59301,35.44703],[137.63498,35.40135],[137.57523,35.40001],[137.60391,35.33323],[137.5619,35.2833],[137.4296,35.22286],[137.30808,35.29116],[137.19996,35.25146],[137.08131,35.29219],[137.04695,35.36613],[136.97826,35.40318],[136.99309,35.42426],[136.83404,35.35594],[136.77287,35.36934],[136.67843,35.24297],[136.66963,35.13373],[136.64638,35.16581],[136.61555,35.14993],[136.53417,35.25709],[136.44083,35.21673],[136.3774,35.24299],[136.44435,35.38943],[136.38672,35.48881],[136.4004,35.53008],[136.3175,35.5474],[136.32371,35.61644],[136.27622,35.65248]]]}},{"type":"Feature","id":"210020","properties":{"region_code":"210020","geometry_key":"210020","name_ja":"飛騨地方","name_en":"Hida Region","parent_code":"210000","parent_name_ja":"岐阜県","display_name_ja":"岐阜県 飛騨地方","office_name_ja":null,"label_lon":137.20351301561323,"label_lat":36.0425164188477,"label_point_semantics":"OFFICIAL_SOURCE_BBOX_CENTER_DISPLAY_ONLY"},"geometry":{"type":"Polygon","coordinates":[[[136.75397,36.09002],[136.76645,36.16256],[136.85182,36.2471],[136.7923,36.2985],[136.83715,36.34722],[136.94676,36.3458],[136.97531,36.27436],[137.1597,36.45644],[137.20563,36.4276],[137.30852,36.46378],[137.31862,36.42444],[137.38994,36.45992],[137.40972,36.42468],[137.58735,36.3898],[137.65243,36.32201],[137.55472,36.1402],[137.61395,36.07639],[137.59045,36.00666],[137.47652,35.89417],[137.36437,35.87887],[137.32499,35.81667],[137.36029,35.79597],[137.33102,35.71097],[137.13155,35.62],[137.04988,35.69874],[137.13196,35.74105],[137.12244,35.83493],[137.16404,35.86223],[137.10004,35.9273],[137.08461,35.89751],[137.04959,35.96053],[136.97767,35.9192],[136.93071,36.00586],[136.81545,36.01168],[136.75397,36.09002]]]}},{"type":"Feature","id":"220010","properties":{"region_code":"220010","geometry_key":"220010","name_ja":"中部","name_en":"Central Region","parent_code":"220000","parent_name_ja":"静岡県","display_name_ja":"静岡県 中部","office_name_ja":null,"label_lon":138.31847489579985,"label_lat":35.13233589183798,"label_point_semantics":"OFFICIAL_SOURCE_BBOX_CENTER_DISPLAY_ONLY"},"geometry":{"type":"Polygon","coordinates":[[[137.99841,35.1557],[138.03636,35.21095],[138.00044,35.26157],[138.02606,35.32021],[138.14159,35.36999],[138.14139,35.55508],[138.22837,35.64596],[138.269,35.51423],[138.23202,35.37122],[138.2548,35.31982],[138.35849,35.31757],[138.3987,35.20027],[138.49149,35.16838],[138.52242,35.19916],[138.53858,35.15168],[138.63854,35.11649],[138.55613,35.10103],[138.49299,35.02996],[138.50374,34.98568],[138.53338,35.0138],[138.50747,34.97756],[138.35579,34.9137],[138.30577,34.7775],[138.21599,34.71382],[138.19595,34.6188],[138.13362,34.80682],[138.0476,34.85943],[138.05779,34.90673],[138.01206,34.94044],[138.0587,35.10514],[137.99841,35.1557]]]}},{"type":"Feature","id":"220020","properties":{"region_code":"220020","geometry_key":"220020","name_ja":"伊豆","name_en":"Izu","parent_code":"220000","parent_name_ja":"静岡県","display_name_ja":"静岡県 伊豆","office_name_ja":null,"label_lon":138.95727245795769,"label_lat":34.877350026632485,"label_point_semantics":"OFFICIAL_SOURCE_BBOX_CENTER_DISPLAY_ONLY"},"geometry":{"type":"Polygon","coordinates":[[[138.7391,34.72523],[138.77641,34.75621],[138.75116,34.8207],[138.77602,34.93918],[138.83751,34.94343],[138.90779,35.0079],[138.90623,35.05939],[139.01383,35.18237],[139.1116,35.14137],[139.06937,35.05373],[139.10048,35.04491],[139.09377,34.97789],[139.14676,34.95516],[139.14076,34.89088],[138.99675,34.74298],[138.98747,34.6582],[138.94825,34.67381],[138.84341,34.60086],[138.77666,34.64004],[138.79038,34.6686],[138.7391,34.72523]]]}},{"type":"Feature","id":"220030","properties":{"region_code":"220030","geometry_key":"220030","name_ja":"東部","name_en":"Eastern Region","parent_code":"220000","parent_name_ja":"静岡県","display_name_ja":"静岡県 東部","office_name_ja":null,"label_lon":138.76555209510315,"label_lat":35.19234708090312,"label_point_semantics":"OFFICIAL_SOURCE_BBOX_CENTER_DISPLAY_ONLY"},"geometry":{"type":"Polygon","coordinates":[[[138.51209,35.31356],[138.53177,35.40933],[138.58189,35.44573],[138.68054,35.35768],[138.99818,35.40257],[139.01898,35.32906],[138.9744,35.24814],[139.01305,35.17865],[138.90623,35.05939],[138.90779,35.0079],[138.83751,34.94343],[138.77602,34.93918],[138.78721,35.03015],[138.89137,35.01702],[138.9071,35.04895],[138.78491,35.12393],[138.53858,35.15168],[138.51209,35.31356]]]}},{"type":"Feature","id":"220040","properties":{"region_code":"220040","geometry_key":"220040","name_ja":"西部","name_en":"Western Region","parent_code":"220000","parent_name_ja":"静岡県","display_name_ja":"静岡県 西部","office_name_ja":null,"label_lon":137.85418648466862,"label_lat":34.949690121451994,"label_point_semantics":"OFFICIAL_SOURCE_BBOX_CENTER_DISPLAY_ONLY"},"geometry":{"type":"Polygon","coordinates":[[[137.47411,34.74994],[137.49999,34.83134],[137.58725,34.84958],[137.70701,34.97179],[137.71714,35.03504],[137.829,35.15196],[137.8032,35.18312],[137.82779,35.21132],[138.01877,35.30107],[138.00046,35.26137],[138.03636,35.21095],[137.99932,35.14617],[138.0587,35.10514],[138.01206,34.94044],[138.05779,34.90673],[138.0476,34.85943],[138.13362,34.80682],[138.1698,34.62342],[138.23261,34.59884],[137.97357,34.66505],[137.48518,34.67355],[137.47411,34.74994]]]}},{"type":"Feature","id":"230010","properties":{"region_code":"230010","geometry_key":"230010","name_ja":"西部","name_en":"Western Region","parent_code":"230000","parent_name_ja":"愛知県","display_name_ja":"愛知県 西部","office_name_ja":null,"label_lon":137.0461427371976,"label_lat":35.040650446311105,"label_point_semantics":"OFFICIAL_SOURCE_BBOX_CENTER_DISPLAY_ONLY"},"geometry":{"type":"Polygon","coordinates":[[[136.67103,35.17449],[136.67843,35.24297],[136.76812,35.3669],[136.83404,35.35594],[136.99309,35.42426],[136.97826,35.40318],[137.04695,35.36613],[137.08131,35.29219],[137.19996,35.25146],[137.27579,35.29061],[137.34497,35.2734],[137.34084,35.22804],[137.24217,35.15962],[137.28614,35.12363],[137.23672,35.09612],[137.30312,35.06806],[137.2834,35.02005],[137.37147,35.01512],[137.42076,34.90993],[137.2112,34.86746],[137.16831,34.78495],[137.02989,34.77497],[136.95674,34.83329],[136.98104,34.95685],[136.9145,34.77304],[136.97781,34.70176],[136.92984,34.70308],[136.84028,34.7639],[136.86653,34.83917],[136.82074,34.88648],[136.82539,34.99391],[136.86756,35.00523],[136.8966,35.08498],[136.85548,35.05659],[136.82754,35.08245],[136.79693,35.01246],[136.77062,35.02144],[136.67103,35.17449]]]}},{"type":"Feature","id":"230020","properties":{"region_code":"230020","geometry_key":"230020","name_ja":"東部","name_en":"Eastern Region","parent_code":"230000","parent_name_ja":"愛知県","display_name_ja":"愛知県 東部","office_name_ja":null,"label_lon":137.42618658234494,"label_lat":34.93184839223957,"label_point_semantics":"OFFICIAL_SOURCE_BBOX_CENTER_DISPLAY_ONLY"},"geometry":{"type":"Polygon","coordinates":[[[137.01514,34.58044],[137.06832,34.66123],[137.11926,34.63431],[137.28483,34.73095],[137.28702,34.67956],[137.35176,34.72746],[137.32031,34.73283],[137.30659,34.80808],[137.21607,34.82319],[137.17147,34.76492],[137.16369,34.81496],[137.21136,34.86753],[137.42076,34.90993],[137.37147,35.01512],[137.2834,35.02005],[137.30312,35.06806],[137.23672,35.09612],[137.28614,35.12363],[137.24217,35.15962],[137.34017,35.22733],[137.336,35.25969],[137.42981,35.22288],[137.56579,35.29016],[137.54601,35.25168],[137.57874,35.19843],[137.68154,35.23523],[137.83812,35.21247],[137.80118,35.10596],[137.71714,35.03504],[137.64125,34.89308],[137.48701,34.81175],[137.48496,34.67411],[137.01514,34.58044]]]}},{"type":"Feature","id":"240010","properties":{"region_code":"240010","geometry_key":"240010","name_ja":"北中部","name_en":"Northern Central Region","parent_code":"240000","parent_name_ja":"三重県","display_name_ja":"三重県 北中部","office_name_ja":null,"label_lon":136.3963280545961,"label_lat":34.78547214822112,"label_point_semantics":"OFFICIAL_SOURCE_BBOX_CENTER_DISPLAY_ONLY"},"geometry":{"type":"Polygon","coordinates":[[[136.01995,34.78649],[136.09062,34.81223],[136.11085,34.90186],[136.25068,34.85773],[136.36603,34.9049],[136.44156,35.0663],[136.45454,35.16246],[136.40865,35.18718],[136.4306,35.22939],[136.53417,35.25709],[136.61585,35.14969],[136.65224,35.16312],[136.75014,35.08025],[136.77271,35.02439],[136.65573,34.99792],[136.63384,34.94891],[136.66687,34.937],[136.52883,34.73725],[136.52209,34.68774],[136.55766,34.67138],[136.52712,34.61051],[136.64787,34.58891],[136.66129,34.521],[136.61383,34.51763],[136.57849,34.45153],[136.27301,34.40676],[136.27115,34.36858],[136.15828,34.31345],[136.06914,34.39426],[136.0959,34.43522],[136.20625,34.44868],[136.22978,34.49329],[136.1555,34.55973],[136.04981,34.58021],[136.07357,34.63481],[136.03955,34.6614],[136.08646,34.67535],[136.01995,34.78649]]]}},{"type":"Feature","id":"240020","properties":{"region_code":"240020","geometry_key":"240020","name_ja":"南部","name_en":"Southern Region","parent_code":"240000","parent_name_ja":"三重県","display_name_ja":"三重県 南部","office_name_ja":null,"label_lon":136.4216339297122,"label_lat":34.144581166687544,"label_point_semantics":"OFFICIAL_SOURCE_BBOX_CENTER_DISPLAY_ONLY"},"geometry":{"type":"Polygon","coordinates":[[[135.85318,33.85945],[135.89772,33.86985],[135.89435,33.92059],[136.01194,33.9668],[136.01937,34.03668],[136.10414,34.02587],[136.09265,34.19018],[136.13185,34.2519],[136.09502,34.30177],[136.25292,34.35508],[136.27301,34.40676],[136.57885,34.45165],[136.61383,34.51763],[136.66129,34.521],[136.66045,34.5663],[136.81613,34.48441],[136.83278,34.50597],[136.8758,34.42874],[136.9248,34.44385],[136.9128,34.37595],[136.81257,34.36815],[136.90935,34.36514],[136.87777,34.33526],[136.90185,34.27842],[136.84781,34.24654],[136.74995,34.27001],[136.85936,34.26544],[136.81103,34.32803],[136.7987,34.29004],[136.76238,34.31594],[136.7655,34.291],[136.6877,34.28402],[136.73,34.33385],[136.69847,34.34945],[136.60511,34.25849],[136.57117,34.27563],[136.59129,34.29536],[136.54823,34.24987],[136.50595,34.2791],[136.50822,34.22926],[136.46615,34.25708],[136.45263,34.21964],[136.32188,34.19622],[136.27761,34.16074],[136.31568,34.1155],[136.29789,34.08682],[136.24956,34.09423],[136.26821,34.12912],[136.20084,34.076],[136.28168,34.02235],[136.24204,34.01478],[136.27215,33.97256],[136.21072,33.99957],[136.19172,33.97109],[136.23174,33.94623],[136.09773,33.88227],[136.01196,33.72334],[135.94223,33.73456],[135.85318,33.85945]]]}},{"type":"Feature","id":"250010","properties":{"region_code":"250010","geometry_key":"250010","name_ja":"南部","name_en":"Southern Region","parent_code":"250000","parent_name_ja":"滋賀県","display_name_ja":"滋賀県 南部","office_name_ja":null,"label_lon":136.134897918754,"label_lat":35.02572277503609,"label_point_semantics":"OFFICIAL_SOURCE_BBOX_CENTER_DISPLAY_ONLY"},"geometry":{"type":"Polygon","coordinates":[[[135.81476,35.0452],[135.85017,35.12344],[135.95931,35.14721],[136.07118,35.2595],[136.21435,35.14477],[136.35472,35.1311],[136.38908,35.1968],[136.45461,35.16206],[136.36603,34.9049],[136.25068,34.85773],[136.11085,34.90186],[136.09062,34.81223],[136.02811,34.79059],[135.94101,34.89368],[135.86664,34.89214],[135.87875,34.94705],[135.81476,35.0452]]]}},{"type":"Feature","id":"250020","properties":{"region_code":"250020","geometry_key":"250020","name_ja":"北部","name_en":"Northern Region","parent_code":"250000","parent_name_ja":"滋賀県","display_name_ja":"滋賀県 北部","office_name_ja":null,"label_lon":136.10404215327287,"label_lat":35.41143796129293,"label_point_semantics":"OFFICIAL_SOURCE_BBOX_CENTER_DISPLAY_ONLY"},"geometry":{"type":"Polygon","coordinates":[[[135.76373,35.34542],[135.81366,35.4133],[135.89057,35.40318],[135.93965,35.52054],[136.00434,35.49097],[136.02653,35.5295],[136.10645,35.52899],[136.11384,35.5829],[136.16983,35.56594],[136.13447,35.66945],[136.16793,35.70341],[136.32171,35.61868],[136.31781,35.54714],[136.3994,35.53127],[136.38672,35.48881],[136.44435,35.38943],[136.37727,35.24327],[136.418,35.20378],[136.35472,35.1311],[136.20426,35.14805],[136.07891,35.26087],[135.95931,35.14721],[135.85017,35.12344],[135.82931,35.22035],[135.85843,35.28923],[135.82962,35.27674],[135.76373,35.34542]]]}},{"type":"Feature","id":"260010","properties":{"region_code":"260010","geometry_key":"260010","name_ja":"南部","name_en":"Southern Region","parent_code":"260000","parent_name_ja":"京都府","display_name_ja":"京都府 南部","office_name_ja":null,"label_lon":135.66692625189506,"label_lat":35.04181109965256,"label_point_semantics":"OFFICIAL_SOURCE_BBOX_CENTER_DISPLAY_ONLY"},"geometry":{"type":"Polygon","coordinates":[[[135.27838,35.15102],[135.31863,35.27385],[135.42854,35.3423],[135.5345,35.37744],[135.76879,35.35601],[135.82962,35.27674],[135.86076,35.28296],[135.81476,35.0452],[135.87875,34.94705],[135.86664,34.89214],[135.94101,34.89368],[135.94635,34.85163],[136.00443,34.84402],[136.05548,34.73856],[136.0276,34.70606],[135.92512,34.75774],[135.89007,34.70828],[135.75551,34.72753],[135.67577,34.8993],[135.59932,34.92829],[135.61326,34.9712],[135.57093,34.96979],[135.57245,34.91641],[135.49042,34.94179],[135.49306,34.98907],[135.38158,35.01031],[135.38981,35.12877],[135.27838,35.15102]]]}},{"type":"Feature","id":"260020","properties":{"region_code":"260020","geometry_key":"260020","name_ja":"北部","name_en":"Northern Region","parent_code":"260000","parent_name_ja":"京都府","display_name_ja":"京都府 北部","office_name_ja":null,"label_lon":135.19424783382055,"label_lat":35.46993634633537,"label_point_semantics":"OFFICIAL_SOURCE_BBOX_CENTER_DISPLAY_ONLY"},"geometry":{"type":"Polygon","coordinates":[[[134.85373,35.58908],[134.87009,35.6598],[134.93141,35.64834],[135.22398,35.77915],[135.30864,35.69359],[135.19249,35.54019],[135.25615,35.5985],[135.27484,35.56018],[135.24182,35.53807],[135.33182,35.51602],[135.31671,35.45115],[135.34744,35.49446],[135.39822,35.47889],[135.3951,35.51687],[135.3435,35.5041],[135.34069,35.55028],[135.46273,35.60372],[135.45118,35.56872],[135.4866,35.55794],[135.44944,35.52605],[135.45838,35.46818],[135.5344,35.37125],[135.31863,35.27385],[135.28932,35.17242],[135.20621,35.16068],[135.15753,35.26109],[135.06787,35.23735],[134.9216,35.31513],[134.93357,35.40707],[135.04917,35.40774],[135.0435,35.51836],[134.9269,35.51253],[134.85373,35.58908]]]}},{"type":"Feature","id":"270000","properties":{"region_code":"270000","geometry_key":"270000","name_ja":"大阪府","name_en":"Osaka Prefecture","parent_code":"270000","parent_name_ja":"大阪府","display_name_ja":"大阪府 大阪府","office_name_ja":null,"label_lon":135.41895055752224,"label_lat":34.661556801904936,"label_point_semantics":"OFFICIAL_SOURCE_BBOX_CENTER_DISPLAY_ONLY"},"geometry":{"type":"MultiPolygon","coordinates":[[[[135.09188,34.31437],[135.21875,34.34497],[135.35344,34.45084],[135.37899,34.53294],[135.39009,34.50548],[135.4442,34.55247],[135.40216,34.60002],[135.42082,34.56968],[135.46641,34.58457],[135.42555,34.59334],[135.45079,34.64533],[135.40677,34.67384],[135.4603,34.73314],[135.41865,34.90895],[135.46838,34.92717],[135.34648,34.9645],[135.3302,35.03522],[135.49261,34.98934],[135.48114,34.94974],[135.54131,34.91523],[135.58126,34.92245],[135.57273,34.97124],[135.61326,34.9712],[135.59932,34.92829],[135.64929,34.92535],[135.7466,34.80159],[135.65012,34.60783],[135.68176,34.58478],[135.65028,34.54411],[135.6761,34.40002],[135.15379,34.27428],[135.11141,34.27183],[135.09188,34.31437]]],[[[135.20116,34.42809],[135.24158,34.45522],[135.25421,34.45114],[135.23306,34.43159],[135.26513,34.4378],[135.22769,34.41348],[135.22943,34.43088],[135.20116,34.42809]]]]}},{"type":"Feature","id":"280010","properties":{"region_code":"280010","geometry_key":"280010","name_ja":"南部","name_en":"Southern Region","parent_code":"280000","parent_name_ja":"兵庫県","display_name_ja":"兵庫県 南部","office_name_ja":null,"label_lon":134.86066611544896,"label_lat":34.74683835995239,"label_point_semantics":"OFFICIAL_SOURCE_BBOX_CENTER_DISPLAY_ONLY"},"geometry":{"type":"MultiPolygon","coordinates":[[[[134.25274,34.8519],[134.29494,34.90408],[134.25409,34.93766],[134.28668,34.99611],[134.26436,35.01656],[134.31687,35.04353],[134.36739,35.14696],[134.41163,35.15196],[134.38252,35.22172],[134.51537,35.27731],[134.50684,35.33852],[134.60061,35.26662],[134.69443,35.24884],[134.72958,35.14723],[134.77414,35.12547],[134.91544,35.20532],[134.94062,35.30873],[135.06787,35.23735],[135.15725,35.26123],[135.20596,35.16082],[135.27399,35.17726],[135.28777,35.14264],[135.38981,35.12877],[135.39969,35.07616],[135.3302,35.03522],[135.34511,34.96672],[135.46859,34.92568],[135.4186,34.90869],[135.44589,34.89687],[135.41599,34.81769],[135.44617,34.71834],[135.37618,34.67657],[135.40105,34.69911],[135.29184,34.7207],[135.18438,34.68204],[135.18336,34.6495],[135.05598,34.62422],[134.65583,34.78849],[134.4742,34.75521],[134.46549,34.80902],[134.41398,34.7289],[134.35883,34.75128],[134.32173,34.72195],[134.33483,34.76913],[134.25274,34.8519]]],[[[134.65429,34.29333],[134.73009,34.32997],[134.87797,34.52545],[134.98407,34.60357],[135.02292,34.59025],[134.89494,34.41678],[134.95162,34.2665],[134.72975,34.189],[134.69978,34.2222],[134.72275,34.25548],[134.65816,34.24066],[134.65429,34.29333]]]]}},{"type":"Feature","id":"280020","properties":{"region_code":"280020","geometry_key":"280020","name_ja":"北部","name_en":"Northern Region","parent_code":"280000","parent_name_ja":"兵庫県","display_name_ja":"兵庫県 北部","office_name_ja":null,"label_lon":134.7108895788411,"label_lat":35.400145085327495,"label_point_semantics":"OFFICIAL_SOURCE_BBOX_CENTER_DISPLAY_ONLY"},"geometry":{"type":"Polygon","coordinates":[[[134.36994,35.61458],[134.53877,35.67039],[134.6163,35.63928],[134.86552,35.65928],[134.85373,35.58908],[134.9269,35.51253],[135.03695,35.53857],[135.04982,35.40956],[134.93242,35.40617],[134.91544,35.20532],[134.77414,35.12547],[134.72958,35.14723],[134.69443,35.24884],[134.60061,35.26662],[134.47475,35.37471],[134.4218,35.56255],[134.36994,35.61458]]]}},{"type":"Feature","id":"290010","properties":{"region_code":"290010","geometry_key":"290010","name_ja":"北部","name_en":"Northern Region","parent_code":"290000","parent_name_ja":"奈良県","display_name_ja":"奈良県 北部","office_name_ja":null,"label_lon":135.87855889132982,"label_lat":34.50467612025679,"label_point_semantics":"OFFICIAL_SOURCE_BBOX_CENTER_DISPLAY_ONLY"},"geometry":{"type":"Polygon","coordinates":[[[135.65012,34.60783],[135.70984,34.78047],[135.75551,34.72753],[135.85104,34.70575],[135.9253,34.75772],[136.01387,34.7078],[136.05747,34.7371],[136.08646,34.67526],[136.04011,34.66283],[136.07357,34.63481],[136.04647,34.58536],[136.107,34.55631],[136.07269,34.47713],[135.82162,34.32299],[135.84451,34.26454],[135.73105,34.228],[135.66009,34.32694],[135.68698,34.45146],[135.65028,34.54411],[135.68174,34.58486],[135.65012,34.60783]]]}},{"type":"Feature","id":"290020","properties":{"region_code":"290020","geometry_key":"290020","name_ja":"南部","name_en":"Southern Region","parent_code":"290000","parent_name_ja":"奈良県","display_name_ja":"奈良県 南部","office_name_ja":null,"label_lon":135.8847726396457,"label_lat":34.209977220522376,"label_point_semantics":"OFFICIAL_SOURCE_BBOX_CENTER_DISPLAY_ONLY"},"geometry":{"type":"Polygon","coordinates":[[[135.53968,34.07581],[135.64808,34.21899],[135.81702,34.24082],[135.8451,34.26613],[135.82162,34.32299],[136.07269,34.47713],[136.107,34.55631],[136.21658,34.52821],[136.20625,34.44868],[136.0959,34.43522],[136.0691,34.3941],[136.12951,34.31617],[136.0949,34.30145],[136.13185,34.2519],[136.09265,34.19018],[136.10414,34.02587],[136.01963,34.03679],[135.92191,33.9784],[135.90908,33.91847],[135.86576,33.92194],[135.87311,33.85904],[135.8086,33.90647],[135.61786,33.87211],[135.59997,33.90834],[135.63868,33.98515],[135.53968,34.07581]]]}},{"type":"Feature","id":"300010","properties":{"region_code":"300010","geometry_key":"300010","name_ja":"北部","name_en":"Northern Region","parent_code":"300000","parent_name_ja":"和歌山県","display_name_ja":"和歌山県 北部","office_name_ja":null,"label_lon":135.36437457862394,"label_lat":34.06145194080446,"label_point_semantics":"OFFICIAL_SOURCE_BBOX_CENTER_DISPLAY_ONLY"},"geometry":{"type":"Polygon","coordinates":[[[135.05639,33.8881],[135.1181,33.96022],[135.06768,33.97687],[135.17152,34.02769],[135.07854,34.07382],[135.14604,34.11083],[135.12585,34.13666],[135.2096,34.14947],[135.06144,34.26343],[135.07638,34.30719],[135.15379,34.27428],[135.65113,34.38321],[135.67268,34.28157],[135.73018,34.2283],[135.64352,34.21562],[135.50581,34.04451],[135.54195,33.96199],[135.39771,33.92958],[135.46065,33.83802],[135.34779,33.80995],[135.32922,33.74117],[135.2347,33.78158],[135.14192,33.88482],[135.05639,33.8881]]]}},{"type":"Feature","id":"300020","properties":{"region_code":"300020","geometry_key":"300020","name_ja":"南部","name_en":"Southern Region","parent_code":"300000","parent_name_ja":"和歌山県","display_name_ja":"和歌山県 南部","office_name_ja":null,"label_lon":135.66959152407964,"label_lat":33.75054222969021,"label_point_semantics":"OFFICIAL_SOURCE_BBOX_CENTER_DISPLAY_ONLY"},"geometry":{"type":"MultiPolygon","coordinates":[[[[135.32954,33.67057],[135.40013,33.72048],[135.33627,33.74554],[135.34681,33.80919],[135.46501,33.85313],[135.39321,33.89546],[135.39771,33.92958],[135.54195,33.96199],[135.50466,34.03951],[135.55065,34.06849],[135.63868,33.98515],[135.59997,33.90834],[135.61786,33.87211],[135.68688,33.90407],[135.84705,33.8966],[135.85803,33.8162],[135.94506,33.73249],[136.01189,33.7233],[135.98615,33.65518],[135.93696,33.64237],[135.95962,33.582],[135.79904,33.49968],[135.79798,33.4452],[135.76251,33.43301],[135.7666,33.48187],[135.44623,33.54896],[135.39114,33.59102],[135.39192,33.64247],[135.32954,33.67057]]],[[[135.89244,33.94555],[136.00679,34.00813],[135.96791,33.92827],[135.89244,33.94555]]],[[[135.85838,33.8968],[135.88043,33.91779],[135.89772,33.86985],[135.85838,33.8968]]]]}},{"type":"Feature","id":"310010","properties":{"region_code":"310010","geometry_key":"310010","name_ja":"東部","name_en":"Eastern Region","parent_code":"310000","parent_name_ja":"鳥取県","display_name_ja":"鳥取県 東部","office_name_ja":null,"label_lon":134.23072097274473,"label_lat":35.39186805841422,"label_point_semantics":"OFFICIAL_SOURCE_BBOX_CENTER_DISPLAY_ONLY"},"geometry":{"type":"Polygon","coordinates":[[[133.94603,35.46176],[133.9652,35.52284],[134.1961,35.53271],[134.36994,35.61458],[134.4218,35.56255],[134.4723,35.37825],[134.51388,35.35359],[134.51537,35.27731],[134.17245,35.16974],[134.13559,35.28245],[133.99947,35.31465],[134.0423,35.37753],[133.94603,35.46176]]]}},{"type":"Feature","id":"310020","properties":{"region_code":"310020","geometry_key":"310020","name_ja":"中・西部","name_en":"Central Western Region","parent_code":"310000","parent_name_ja":"鳥取県","display_name_ja":"鳥取県 中・西部","office_name_ja":null,"label_lon":133.5890886121498,"label_lat":35.30506915296908,"label_point_semantics":"OFFICIAL_SOURCE_BBOX_CENTER_DISPLAY_ONLY"},"geometry":{"type":"Polygon","coordinates":[[[133.13588,35.07052],[133.14845,35.13998],[133.1949,35.16983],[133.15257,35.21899],[133.31056,35.26799],[133.32161,35.40768],[133.2225,35.48022],[133.22193,35.54763],[133.27183,35.55234],[133.24505,35.53083],[133.29401,35.47749],[133.40181,35.45279],[133.56387,35.53068],[133.77025,35.50058],[133.96114,35.52555],[133.95109,35.42865],[134.0423,35.37753],[133.86214,35.2925],[133.84364,35.24932],[133.74525,35.31951],[133.59651,35.34495],[133.56077,35.24675],[133.50554,35.22817],[133.52619,35.18293],[133.39646,35.18086],[133.41183,35.12115],[133.29314,35.1016],[133.26914,35.05768],[133.13588,35.07052]]]}},{"type":"Feature","id":"320010","properties":{"region_code":"320010","geometry_key":"320010","name_ja":"東部","name_en":"Eastern Region","parent_code":"320000","parent_name_ja":"島根県","display_name_ja":"島根県 東部","office_name_ja":null,"label_lon":132.96320083639955,"label_lat":35.27724559925505,"label_point_semantics":"OFFICIAL_SOURCE_BBOX_CENTER_DISPLAY_ONLY"},"geometry":{"type":"Polygon","coordinates":[[[132.5755,35.27205],[132.66487,35.33639],[132.64187,35.44143],[132.971,35.51581],[132.96801,35.54347],[133.02819,35.53843],[133.09014,35.60375],[133.14181,35.56072],[133.32678,35.56795],[133.19817,35.52899],[133.32451,35.37403],[133.29514,35.34678],[133.31055,35.26792],[133.15251,35.21891],[133.19491,35.16989],[133.14845,35.13998],[133.14081,35.07564],[132.87319,35.10232],[132.74972,34.96026],[132.68509,34.95056],[132.64907,34.98604],[132.72241,35.05116],[132.65774,35.08558],[132.67191,35.11764],[132.62895,35.13648],[132.66639,35.1858],[132.58167,35.23166],[132.5755,35.27205]]]}},{"type":"Feature","id":"320020","properties":{"region_code":"320020","geometry_key":"320020","name_ja":"西部","name_en":"Western Region","parent_code":"320000","parent_name_ja":"島根県","display_name_ja":"島根県 西部","office_name_ja":null,"label_lon":132.1951630546813,"label_lat":34.78747361326671,"label_point_semantics":"OFFICIAL_SOURCE_BBOX_CENTER_DISPLAY_ONLY"},"geometry":{"type":"Polygon","coordinates":[[[131.66791,34.50538],[131.72761,34.57644],[131.69062,34.68105],[131.84931,34.71133],[132.11246,34.95314],[132.31005,35.05716],[132.41764,35.1907],[132.57464,35.27229],[132.58167,35.23166],[132.65971,35.19958],[132.62895,35.13648],[132.72241,35.0511],[132.64907,34.98604],[132.68503,34.94914],[132.63336,34.90153],[132.7106,34.84986],[132.53806,34.79499],[132.43536,34.82067],[132.39668,34.77942],[132.24167,34.80614],[132.22238,34.74954],[132.13077,34.70803],[132.16193,34.68314],[132.12553,34.58315],[132.0513,34.52849],[132.06858,34.46767],[131.99752,34.42791],[132.01347,34.37133],[131.95925,34.30646],[131.91926,34.33814],[131.86958,34.30497],[131.79765,34.31763],[131.76355,34.37727],[131.79382,34.43621],[131.69743,34.43531],[131.66791,34.50538]]]}},{"type":"Feature","id":"320030","properties":{"region_code":"320030","geometry_key":"320030","name_ja":"隠岐","name_en":"Oki","parent_code":"320000","parent_name_ja":"島根県","display_name_ja":"島根県 隠岐","office_name_ja":null,"label_lon":132.62596154334057,"label_lat":36.619436410012355,"label_point_semantics":"OFFICIAL_SOURCE_BBOX_CENTER_DISPLAY_ONLY"},"geometry":{"type":"MultiPolygon","coordinates":[[[[133.17653,36.2551],[133.27613,36.3489],[133.38599,36.26995],[133.37009,36.20565],[133.30639,36.19905],[133.34201,36.17066],[133.2799,36.18815],[133.24961,36.15919],[133.17653,36.2551]]],[[[132.9458,36.07978],[133.01451,36.13762],[133.09295,36.13926],[133.0411,36.10969],[133.04579,36.06068],[133.00634,36.10569],[132.97921,36.08873],[132.99835,36.03797],[132.9458,36.07978]]],[[[133.06415,36.09907],[133.1131,36.12009],[133.15266,36.0746],[133.06882,36.03472],[133.06415,36.09907]]],[[[132.99972,36.03129],[133.07317,36.01031],[133.00953,36.00184],[132.99972,36.03129]]]]}},{"type":"Feature","id":"330010","properties":{"region_code":"330010","geometry_key":"330010","name_ja":"南部","name_en":"Southern Region","parent_code":"330000","parent_name_ja":"岡山県","display_name_ja":"岡山県 南部","office_name_ja":null,"label_lon":133.85539786012322,"label_lat":34.62927055409287,"label_point_semantics":"OFFICIAL_SOURCE_BBOX_CENTER_DISPLAY_ONLY"},"geometry":{"type":"Polygon","coordinates":[[[133.32886,34.85305],[133.42457,34.88649],[133.51427,34.86591],[133.60102,34.95287],[133.6193,34.9002],[133.70555,34.95992],[133.79054,34.92779],[133.90767,34.94879],[133.8941,34.90969],[133.94521,34.86963],[134.00455,34.89478],[134.02517,34.95087],[134.16548,34.88089],[134.25015,34.94931],[134.29501,34.90746],[134.26223,34.82924],[134.33483,34.76913],[134.32149,34.7218],[134.18251,34.74032],[134.24494,34.69815],[134.11997,34.58863],[133.94606,34.59915],[134.04718,34.57659],[134.00342,34.51148],[133.95947,34.52272],[133.93492,34.45091],[133.82994,34.47579],[133.82243,34.42973],[133.78662,34.43549],[133.73977,34.52512],[133.73361,34.46865],[133.68763,34.5256],[133.54054,34.46139],[133.48581,34.51387],[133.52747,34.45389],[133.4738,34.44146],[133.44621,34.55634],[133.38358,34.61979],[133.37809,34.80836],[133.32886,34.85305]]]}},{"type":"Feature","id":"330020","properties":{"region_code":"330020","geometry_key":"330020","name_ja":"北部","name_en":"Northern Region","parent_code":"330000","parent_name_ja":"岡山県","display_name_ja":"岡山県 北部","office_name_ja":null,"label_lon":133.83997722411965,"label_lat":35.10441263973158,"label_point_semantics":"OFFICIAL_SOURCE_BBOX_CENTER_DISPLAY_ONLY"},"geometry":{"type":"Polygon","coordinates":[[[133.26679,35.05297],[133.29314,35.1016],[133.41183,35.12115],[133.39646,35.18086],[133.52619,35.18293],[133.50554,35.22817],[133.56077,35.24675],[133.5968,35.34502],[133.74525,35.31951],[133.83208,35.24883],[133.9341,35.33513],[134.01481,35.35039],[134.00812,35.30817],[134.1398,35.27882],[134.17216,35.16985],[134.39307,35.25269],[134.38294,35.19455],[134.41249,35.18422],[134.26444,35.01669],[134.27686,34.96305],[134.16548,34.88089],[134.02517,34.95087],[134.00447,34.8947],[133.92802,34.87247],[133.8941,34.90969],[133.91113,34.94775],[133.79054,34.92779],[133.70846,34.96021],[133.6193,34.9002],[133.59081,34.95117],[133.51427,34.86591],[133.42457,34.88649],[133.33001,34.85602],[133.29405,34.90314],[133.32176,35.00615],[133.26679,35.05297]]]}},{"type":"Feature","id":"340010","properties":{"region_code":"340010","geometry_key":"340010","name_ja":"南部","name_en":"Southern Region","parent_code":"340000","parent_name_ja":"広島県","display_name_ja":"広島県 南部","office_name_ja":null,"label_lon":132.75356499992483,"label_lat":34.444611527200266,"label_point_semantics":"OFFICIAL_SOURCE_BBOX_CENTER_DISPLAY_ONLY"},"geometry":{"type":"MultiPolygon","coordinates":[[[[132.03645,34.50126],[132.12553,34.58315],[132.19633,34.4964],[132.29539,34.54859],[132.36516,34.53925],[132.3996,34.60414],[132.47242,34.61477],[132.57377,34.56274],[132.67409,34.61073],[132.69993,34.53625],[132.79978,34.62248],[132.8763,34.61405],[132.89052,34.68349],[132.95408,34.65172],[133.01513,34.68001],[133.0847,34.66038],[133.1022,34.73183],[133.16606,34.7551],[133.14208,34.83873],[133.21559,34.86157],[133.24527,34.81077],[133.27779,34.85391],[133.37451,34.81391],[133.38358,34.61979],[133.45644,34.49993],[133.44364,34.44558],[133.40847,34.47846],[133.44053,34.43626],[133.38656,34.42258],[133.36683,34.36867],[133.24632,34.38977],[133.27398,34.41758],[133.2516,34.44153],[133.23406,34.41156],[133.08488,34.39565],[133.07683,34.34407],[132.91671,34.33289],[132.84707,34.29169],[132.79895,34.31256],[132.75424,34.28234],[132.76041,34.24037],[132.64091,34.20177],[132.59562,34.23114],[132.54359,34.19327],[132.55853,34.23823],[132.51457,34.25695],[132.4917,34.33672],[132.52486,34.3594],[132.47561,34.36709],[132.33828,34.35421],[132.23013,34.25464],[132.2456,34.21067],[132.19511,34.20451],[132.20486,34.22861],[132.14422,34.23697],[132.12736,34.33292],[132.0698,34.3563],[132.08102,34.44347],[132.03645,34.50126]]],[[[132.37208,34.2583],[132.47412,34.20846],[132.43415,34.28603],[132.47972,34.29626],[132.48924,34.14134],[132.42845,34.12864],[132.45719,34.17786],[132.37208,34.2583]]],[[[132.44728,34.10826],[132.50446,34.1336],[132.52743,34.20028],[132.55902,34.17323],[132.52147,34.15752],[132.55779,34.1506],[132.53909,34.10756],[132.59304,34.11515],[132.55079,34.0789],[132.44728,34.10826]]],[[[132.83808,34.24187],[132.94221,34.27739],[132.91611,34.21192],[132.85597,34.20816],[132.83808,34.24187]]],[[[133.13401,34.33313],[133.15448,34.35938],[133.19729,34.33802],[133.19688,34.27591],[133.13401,34.33313]]],[[[133.06716,34.26703],[133.08905,34.31293],[133.14866,34.30255],[133.06716,34.26703]]],[[[132.26221,34.25189],[132.34859,34.29292],[132.29414,34.23914],[132.26221,34.25189]]],[[[133.16996,34.38734],[133.23947,34.39823],[133.21206,34.35618],[133.16996,34.38734]]],[[[132.68577,34.18319],[132.70982,34.20447],[132.76548,34.17742],[132.73871,34.1578],[132.73849,34.17337],[132.68577,34.18319]]],[[[132.79959,34.15863],[132.84618,34.19579],[132.86938,34.177],[132.79959,34.15863]]]]}},{"type":"Feature","id":"340020","properties":{"region_code":"340020","geometry_key":"340020","name_ja":"北部","name_en":"Northern Region","parent_code":"340000","parent_name_ja":"広島県","display_name_ja":"広島県 北部","office_name_ja":null,"label_lon":132.723849027111,"label_lat":34.80104041423377,"label_point_semantics":"OFFICIAL_SOURCE_BBOX_CENTER_DISPLAY_ONLY"},"geometry":{"type":"Polygon","coordinates":[[[132.11635,34.61236],[132.16193,34.68314],[132.13077,34.70803],[132.22238,34.74954],[132.24246,34.8066],[132.39668,34.77942],[132.43536,34.82067],[132.53806,34.79499],[132.7106,34.84986],[132.63403,34.9048],[132.74972,34.96026],[132.87319,35.10232],[133.03398,35.06816],[133.24958,35.07904],[133.32176,35.00615],[133.29405,34.90314],[133.33096,34.85397],[133.24527,34.81077],[133.21574,34.86155],[133.14375,34.84027],[133.16606,34.7551],[133.1022,34.73183],[133.06929,34.65348],[132.89052,34.68349],[132.8763,34.61405],[132.79978,34.62248],[132.68934,34.53479],[132.67315,34.61099],[132.57377,34.56274],[132.5243,34.60673],[132.39965,34.60417],[132.3669,34.54],[132.29539,34.54859],[132.19609,34.49639],[132.11635,34.61236]]]}},{"type":"Feature","id":"350010","properties":{"region_code":"350010","geometry_key":"350010","name_ja":"西部","name_en":"Western Region","parent_code":"350000","parent_name_ja":"山口県","display_name_ja":"山口県 西部","office_name_ja":null,"label_lon":131.07747499977148,"label_lat":34.1433029863438,"label_point_semantics":"OFFICIAL_SOURCE_BBOX_CENTER_DISPLAY_ONLY"},"geometry":{"type":"MultiPolygon","coordinates":[[[[130.86039,34.11081],[130.93354,34.18906],[130.86686,34.28783],[130.90539,34.36359],[130.9934,34.35812],[131.09771,34.26304],[131.17247,34.26407],[131.08261,34.14719],[131.12527,34.08299],[131.29373,34.1667],[131.37932,34.12137],[131.29202,34.00121],[131.36218,33.9976],[131.35579,33.96642],[131.24491,33.91897],[131.22771,33.96432],[131.17845,33.93141],[131.17008,33.99686],[131.04283,34.0575],[130.91532,33.93876],[130.91211,34.05901],[130.86039,34.11081]]],[[[130.8745,33.94639],[130.91425,33.95351],[130.92344,33.91433],[130.8745,33.94639]]]]}},{"type":"Feature","id":"350020","properties":{"region_code":"350020","geometry_key":"350020","name_ja":"中部","name_en":"Central Region","parent_code":"350000","parent_name_ja":"山口県","display_name_ja":"山口県 中部","office_name_ja":null,"label_lon":131.66139236036918,"label_lat":34.215967635248234,"label_point_semantics":"OFFICIAL_SOURCE_BBOX_CENTER_DISPLAY_ONLY"},"geometry":{"type":"MultiPolygon","coordinates":[[[[131.29202,34.00121],[131.40492,34.20964],[131.49918,34.24041],[131.55793,34.30811],[131.53663,34.41049],[131.60668,34.40983],[131.65751,34.50451],[131.69743,34.43531],[131.79382,34.43621],[131.77691,34.33345],[131.88156,34.30836],[131.89138,34.23504],[131.96029,34.19761],[131.967,34.08906],[132.03068,34.04702],[131.89159,33.97844],[131.83066,34.01099],[131.8103,33.96777],[131.77049,33.98079],[131.82761,34.02938],[131.73723,34.04569],[131.74226,34.07201],[131.54017,33.99751],[131.47484,34.0378],[131.46099,33.98786],[131.42034,34.01559],[131.39654,33.98425],[131.39421,34.05129],[131.36967,33.99816],[131.29202,34.00121]]],[[[131.80426,33.94661],[131.84738,33.94999],[131.85775,33.98999],[131.87771,33.97059],[131.80426,33.94661]]]]}},{"type":"Feature","id":"350030","properties":{"region_code":"350030","geometry_key":"350030","name_ja":"東部","name_en":"Eastern Region","parent_code":"350000","parent_name_ja":"山口県","display_name_ja":"山口県 東部","office_name_ja":null,"label_lon":132.1853108301308,"label_lat":34.09107930656481,"label_point_semantics":"OFFICIAL_SOURCE_BBOX_CENTER_DISPLAY_ONLY"},"geometry":{"type":"MultiPolygon","coordinates":[[[[131.87843,34.2746],[131.88755,34.32724],[131.96098,34.30802],[132.01347,34.37133],[131.99752,34.42791],[132.06418,34.46888],[132.0698,34.3563],[132.12736,34.33292],[132.14431,34.23682],[132.2456,34.21067],[132.25735,34.13147],[132.19896,34.11852],[132.21288,34.00206],[132.11878,33.9531],[132.14413,33.83331],[132.05422,33.92194],[131.96551,33.91835],[131.89159,33.97844],[132.03077,34.04525],[131.967,34.08906],[131.96029,34.19761],[131.87843,34.2746]]],[[[132.17268,33.92367],[132.23361,33.96764],[132.33118,33.90126],[132.47205,33.95017],[132.33171,33.85777],[132.28856,33.90214],[132.20811,33.85676],[132.17268,33.92367]]],[[[132.17216,33.80329],[132.22111,33.81579],[132.27395,33.78118],[132.25625,33.76649],[132.17216,33.80329]]],[[[132.02775,33.7942],[132.07105,33.85849],[132.11849,33.83015],[132.02775,33.7942]]]]}},{"type":"Feature","id":"350040","properties":{"region_code":"350040","geometry_key":"350040","name_ja":"北部","name_en":"Northern Region","parent_code":"350000","parent_name_ja":"山口県","display_name_ja":"山口県 北部","office_name_ja":null,"label_lon":131.32751154322324,"label_lat":34.44057208103675,"label_point_semantics":"OFFICIAL_SOURCE_BBOX_CENTER_DISPLAY_ONLY"},"geometry":{"type":"MultiPolygon","coordinates":[[[[130.93461,34.39242],[130.97405,34.44233],[131.13194,34.41781],[131.15584,34.37246],[131.30635,34.38283],[131.41627,34.42779],[131.3969,34.46015],[131.60304,34.623],[131.60382,34.66206],[131.65043,34.64089],[131.69035,34.68125],[131.71885,34.61225],[131.70673,34.53293],[131.64628,34.499],[131.60668,34.40983],[131.53663,34.41049],[131.55789,34.30806],[131.49918,34.24041],[131.40492,34.20964],[131.36959,34.13771],[131.29373,34.1667],[131.12527,34.08299],[131.08261,34.14719],[131.17247,34.26407],[131.09771,34.26304],[131.03552,34.31156],[130.98018,34.36218],[131.0359,34.37127],[131.01609,34.40518],[130.93461,34.39242]]],[[[131.16664,34.42905],[131.26137,34.41839],[131.18869,34.39864],[131.16664,34.42905]]]]}},{"type":"Feature","id":"360010","properties":{"region_code":"360010","geometry_key":"360010","name_ja":"北部","name_en":"Northern Region","parent_code":"360000","parent_name_ja":"徳島県","display_name_ja":"徳島県 北部","office_name_ja":null,"label_lon":134.15646413711028,"label_lat":34.02160037380824,"label_point_semantics":"OFFICIAL_SOURCE_BBOX_CENTER_DISPLAY_ONLY"},"geometry":{"type":"MultiPolygon","coordinates":[[[[133.66075,33.88181],[133.69052,33.91629],[133.67955,34.01252],[133.85515,34.10428],[133.93912,34.1154],[133.99393,34.07262],[134.12231,34.11877],[134.17375,34.177],[134.4153,34.15705],[134.44021,34.20785],[134.58765,34.24021],[134.58538,34.20175],[134.6419,34.18016],[134.58398,34.04282],[134.60636,33.98323],[134.65099,33.99339],[134.60888,33.94943],[134.4082,33.95332],[134.01265,33.82183],[133.95978,33.83466],[133.91339,33.79118],[133.83842,33.84527],[133.748,33.83678],[133.66075,33.88181]]],[[[134.58772,34.20731],[134.64378,34.23953],[134.62572,34.18664],[134.58772,34.20731]]]]}},{"type":"Feature","id":"360020","properties":{"region_code":"360020","geometry_key":"360020","name_ja":"南部","name_en":"Southern Region","parent_code":"360000","parent_name_ja":"徳島県","display_name_ja":"徳島県 南部","office_name_ja":null,"label_lon":134.42757365095326,"label_lat":33.76219995071722,"label_point_semantics":"OFFICIAL_SOURCE_BBOX_CENTER_DISPLAY_ONLY"},"geometry":{"type":"Polygon","coordinates":[[[134.03283,33.8284],[134.24995,33.91696],[134.49575,33.97006],[134.56523,33.93789],[134.65208,33.98582],[134.71156,33.92447],[134.62879,33.85695],[134.7502,33.83396],[134.3959,33.65612],[134.31286,33.54548],[134.19317,33.56163],[134.14925,33.62714],[134.17465,33.68429],[134.05806,33.69103],[134.03283,33.8284]]]}},{"type":"Feature","id":"370000","properties":{"region_code":"370000","geometry_key":"370000","name_ja":"香川県","name_en":"Kagawa Prefecture","parent_code":"370000","parent_name_ja":"香川県","display_name_ja":"香川県 香川県","office_name_ja":null,"label_lon":133.94701375478104,"label_lat":34.28856759456889,"label_point_semantics":"OFFICIAL_SOURCE_BBOX_CENTER_DISPLAY_ONLY"},"geometry":{"type":"MultiPolygon","coordinates":[[[[133.55688,34.26163],[133.674,34.22199],[133.82717,34.3201],[133.81929,34.35319],[133.86594,34.32765],[133.89422,34.38258],[134.05975,34.34774],[134.09164,34.38482],[134.12235,34.36067],[134.13632,34.4004],[134.16432,34.32681],[134.2068,34.36969],[134.2515,34.35129],[134.25701,34.28592],[134.37858,34.26166],[134.4407,34.19966],[134.41433,34.15692],[134.17375,34.177],[134.12231,34.11877],[133.99393,34.07262],[133.93912,34.1154],[133.85854,34.10527],[133.67955,34.01252],[133.59887,34.04269],[133.6312,34.06015],[133.64863,34.19319],[133.55688,34.26163]]],[[[134.14086,34.46971],[134.18096,34.48748],[134.17172,34.52893],[134.36691,34.56133],[134.33779,34.4329],[134.27826,34.44686],[134.31021,34.47746],[134.23557,34.41478],[134.22839,34.48065],[134.14086,34.46971]]],[[[134.03597,34.4812],[134.10458,34.48701],[134.08132,34.45917],[134.03597,34.4812]]],[[[133.68442,34.36153],[133.71695,34.3985],[133.72997,34.36842],[133.68442,34.36153]]]]}},{"type":"Feature","id":"380010","properties":{"region_code":"380010","geometry_key":"380010","name_ja":"中予","name_en":"Chuyo","parent_code":"380000","parent_name_ja":"愛媛県","display_name_ja":"愛媛県 中予","office_name_ja":null,"label_lon":132.8260531977969,"label_lat":33.781832085782185,"label_point_semantics":"OFFICIAL_SOURCE_BBOX_CENTER_DISPLAY_ONLY"},"geometry":{"type":"MultiPolygon","coordinates":[[[[132.53126,33.63766],[132.69845,33.7549],[132.70035,33.88654],[132.75523,33.91132],[132.76558,33.99851],[132.80849,34.01862],[132.88982,33.9884],[133.01943,33.76593],[133.10918,33.77282],[133.1612,33.73169],[133.07502,33.65062],[133.06414,33.54251],[132.95964,33.46631],[132.89815,33.47273],[132.92634,33.56049],[132.8484,33.5926],[132.83974,33.63997],[132.70849,33.60575],[132.6394,33.65477],[132.56046,33.60196],[132.53126,33.63766]]],[[[132.57788,33.9685],[132.65253,34.01357],[132.64064,33.95532],[132.57788,33.9685]]]]}},{"type":"Feature","id":"380020","properties":{"region_code":"380020","geometry_key":"380020","name_ja":"東予","name_en":"Toyo","parent_code":"380000","parent_name_ja":"愛媛県","display_name_ja":"愛媛県 東予","office_name_ja":null,"label_lon":133.2506402592906,"label_lat":34.025974747736456,"label_point_semantics":"OFFICIAL_SOURCE_BBOX_CENTER_DISPLAY_ONLY"},"geometry":{"type":"MultiPolygon","coordinates":[[[[132.80848,34.01869],[132.92225,34.06603],[132.92698,34.11012],[132.89139,34.11836],[132.94187,34.14289],[133.11899,33.9245],[133.32116,33.99444],[133.5123,33.96987],[133.5985,34.04363],[133.67823,34.01819],[133.69052,33.91629],[133.62764,33.87211],[133.5402,33.87868],[133.49928,33.82913],[133.28108,33.83178],[133.15784,33.7503],[133.05811,33.75523],[132.98345,33.81451],[132.88728,33.99127],[132.80848,34.01869]]],[[[132.94121,34.20436],[132.99013,34.22403],[132.98412,34.2905],[133.0575,34.25796],[133.05023,34.21417],[132.94121,34.20436]]],[[[133.01266,34.11108],[133.03021,34.19339],[133.11353,34.17861],[133.01266,34.11108]]],[[[133.05388,34.21214],[133.10788,34.24199],[133.14056,34.22086],[133.11014,34.19091],[133.05388,34.21214]]]]}},{"type":"Feature","id":"380030","properties":{"region_code":"380030","geometry_key":"380030","name_ja":"南予","name_en":"Nan-yo","parent_code":"380000","parent_name_ja":"愛媛県","display_name_ja":"愛媛県 南予","office_name_ja":null,"label_lon":132.46934042132347,"label_lat":33.311923194250085,"label_point_semantics":"OFFICIAL_SOURCE_BBOX_CENTER_DISPLAY_ONLY"},"geometry":{"type":"Polygon","coordinates":[[[132.01267,33.3443],[132.12044,33.42001],[132.16573,33.41134],[132.15676,33.44009],[132.26078,33.45029],[132.53085,33.63776],[132.56046,33.60196],[132.6394,33.65477],[132.70849,33.60575],[132.83694,33.64071],[132.8484,33.5926],[132.92634,33.56049],[132.90067,33.47035],[132.80646,33.45704],[132.89855,33.3147],[132.79264,33.27458],[132.77559,33.20597],[132.69584,33.13759],[132.61944,33.18088],[132.69152,32.97357],[132.65553,32.9252],[132.51267,32.95013],[132.49697,32.91861],[132.52699,32.91502],[132.49093,32.89789],[132.46048,32.93809],[132.50282,32.95595],[132.46985,32.9696],[132.55391,32.96031],[132.48468,33.04722],[132.41655,33.05788],[132.37872,33.0215],[132.40367,33.06938],[132.48413,33.05656],[132.44664,33.12418],[132.50283,33.12974],[132.44068,33.13803],[132.43162,33.16963],[132.46463,33.17212],[132.39307,33.20491],[132.45939,33.21035],[132.48675,33.16443],[132.51543,33.17102],[132.48901,33.19973],[132.55769,33.22019],[132.52007,33.24867],[132.54223,33.27159],[132.46778,33.25431],[132.52287,33.31573],[132.37021,33.31921],[132.42004,33.35553],[132.37871,33.38584],[132.41621,33.44286],[132.38218,33.44255],[132.42088,33.46338],[132.29991,33.47473],[132.15313,33.37276],[132.09456,33.38759],[132.01267,33.3443]]]}},{"type":"Feature","id":"390010","properties":{"region_code":"390010","geometry_key":"390010","name_ja":"中部","name_en":"Central Region","parent_code":"390000","parent_name_ja":"高知県","display_name_ja":"高知県 中部","office_name_ja":null,"label_lon":133.54085236039816,"label_lat":33.604293054031274,"label_point_semantics":"OFFICIAL_SOURCE_BBOX_CENTER_DISPLAY_ONLY"},"geometry":{"type":"Polygon","coordinates":[[[133.01328,33.49016],[133.06414,33.54251],[133.07533,33.65105],[133.11661,33.66022],[133.19274,33.79378],[133.24988,33.78833],[133.27736,33.83092],[133.49906,33.82909],[133.5402,33.87868],[133.64342,33.88336],[133.748,33.83678],[133.83842,33.84527],[133.91339,33.79118],[133.98515,33.84078],[134.05813,33.78114],[134.06504,33.71945],[133.88645,33.65301],[133.77,33.51577],[133.72064,33.53974],[133.56591,33.50079],[133.55262,33.5408],[133.58319,33.50094],[133.36388,33.42816],[133.46282,33.43058],[133.34561,33.40067],[133.31903,33.35488],[133.29488,33.40598],[133.26397,33.3406],[133.17599,33.37746],[133.24953,33.45454],[133.10121,33.44275],[133.01328,33.49016]]]}},{"type":"Feature","id":"390020","properties":{"region_code":"390020","geometry_key":"390020","name_ja":"東部","name_en":"Eastern Region","parent_code":"390000","parent_name_ja":"高知県","display_name_ja":"高知県 東部","office_name_ja":null,"label_lon":134.04239334682552,"label_lat":33.48053282862719,"label_point_semantics":"OFFICIAL_SOURCE_BBOX_CENTER_DISPLAY_ONLY"},"geometry":{"type":"Polygon","coordinates":[[[133.77,33.51577],[133.88645,33.65301],[134.02528,33.71875],[134.17465,33.68429],[134.14925,33.62714],[134.19317,33.56163],[134.30684,33.55341],[134.20885,33.39569],[134.17562,33.24402],[133.93464,33.48696],[133.77,33.51577]]]}},{"type":"Feature","id":"390030","properties":{"region_code":"390030","geometry_key":"390030","name_ja":"西部","name_en":"Western Region","parent_code":"390000","parent_name_ja":"高知県","display_name_ja":"高知県 西部","office_name_ja":null,"label_lon":132.8729033334721,"label_lat":33.09204416645517,"label_point_semantics":"OFFICIAL_SOURCE_BBOX_CENTER_DISPLAY_ONLY"},"geometry":{"type":"Polygon","coordinates":[[[132.61486,33.16929],[132.69584,33.13759],[132.77559,33.20597],[132.79264,33.27458],[132.89855,33.3147],[132.82037,33.47254],[133.05866,33.47975],[133.10135,33.44275],[133.19682,33.47428],[133.25824,33.4414],[133.17516,33.39755],[133.26383,33.34057],[133.23162,33.32667],[133.26422,33.25736],[133.22361,33.15429],[133.17057,33.15042],[133.09517,33.02383],[133.01792,33.02241],[133.00937,32.88121],[132.94937,32.85748],[133.0201,32.7234],[132.96571,32.72939],[132.9697,32.77787],[132.93522,32.78691],[132.86835,32.76563],[132.86174,32.79064],[132.80238,32.74683],[132.71078,32.7991],[132.6287,32.76292],[132.65685,32.85426],[132.72195,32.89888],[132.65553,32.92427],[132.69142,32.97419],[132.61486,33.16929]]]}},{"type":"Feature","id":"400010","properties":{"region_code":"400010","geometry_key":"400010","name_ja":"福岡地方","name_en":"Fukuoka Region","parent_code":"400000","parent_name_ja":"福岡県","display_name_ja":"福岡県 福岡地方","office_name_ja":null,"label_lon":130.31059967543473,"label_lat":33.822499859930645,"label_point_semantics":"OFFICIAL_SOURCE_BBOX_CENTER_DISPLAY_ONLY"},"geometry":{"type":"Polygon","coordinates":[[[130.03903,33.47001],[130.15389,33.53706],[130.16411,33.56103],[130.11595,33.54675],[130.13587,33.56678],[130.08759,33.5813],[130.14761,33.59294],[130.20772,33.66704],[130.27295,33.58262],[130.39321,33.5973],[130.43061,33.68669],[130.3603,33.64387],[130.31845,33.661],[130.45564,33.73311],[130.44397,33.81542],[130.52451,33.88982],[130.63597,33.81275],[130.54161,33.70629],[130.59877,33.61299],[130.55841,33.59833],[130.6213,33.51306],[130.56091,33.47538],[130.58067,33.43706],[130.51229,33.44942],[130.41097,33.39504],[130.27497,33.47968],[130.03903,33.47001]]]}},{"type":"Feature","id":"400020","properties":{"region_code":"400020","geometry_key":"400020","name_ja":"北九州地方","name_en":"Kitakyushu Region","parent_code":"400000","parent_name_ja":"福岡県","display_name_ja":"福岡県 北九州地方","office_name_ja":null,"label_lon":130.86603305483163,"label_lat":33.75480874747575,"label_point_semantics":"OFFICIAL_SOURCE_BBOX_CENTER_DISPLAY_ONLY"},"geometry":{"type":"Polygon","coordinates":[[[130.54144,33.88452],[130.63169,33.88367],[130.68156,33.93717],[130.76972,33.949],[130.75361,33.92085],[130.8091,33.93146],[130.81497,33.90291],[130.74257,33.87362],[130.80505,33.87514],[130.85503,33.92949],[130.89155,33.88764],[130.96301,33.9622],[131.0215,33.96181],[130.95669,33.82961],[131.01175,33.81956],[130.98502,33.78505],[131.09368,33.62357],[131.18517,33.62219],[131.17749,33.50734],[131.02959,33.51886],[130.94989,33.48767],[130.86725,33.73532],[130.8209,33.721],[130.79642,33.77974],[130.72068,33.77418],[130.67457,33.82152],[130.59163,33.81793],[130.54144,33.88452]]]}},{"type":"Feature","id":"400030","properties":{"region_code":"400030","geometry_key":"400030","name_ja":"筑豊地方","name_en":"Chikuho Region","parent_code":"400000","parent_name_ja":"福岡県","display_name_ja":"福岡県 筑豊地方","office_name_ja":null,"label_lon":130.74480777545853,"label_lat":33.634171661592944,"label_point_semantics":"OFFICIAL_SOURCE_BBOX_CENTER_DISPLAY_ONLY"},"geometry":{"type":"Polygon","coordinates":[[[130.53973,33.68149],[130.55507,33.75146],[130.63597,33.81275],[130.79642,33.77974],[130.8209,33.721],[130.86783,33.73429],[130.94989,33.48767],[130.85551,33.44692],[130.84266,33.48562],[130.62299,33.50513],[130.55818,33.59908],[130.59877,33.61299],[130.53973,33.68149]]]}},{"type":"Feature","id":"400040","properties":{"region_code":"400040","geometry_key":"400040","name_ja":"筑後地方","name_en":"Chikugo Region","parent_code":"400000","parent_name_ja":"福岡県","display_name_ja":"福岡県 筑後地方","office_name_ja":null,"label_lon":130.6198290266883,"label_lat":33.25548656750115,"label_point_semantics":"OFFICIAL_SOURCE_BBOX_CENTER_DISPLAY_ONLY"},"geometry":{"type":"Polygon","coordinates":[[[130.33938,33.20193],[130.53598,33.34296],[130.53533,33.43737],[130.58094,33.43725],[130.56091,33.47538],[130.62042,33.50575],[130.84266,33.48562],[130.85315,33.44768],[130.90014,33.44957],[130.88635,33.3797],[130.83535,33.34355],[130.86805,33.26408],[130.82626,33.23676],[130.8875,33.18648],[130.85332,33.10914],[130.68002,33.17131],[130.65957,33.10948],[130.57688,33.11502],[130.49673,33.05176],[130.50602,33.00271],[130.39666,33.00002],[130.42538,33.05285],[130.33938,33.20193]]]}},{"type":"Feature","id":"410010","properties":{"region_code":"410010","geometry_key":"410010","name_ja":"南部","name_en":"Southern Region","parent_code":"410000","parent_name_ja":"佐賀県","display_name_ja":"佐賀県 南部","office_name_ja":null,"label_lon":130.21976027881385,"label_lat":33.21602902676824,"label_point_semantics":"OFFICIAL_SOURCE_BBOX_CENTER_DISPLAY_ONLY"},"geometry":{"type":"Polygon","coordinates":[[[129.89739,33.22366],[130.14296,33.33901],[130.19852,33.48117],[130.27524,33.4796],[130.41097,33.39504],[130.537,33.43827],[130.53598,33.34296],[130.3733,33.24426],[130.33959,33.20447],[130.35578,33.14036],[130.28781,33.14692],[130.24643,33.2029],[130.12606,33.11718],[130.21187,32.95513],[130.06123,32.98585],[129.93951,33.07294],[129.95628,33.12863],[129.89739,33.22366]]]}},{"type":"Feature","id":"410020","properties":{"region_code":"410020","geometry_key":"410020","name_ja":"北部","name_en":"Northern Region","parent_code":"410000","parent_name_ja":"佐賀県","display_name_ja":"佐賀県 北部","office_name_ja":null,"label_lon":129.95367069384753,"label_lat":33.387580139861626,"label_point_semantics":"OFFICIAL_SOURCE_BBOX_CENTER_DISPLAY_ONLY"},"geometry":{"type":"Polygon","coordinates":[[[129.75897,33.29085],[129.78936,33.34048],[129.85362,33.29159],[129.82757,33.33716],[129.87059,33.40501],[129.78297,33.45127],[129.80658,33.48576],[129.85896,33.45408],[129.83172,33.47506],[129.84593,33.55611],[129.87435,33.51597],[129.93303,33.54942],[129.9693,33.51141],[129.93734,33.48008],[129.99413,33.44788],[130.16879,33.46765],[130.14296,33.33901],[129.89739,33.22366],[129.93485,33.16338],[129.81726,33.18445],[129.81445,33.24227],[129.75897,33.29085]]]}},{"type":"Feature","id":"420010","properties":{"region_code":"420010","geometry_key":"420010","name_ja":"南部","name_en":"Southern Region","parent_code":"420000","parent_name_ja":"長崎県","display_name_ja":"長崎県 南部","office_name_ja":null,"label_lon":129.9629486059435,"label_lat":32.82386294591825,"label_point_semantics":"OFFICIAL_SOURCE_BBOX_CENTER_DISPLAY_ONLY"},"geometry":{"type":"MultiPolygon","coordinates":[[[[129.62484,32.95232],[129.68179,33.09933],[129.76222,33.04897],[129.73873,32.98861],[129.76413,33.02189],[129.82273,32.98178],[129.81313,32.91992],[129.78337,32.94133],[129.81099,32.89481],[129.78858,32.86712],[129.84882,32.8317],[129.89801,32.87999],[129.98557,32.83535],[129.92833,32.96869],[130.04444,33.00414],[130.20286,32.95837],[130.15297,32.89913],[130.19524,32.84812],[130.33106,32.86385],[130.37655,32.73998],[130.34327,32.66849],[130.1674,32.59072],[130.12577,32.68767],[130.2021,32.72057],[130.18866,32.78752],[129.95737,32.76502],[129.89579,32.6619],[129.73891,32.56934],[129.81703,32.65466],[129.7923,32.69493],[129.83723,32.6888],[129.87069,32.7487],[129.81544,32.71817],[129.77711,32.81898],[129.70166,32.83108],[129.62484,32.95232]]],[[[129.58632,33.02979],[129.60778,33.06519],[129.63847,33.06021],[129.60939,33.02213],[129.58632,33.02979]]]]}},{"type":"Feature","id":"420020","properties":{"region_code":"420020","geometry_key":"420020","name_ja":"北部","name_en":"Northern Region","parent_code":"420000","parent_name_ja":"長崎県","display_name_ja":"長崎県 北部","office_name_ja":null,"label_lon":129.68702847593346,"label_lat":33.30173422350566,"label_point_semantics":"OFFICIAL_SOURCE_BBOX_CENTER_DISPLAY_ONLY"},"geometry":{"type":"MultiPolygon","coordinates":[[[[129.55228,33.22124],[129.62259,33.30991],[129.56219,33.32453],[129.56944,33.37775],[129.64451,33.36423],[129.6724,33.39949],[129.70551,33.34649],[129.78883,33.37152],[129.75897,33.29085],[129.81445,33.24227],[129.81715,33.18454],[129.94332,33.16449],[129.95666,33.11804],[129.92236,33.09049],[130.04263,33.00392],[129.96345,32.98355],[129.87493,33.06542],[129.82202,33.03673],[129.79399,33.13839],[129.73142,33.12411],[129.7169,33.16661],[129.71168,33.11599],[129.66573,33.10155],[129.65728,33.13321],[129.69828,33.14179],[129.63534,33.16702],[129.63961,33.22319],[129.62723,33.18734],[129.61467,33.22432],[129.55228,33.22124]]],[[[129.34851,33.18229],[129.35667,33.20754],[129.39992,33.18003],[129.38227,33.22763],[129.4349,33.236],[129.40368,33.26537],[129.44716,33.2918],[129.43747,33.34798],[129.51221,33.38174],[129.52406,33.35453],[129.55244,33.38127],[129.51784,33.40008],[129.555,33.40933],[129.57015,33.3571],[129.47676,33.28798],[129.50474,33.26947],[129.46381,33.2141],[129.34851,33.18229]]],[[[129.72882,33.10012],[129.79502,33.13588],[129.76759,33.05009],[129.72882,33.10012]]],[[[129.79591,33.41263],[129.85869,33.37555],[129.80762,33.35056],[129.79591,33.41263]]],[[[129.39737,33.36064],[129.43491,33.44256],[129.43714,33.3578],[129.39737,33.36064]]],[[[129.7186,33.41504],[129.75333,33.47035],[129.79324,33.43024],[129.7186,33.41504]]],[[[129.49662,33.47191],[129.5474,33.50881],[129.55451,33.489],[129.58352,33.49572],[129.55343,33.46926],[129.5285,33.48645],[129.49662,33.47191]]]]}},{"type":"Feature","id":"420030","properties":{"region_code":"420030","geometry_key":"420030","name_ja":"壱岐・対馬","name_en":"Iki Tsushima","parent_code":"420000","parent_name_ja":"長崎県","display_name_ja":"長崎県 壱岐・対馬","office_name_ja":null,"label_lon":129.5407912320298,"label_lat":34.213521914554775,"label_point_semantics":"OFFICIAL_SOURCE_BBOX_CENTER_DISPLAY_ONLY"},"geometry":{"type":"MultiPolygon","coordinates":[[[[129.22734,34.36239],[129.27654,34.37313],[129.27413,34.44111],[129.31209,34.45012],[129.27392,34.46899],[129.34495,34.53235],[129.28575,34.56277],[129.31977,34.6472],[129.39562,34.63932],[129.41805,34.69556],[129.48267,34.69448],[129.47963,34.61734],[129.43318,34.61733],[129.47939,34.59555],[129.47337,34.55506],[129.36842,34.45222],[129.35173,34.38598],[129.39915,34.41276],[129.37964,34.31283],[129.33429,34.30532],[129.36058,34.33986],[129.33791,34.38078],[129.30957,34.33703],[129.30918,34.38594],[129.28115,34.38352],[129.28779,34.3391],[129.22734,34.36239]]],[[[129.1667,34.10388],[129.2045,34.33122],[129.22228,34.29016],[129.25586,34.31154],[129.29106,34.27854],[129.26675,34.32827],[129.30507,34.27689],[129.34783,34.29756],[129.2824,34.13072],[129.21461,34.08395],[129.21417,34.11308],[129.1667,34.10388]]],[[[129.64231,33.76728],[129.68603,33.75966],[129.64964,33.80688],[129.6887,33.80547],[129.67132,33.83779],[129.70408,33.86352],[129.7687,33.84644],[129.74864,33.80667],[129.79945,33.7884],[129.75793,33.77569],[129.78851,33.74205],[129.71636,33.70389],[129.64231,33.76728]]]]}},{"type":"Feature","id":"420040","properties":{"region_code":"420040","geometry_key":"420040","name_ja":"五島","name_en":"Goto","parent_code":"420000","parent_name_ja":"長崎県","display_name_ja":"長崎県 五島","office_name_ja":null,"label_lon":128.7781705126091,"label_lat":32.636774887501105,"label_point_semantics":"OFFICIAL_SOURCE_BBOX_CENTER_DISPLAY_ONLY"},"geometry":{"type":"MultiPolygon","coordinates":[[[[128.59811,32.61316],[128.61153,32.64696],[128.64302,32.60383],[128.66763,32.63003],[128.63577,32.62843],[128.67918,32.67198],[128.64682,32.69769],[128.66441,32.78478],[128.69165,32.73804],[128.75508,32.76943],[128.77366,32.7343],[128.81058,32.79806],[128.8036,32.75186],[128.85192,32.75013],[128.84874,32.68886],[128.89735,32.65128],[128.7701,32.64475],[128.77192,32.57393],[128.73554,32.60742],[128.59811,32.61316]]],[[[128.99169,32.94385],[129.06581,32.98098],[129.0423,33.02772],[129.08809,33.0246],[129.11573,33.16367],[129.08708,32.9842],[129.16555,33.00879],[129.18228,32.97142],[129.14042,32.93683],[129.10159,32.96152],[129.10018,32.85992],[129.06608,32.86252],[129.0629,32.81662],[129.03799,32.9085],[129.06767,32.90457],[128.99169,32.94385]]],[[[128.83234,32.82945],[128.87629,32.79767],[128.86479,32.84463],[128.91059,32.79698],[128.86453,32.76367],[128.83234,32.82945]]],[[[128.96089,32.90022],[128.99934,32.87825],[128.97763,32.9187],[129.01591,32.92364],[129.02764,32.84488],[128.96089,32.90022]]],[[[129.06966,33.27062],[129.12811,33.30325],[129.15688,33.27191],[129.11884,33.24495],[129.06966,33.27062]]],[[[128.87263,32.86182],[128.90674,32.87477],[128.93317,32.83789],[128.94818,32.88169],[128.94485,32.80178],[128.87263,32.86182]]],[[[129.02832,33.20075],[129.04647,33.21937],[129.09953,33.21155],[129.07975,33.20794],[129.08894,33.18606],[129.04966,33.1828],[129.02832,33.20075]]]]}},{"type":"Feature","id":"430010","properties":{"region_code":"430010","geometry_key":"430010","name_ja":"熊本地方","name_en":"Kumamoto Region","parent_code":"430000","parent_name_ja":"熊本県","display_name_ja":"熊本県 熊本地方","office_name_ja":null,"label_lon":130.8247341962762,"label_lat":32.75495374806707,"label_point_semantics":"OFFICIAL_SOURCE_BBOX_CENTER_DISPLAY_ONLY"},"geometry":{"type":"Polygon","coordinates":[[[130.41414,33.00231],[130.50602,33.00271],[130.49673,33.05176],[130.57688,33.11502],[130.65957,33.10948],[130.6811,33.17101],[130.95698,33.04713],[130.94864,32.87578],[130.98847,32.87475],[130.99872,32.79171],[131.15803,32.81944],[131.23506,32.74438],[131.11555,32.64211],[131.10804,32.58176],[131.04325,32.58234],[130.99567,32.44998],[130.91001,32.4398],[130.86273,32.49366],[130.79506,32.4943],[130.72274,32.45039],[130.74269,32.39892],[130.69353,32.34198],[130.65228,32.37863],[130.53512,32.36557],[130.57544,32.4342],[130.53115,32.52003],[130.57259,32.50747],[130.54384,32.53824],[130.66143,32.63193],[130.45937,32.60731],[130.60704,32.71299],[130.61438,32.79266],[130.4434,32.91529],[130.41414,33.00231]]]}},{"type":"Feature","id":"430020","properties":{"region_code":"430020","geometry_key":"430020","name_ja":"阿蘇地方","name_en":"Aso Region","parent_code":"430000","parent_name_ja":"熊本県","display_name_ja":"熊本県 阿蘇地方","office_name_ja":null,"label_lon":131.13611472136733,"label_lat":32.974305693552964,"label_point_semantics":"OFFICIAL_SOURCE_BBOX_CENTER_DISPLAY_ONLY"},"geometry":{"type":"Polygon","coordinates":[[[130.94272,32.96368],[131.02405,33.08754],[130.97833,33.1409],[130.99222,33.1832],[131.10389,33.18704],[131.26321,32.97715],[131.25739,32.88743],[131.32951,32.83301],[131.26518,32.82646],[131.23422,32.75344],[131.14981,32.82075],[131.00589,32.78752],[130.97184,32.83436],[130.98847,32.87475],[130.94864,32.87578],[130.94272,32.96368]]]}},{"type":"Feature","id":"430030","properties":{"region_code":"430030","geometry_key":"430030","name_ja":"天草・芦北地方","name_en":"Amakusa Ashikita Region","parent_code":"430000","parent_name_ja":"熊本県","display_name_ja":"熊本県 天草・芦北地方","office_name_ja":null,"label_lon":130.29049500014418,"label_lat":32.36938601330391,"label_point_semantics":"OFFICIAL_SOURCE_BBOX_CENTER_DISPLAY_ONLY"},"geometry":{"type":"MultiPolygon","coordinates":[[[[129.9672,32.24312],[130.01089,32.29839],[130.03249,32.27447],[130.07169,32.30033],[129.97686,32.32918],[130.04736,32.49104],[130.0126,32.52977],[130.18901,32.54877],[130.21709,32.42422],[130.1933,32.38787],[130.2257,32.36862],[130.20443,32.32518],[130.15754,32.33518],[130.16088,32.28967],[130.02289,32.18873],[129.99064,32.19723],[129.9993,32.25376],[129.9672,32.24312]]],[[[130.35998,32.18088],[130.4908,32.29879],[130.46511,32.32646],[130.53806,32.41028],[130.53154,32.36673],[130.64219,32.36489],[130.60302,32.34051],[130.58268,32.15491],[130.42884,32.11383],[130.35998,32.18088]]],[[[130.20442,32.44798],[130.31978,32.51922],[130.39468,32.50002],[130.46142,32.52942],[130.38045,32.38239],[130.35203,32.3788],[130.34937,32.42172],[130.23411,32.3851],[130.20442,32.44798]]],[[[130.39357,32.58852],[130.45806,32.61423],[130.4463,32.54821],[130.39357,32.58852]]],[[[130.30041,32.30441],[130.33071,32.3129],[130.34718,32.35057],[130.37438,32.34867],[130.34489,32.31233],[130.30041,32.30441]]]]}},{"type":"Feature","id":"430040","properties":{"region_code":"430040","geometry_key":"430040","name_ja":"球磨地方","name_en":"Kuma Region","parent_code":"430000","parent_name_ja":"熊本県","display_name_ja":"熊本県 球磨地方","office_name_ja":null,"label_lon":130.84565846916308,"label_lat":32.29697152701442,"label_point_semantics":"OFFICIAL_SOURCE_BBOX_CENTER_DISPLAY_ONLY"},"geometry":{"type":"Polygon","coordinates":[[[130.5794,32.19438],[130.60364,32.34213],[130.65228,32.37863],[130.70109,32.34715],[130.74269,32.39892],[130.72274,32.45039],[130.79469,32.49422],[130.86273,32.49366],[130.91001,32.4398],[131.01434,32.46275],[131.11191,32.33001],[131.04162,32.2579],[131.10897,32.16015],[131.01213,32.17433],[130.95559,32.11541],[130.72016,32.10083],[130.5794,32.19438]]]}},{"type":"Feature","id":"440010","properties":{"region_code":"440010","geometry_key":"440010","name_ja":"中部","name_en":"Central Region","parent_code":"440000","parent_name_ja":"大分県","display_name_ja":"大分県 中部","office_name_ja":null,"label_lon":131.64214708217213,"label_lat":33.25511555443933,"label_point_semantics":"OFFICIAL_SOURCE_BBOX_CENTER_DISPLAY_ONLY"},"geometry":{"type":"Polygon","coordinates":[[[131.2564,33.12419],[131.32513,33.17286],[131.26948,33.23139],[131.31648,33.30598],[131.43295,33.3573],[131.40597,33.38021],[131.42103,33.51713],[131.53549,33.47711],[131.58645,33.55947],[131.6088,33.47042],[131.65345,33.43554],[131.71875,33.44798],[131.7015,33.40599],[131.62846,33.42061],[131.65007,33.38406],[131.59302,33.34716],[131.49883,33.36026],[131.51262,33.26749],[131.58927,33.24565],[131.69191,33.27943],[131.75944,33.24023],[131.90268,33.26781],[131.79837,33.12715],[131.89876,33.13565],[131.8589,33.07741],[131.92529,33.06584],[131.94088,33.09686],[131.97098,33.06151],[132.00117,33.09655],[132.00291,33.07018],[131.79001,33.03444],[131.7822,32.97865],[131.67079,32.95075],[131.62859,33.01395],[131.67885,33.08726],[131.55495,33.12042],[131.49516,33.07623],[131.42165,33.07953],[131.45797,33.13891],[131.41698,33.15398],[131.34892,33.10526],[131.2564,33.12419]]]}},{"type":"Feature","id":"440020","properties":{"region_code":"440020","geometry_key":"440020","name_ja":"北部","name_en":"Northern Region","parent_code":"440000","parent_name_ja":"大分県","display_name_ja":"大分県 北部","office_name_ja":null,"label_lon":131.33581317154074,"label_lat":33.52483499518894,"label_point_semantics":"OFFICIAL_SOURCE_BBOX_CENTER_DISPLAY_ONLY"},"geometry":{"type":"Polygon","coordinates":[[[130.92629,33.45762],[131.02959,33.51886],[131.17727,33.50717],[131.18796,33.61974],[131.43113,33.56824],[131.49989,33.67128],[131.5825,33.69237],[131.66577,33.66843],[131.74507,33.54283],[131.73864,33.46495],[131.66292,33.43413],[131.60867,33.47054],[131.58808,33.55898],[131.53549,33.47711],[131.42308,33.51865],[131.40595,33.3805],[131.43295,33.3573],[131.35273,33.30939],[131.09878,33.3885],[131.0252,33.35847],[130.92629,33.45762]]]}},{"type":"Feature","id":"440030","properties":{"region_code":"440030","geometry_key":"440030","name_ja":"西部","name_en":"Western Region","parent_code":"440000","parent_name_ja":"大分県","display_name_ja":"大分県 西部","office_name_ja":null,"label_lon":131.14136236038473,"label_lat":33.142825139418676,"label_point_semantics":"OFFICIAL_SOURCE_BBOX_CENTER_DISPLAY_ONLY"},"geometry":{"type":"Polygon","coordinates":[[[130.82475,33.25105],[130.86799,33.26369],[130.83535,33.34355],[130.92507,33.45768],[131.0252,33.35847],[131.09878,33.3885],[131.33071,33.31889],[131.26948,33.23139],[131.32513,33.17286],[131.2564,33.12419],[131.34892,33.10526],[131.3913,33.1521],[131.45698,33.14155],[131.37881,33.02959],[131.42457,32.96813],[131.39613,32.8594],[131.34706,32.82797],[131.26202,32.8814],[131.26321,32.97715],[131.10506,33.1866],[130.99222,33.1832],[130.97833,33.1409],[131.02405,33.08754],[130.99129,33.02396],[130.84307,33.09382],[130.8875,33.18648],[130.82475,33.25105]]]}},{"type":"Feature","id":"440040","properties":{"region_code":"440040","geometry_key":"440040","name_ja":"南部","name_en":"Southern Region","parent_code":"440000","parent_name_ja":"大分県","display_name_ja":"大分県 南部","office_name_ja":null,"label_lon":131.76217987714966,"label_lat":32.91743261277492,"label_point_semantics":"OFFICIAL_SOURCE_BBOX_CENTER_DISPLAY_ONLY"},"geometry":{"type":"Polygon","coordinates":[[[131.34693,32.82889],[131.39613,32.8594],[131.42458,32.96803],[131.37852,33.02652],[131.40389,33.08134],[131.47472,33.07031],[131.55495,33.12042],[131.67892,33.08719],[131.62862,33.01421],[131.66656,32.95167],[131.7822,32.97865],[131.79001,33.03444],[132.00257,33.06992],[131.92779,33.05145],[131.89546,32.98124],[132.08535,32.93314],[131.97716,32.92301],[132.01561,32.89057],[131.9424,32.83677],[132.00797,32.82663],[131.93666,32.78447],[131.88998,32.80481],[131.89626,32.76441],[131.87485,32.79052],[131.88583,32.74607],[131.85348,32.73674],[131.85898,32.82096],[131.82443,32.82993],[131.74155,32.83436],[131.71114,32.77238],[131.56836,32.75408],[131.51129,32.77033],[131.47526,32.83724],[131.36439,32.80337],[131.34693,32.82889]]]}},{"type":"Feature","id":"450010","properties":{"region_code":"450010","geometry_key":"450010","name_ja":"南部平野部","name_en":"Plain Area of Southern Region","parent_code":"450000","parent_name_ja":"宮崎県","display_name_ja":"宮崎県 南部平野部","office_name_ja":null,"label_lon":131.32894367715903,"label_lat":31.744241113086957,"label_point_semantics":"OFFICIAL_SOURCE_BBOX_CENTER_DISPLAY_ONLY"},"geometry":{"type":"Polygon","coordinates":[[[131.15034,32.0245],[131.19343,32.1321],[131.37294,32.01786],[131.4027,32.06564],[131.50754,32.04628],[131.45446,31.89847],[131.48636,31.92307],[131.45105,31.8367],[131.48855,31.785],[131.46929,31.64531],[131.38206,31.55545],[131.34239,31.36144],[131.25386,31.38074],[131.24306,31.42624],[131.16008,31.45952],[131.20545,31.57995],[131.16144,31.67476],[131.2696,31.76855],[131.22154,31.8276],[131.2516,31.88733],[131.1902,31.88045],[131.20988,31.97896],[131.15034,32.0245]]]}},{"type":"Feature","id":"450020","properties":{"region_code":"450020","geometry_key":"450020","name_ja":"北部平野部","name_en":"Plain Area of Northern Region","parent_code":"450000","parent_name_ja":"宮崎県","display_name_ja":"宮崎県 北部平野部","office_name_ja":null,"label_lon":131.53029638751832,"label_lat":32.42842041452056,"label_point_semantics":"OFFICIAL_SOURCE_BBOX_CENTER_DISPLAY_ONLY"},"geometry":{"type":"Polygon","coordinates":[[[131.17489,32.31064],[131.19012,32.34074],[131.29048,32.30986],[131.47663,32.40595],[131.5322,32.52321],[131.42878,32.55989],[131.48974,32.77365],[131.66886,32.76659],[131.71209,32.77307],[131.74155,32.83436],[131.8588,32.82144],[131.84701,32.73593],[131.8857,32.74583],[131.69025,32.5614],[131.68454,32.50917],[131.72886,32.49226],[131.6567,32.47943],[131.64183,32.43907],[131.67457,32.45413],[131.65404,32.42885],[131.68993,32.42295],[131.64355,32.40775],[131.59118,32.30455],[131.50815,32.04663],[131.4027,32.06564],[131.37294,32.01786],[131.20084,32.12339],[131.28038,32.21009],[131.17489,32.31064]]]}},{"type":"Feature","id":"450030","properties":{"region_code":"450030","geometry_key":"450030","name_ja":"南部山沿い","name_en":"Area along mountains of Southern Region","parent_code":"450000","parent_name_ja":"宮崎県","display_name_ja":"宮崎県 南部山沿い","office_name_ja":null,"label_lon":130.98648888415477,"label_lat":31.897147360562315,"label_point_semantics":"OFFICIAL_SOURCE_BBOX_CENTER_DISPLAY_ONLY"},"geometry":{"type":"Polygon","coordinates":[[[130.70338,32.05855],[130.73519,32.10895],[130.97449,32.12082],[131.01213,32.17433],[131.1683,32.1354],[131.18491,32.08549],[131.15034,32.0245],[131.20988,31.97896],[131.1902,31.88045],[131.2516,31.88733],[131.22154,31.8276],[131.2696,31.76855],[131.16144,31.67476],[131.19374,31.61992],[131.07927,31.66021],[131.05436,31.63337],[130.99006,31.77785],[130.87682,31.8158],[130.91355,31.8864],[130.70338,32.05855]]]}},{"type":"Feature","id":"450040","properties":{"region_code":"450040","geometry_key":"450040","name_ja":"北部山沿い","name_en":"Area along mountains of Northern Region","parent_code":"450000","parent_name_ja":"宮崎県","display_name_ja":"宮崎県 北部山沿い","office_name_ja":null,"label_lon":131.26981236095173,"label_lat":32.48258569372484,"label_point_semantics":"OFFICIAL_SOURCE_BBOX_CENTER_DISPLAY_ONLY"},"geometry":{"type":"Polygon","coordinates":[[[131.00696,32.49006],[131.04325,32.58234],[131.10804,32.58176],[131.11555,32.64211],[131.23506,32.74438],[131.26518,32.82646],[131.36439,32.80337],[131.47526,32.83724],[131.51747,32.8008],[131.43408,32.66113],[131.43047,32.556],[131.48527,32.56509],[131.53267,32.52043],[131.47663,32.40595],[131.28793,32.30909],[131.17647,32.3247],[131.28095,32.1809],[131.17876,32.12795],[131.11422,32.15118],[131.04162,32.2578],[131.11191,32.33001],[131.00696,32.49006]]]}},{"type":"Feature","id":"460010","properties":{"region_code":"460010","geometry_key":"460010","name_ja":"薩摩地方","name_en":"Satsuma Region","parent_code":"460100","parent_name_ja":"鹿児島県（奄美地方除く）","display_name_ja":"鹿児島県（奄美地方除く） 薩摩地方","office_name_ja":null,"label_lon":130.16453820357526,"label_lat":31.569538152763613,"label_point_semantics":"OFFICIAL_SOURCE_BBOX_CENTER_DISPLAY_ONLY"},"geometry":{"type":"MultiPolygon","coordinates":[[[[130.10659,31.4125],[130.15972,31.44019],[130.2511,31.41204],[130.33373,31.56301],[130.31746,31.65803],[130.1668,31.79151],[130.22424,31.91041],[130.17314,31.99187],[130.20767,32.05843],[130.18094,32.11046],[130.30951,32.10812],[130.36054,32.16901],[130.45373,32.1129],[130.60861,32.18739],[130.7207,32.10068],[130.7034,32.05839],[130.77746,32.01607],[130.79993,31.94974],[130.914,31.88579],[130.87502,31.84269],[130.91121,31.66691],[130.86884,31.66559],[130.88332,31.62216],[130.81303,31.60881],[130.79659,31.70085],[130.66026,31.72857],[130.51453,31.49404],[130.54566,31.47896],[130.51288,31.4624],[130.56467,31.3225],[130.66771,31.26731],[130.587,31.1552],[130.51812,31.16586],[130.45941,31.25131],[130.21635,31.2482],[130.19895,31.29505],[130.22551,31.30865],[130.17325,31.32396],[130.20954,31.34776],[130.10659,31.4125]]],[[[130.09073,32.18064],[130.17515,32.22929],[130.20946,32.15368],[130.15718,32.08952],[130.09073,32.18064]]],[[[130.59106,31.58882],[130.67915,31.62939],[130.72388,31.5621],[130.63914,31.54514],[130.59106,31.58882]]],[[[129.65807,31.65857],[129.80264,31.78485],[129.71385,31.62196],[129.65807,31.65857]]],[[[129.81659,31.86041],[129.85296,31.88299],[129.91089,31.84294],[129.9398,31.86908],[129.92858,31.82256],[129.8721,31.8008],[129.84115,31.8503],[129.86526,31.85985],[129.81659,31.86041]]],[[[130.2095,32.25492],[130.25748,32.30815],[130.26894,32.27985],[130.2095,32.25492]]]]}},{"type":"Feature","id":"460020","properties":{"region_code":"460020","geometry_key":"460020","name_ja":"大隅地方","name_en":"Osumi Region","parent_code":"460100","parent_name_ja":"鹿児島県（奄美地方除く）","display_name_ja":"鹿児島県（奄美地方除く） 大隅地方","office_name_ja":null,"label_lon":130.92932763945907,"label_lat":31.398827500189043,"label_point_semantics":"OFFICIAL_SOURCE_BBOX_CENTER_DISPLAY_ONLY"},"geometry":{"type":"Polygon","coordinates":[[[130.65321,31.07045],[130.74438,31.13174],[130.80349,31.33236],[130.68825,31.47812],[130.69841,31.55601],[130.76696,31.56356],[130.80106,31.63193],[130.82344,31.60476],[130.88332,31.62216],[130.86884,31.66559],[130.91121,31.66691],[130.88454,31.80543],[130.98698,31.78015],[131.05436,31.63337],[131.07927,31.66021],[131.1652,31.63924],[131.20545,31.57995],[131.1603,31.46186],[131.10868,31.47629],[131.01731,31.38445],[131.10887,31.33055],[131.07697,31.27138],[131.13214,31.28075],[131.01702,31.22796],[130.96253,31.1382],[130.66052,30.99427],[130.67821,31.06201],[130.65321,31.07045]]]}},{"type":"Feature","id":"460030","properties":{"region_code":"460030","geometry_key":"460030","name_ja":"種子島・屋久島地方","name_en":"Tanegashima Yakushima Region","parent_code":"460100","parent_name_ja":"鹿児島県（奄美地方除く）","display_name_ja":"鹿児島県（奄美地方除く） 種子島・屋久島地方","office_name_ja":null,"label_lon":130.49402319706297,"label_lat":30.5390156937693,"label_point_semantics":"OFFICIAL_SOURCE_BBOX_CENTER_DISPLAY_ONLY"},"geometry":{"type":"MultiPolygon","coordinates":[[[[130.37636,30.38276],[130.4985,30.46941],[130.66191,30.38716],[130.66523,30.31547],[130.5822,30.23888],[130.44252,30.23591],[130.37636,30.38276]]],[[[130.84872,30.46495],[130.94407,30.56721],[130.94005,30.66916],[131.0567,30.83983],[131.07857,30.69637],[130.96277,30.48009],[130.96794,30.37284],[130.87152,30.34518],[130.84872,30.46495]]],[[[130.14298,30.48938],[130.26409,30.43442],[130.20975,30.42208],[130.14298,30.48938]]],[[[129.90435,30.8331],[129.93903,30.85169],[129.96489,30.83227],[129.9301,30.8118],[129.90435,30.8331]]],[[[130.26148,30.78274],[130.30335,30.80854],[130.32179,30.79238],[130.27776,30.77241],[130.26148,30.78274]]]]}},{"type":"Feature","id":"460040","properties":{"region_code":"460040","geometry_key":"460040","name_ja":"奄美地方","name_en":"Amami Region","parent_code":"460040","parent_name_ja":"奄美地方","display_name_ja":"奄美地方 奄美地方","office_name_ja":null,"label_lon":129.2319816924013,"label_lat":28.53752191395523,"label_point_semantics":"OFFICIAL_SOURCE_BBOX_CENTER_DISPLAY_ONLY"},"geometry":{"type":"MultiPolygon","coordinates":[[[[129.13383,28.25407],[129.27421,28.26137],[129.29381,28.28444],[129.21085,28.30671],[129.3391,28.36851],[129.40022,28.35559],[129.39496,28.38604],[129.44662,28.38013],[129.46348,28.4138],[129.49935,28.38245],[129.54419,28.4625],[129.62211,28.47821],[129.58962,28.41372],[129.62054,28.45089],[129.62038,28.4181],[129.65357,28.42247],[129.64789,28.46809],[129.67419,28.46159],[129.64554,28.50031],[129.67642,28.52703],[129.71904,28.47492],[129.71016,28.42184],[129.6127,28.40068],[129.54106,28.30829],[129.40776,28.25044],[129.47716,28.21153],[129.4043,28.19226],[129.40101,28.15385],[129.338,28.17018],[129.37811,28.10893],[129.26314,28.18306],[129.29413,28.2231],[129.25434,28.23339],[129.24715,28.20361],[129.13383,28.25407]]],[[[128.87886,27.82807],[128.89978,27.89295],[128.97241,27.89191],[128.96872,27.81759],[129.03796,27.76882],[128.98702,27.67006],[128.92642,27.66565],[128.88124,27.7219],[128.90726,27.76327],[128.87886,27.82807]]],[[[128.51998,27.37572],[128.53312,27.40524],[128.71375,27.43482],[128.57633,27.32996],[128.51998,27.37572]]],[[[129.17563,28.18783],[129.23991,28.19407],[129.20312,28.18074],[129.27012,28.16775],[129.24524,28.12211],[129.34283,28.1185],[129.34104,28.07692],[129.27452,28.06595],[129.25106,28.11127],[129.21558,28.07684],[129.21982,28.13973],[129.17563,28.18783]]],[[[129.91318,28.31186],[130.03348,28.36895],[129.97184,28.28323],[129.91318,28.31186]]],[[[129.83408,29.86],[129.86714,29.88302],[129.91777,29.81991],[129.83408,29.86]]],[[[129.68359,29.65202],[129.74307,29.66918],[129.70604,29.60204],[129.68359,29.65202]]],[[[128.39537,27.04741],[128.43852,27.06674],[128.45828,27.02455],[128.39537,27.04741]]],[[[129.89944,29.97639],[129.91673,30.00739],[129.94592,29.95558],[129.89944,29.97639]]],[[[129.20481,28.03635],[129.21623,28.05497],[129.2338,28.03126],[129.26829,28.03574],[129.26916,28.01582],[129.25727,28.00513],[129.20481,28.03635]]]]}},{"type":"Feature","id":"471010","properties":{"region_code":"471010","geometry_key":"471010","name_ja":"本島中南部","name_en":"Central and Southern Main Island","parent_code":"471000","parent_name_ja":"沖縄本島地方","display_name_ja":"沖縄本島地方 本島中南部","office_name_ja":null,"label_lon":127.55154103748896,"label_lat":26.338269072859475,"label_point_semantics":"OFFICIAL_SOURCE_BBOX_CENTER_DISPLAY_ONLY"},"geometry":{"type":"MultiPolygon","coordinates":[[[[127.6365,26.19866],[127.75793,26.29775],[127.71153,26.44066],[127.78352,26.41545],[127.83813,26.44871],[127.92393,26.30861],[127.86205,26.34467],[127.81161,26.2997],[127.76063,26.20235],[127.83062,26.16576],[127.67681,26.07452],[127.6365,26.19866]]],[[[127.33888,26.18263],[127.36989,26.22018],[127.34882,26.14579],[127.33888,26.18263]]]]}},{"type":"Feature","id":"471020","properties":{"region_code":"471020","geometry_key":"471020","name_ja":"本島北部","name_en":"Northern Main Island","parent_code":"471000","parent_name_ja":"沖縄本島地方","display_name_ja":"沖縄本島地方 本島北部","office_name_ja":null,"label_lon":128.03878619382783,"label_lat":26.758165314627604,"label_point_semantics":"OFFICIAL_SOURCE_BBOX_CENTER_DISPLAY_ONLY"},"geometry":{"type":"MultiPolygon","coordinates":[[[[127.74185,26.42204],[127.97991,26.56553],[127.89487,26.6066],[127.88004,26.70987],[128.00055,26.69216],[127.98267,26.64915],[128.05219,26.63496],[128.12458,26.66175],[128.09863,26.68061],[128.23198,26.79799],[128.249,26.87042],[128.30591,26.84473],[128.32475,26.74295],[128.23855,26.63194],[128.14812,26.62913],[128.13858,26.55351],[128.04168,26.5592],[128.05311,26.52044],[127.99605,26.50887],[127.9488,26.43772],[127.8698,26.45761],[127.74185,26.42204]]],[[[127.74892,26.72225],[127.8079,26.73912],[127.83133,26.71688],[127.76293,26.70684],[127.74892,26.72225]]],[[[127.93221,27.01895],[128.02206,27.0933],[127.93526,26.99471],[127.93221,27.01895]]],[[[127.91183,26.93707],[127.94473,26.95469],[127.95399,26.91441],[127.91183,26.93707]]]]}},{"type":"Feature","id":"471030","properties":{"region_code":"471030","geometry_key":"471030","name_ja":"久米島","name_en":"Kumejima","parent_code":"471000","parent_name_ja":"沖縄本島地方","display_name_ja":"沖縄本島地方 久米島","office_name_ja":null,"label_lon":127.47208444274287,"label_lat":27.07706763486351,"label_point_semantics":"OFFICIAL_SOURCE_BBOX_CENTER_DISPLAY_ONLY"},"geometry":{"type":"Polygon","coordinates":[[[126.70776,26.35764],[126.7812,26.39006],[126.82593,26.35211],[126.81263,26.29185],[126.70776,26.35764]]]}},{"type":"Feature","id":"472000","properties":{"region_code":"472000","geometry_key":"472000","name_ja":"大東島地方","name_en":"Daitojima Region","parent_code":"472000","parent_name_ja":"大東島地方","display_name_ja":"大東島地方 大東島地方","office_name_ja":null,"label_lon":131.25637605700945,"label_lat":25.2110881804752,"label_point_semantics":"OFFICIAL_SOURCE_BBOX_CENTER_DISPLAY_ONLY"},"geometry":{"type":"MultiPolygon","coordinates":[[[[131.21336,25.82337],[131.22547,25.87022],[131.27145,25.85848],[131.25695,25.8174],[131.21336,25.82337]]],[[[131.2839,25.95666],[131.33211,25.95109],[131.30716,25.92815],[131.2839,25.95666]]]]}},{"type":"Feature","id":"473000","properties":{"region_code":"473000","geometry_key":"473000","name_ja":"宮古島地方","name_en":"Miyakojima Region","parent_code":"473000","parent_name_ja":"宮古島地方","display_name_ja":"宮古島地方 宮古島地方","office_name_ja":null,"label_lon":125.07786517498789,"label_lat":24.842580017903572,"label_point_semantics":"OFFICIAL_SOURCE_BBOX_CENTER_DISPLAY_ONLY"},"geometry":{"type":"MultiPolygon","coordinates":[[[[125.25251,24.7564],[125.28495,24.75271],[125.25605,24.79466],[125.29611,24.83761],[125.26586,24.91612],[125.3352,24.79892],[125.46942,24.71893],[125.30879,24.71158],[125.25251,24.7564]]],[[[125.15529,24.83707],[125.17871,24.86165],[125.22188,24.814],[125.15529,24.83707]]],[[[124.6708,24.66054],[124.70954,24.67865],[124.72845,24.6572],[124.68694,24.63766],[124.6708,24.66054]]]]}},{"type":"Feature","id":"474010","properties":{"region_code":"474010","geometry_key":"474010","name_ja":"石垣島地方","name_en":"Ishigakijima Region","parent_code":"474000","parent_name_ja":"八重山地方","display_name_ja":"八重山地方 石垣島地方","office_name_ja":null,"label_lon":124.00941425431444,"label_lat":24.98738722104349,"label_point_semantics":"OFFICIAL_SOURCE_BBOX_CENTER_DISPLAY_ONLY"},"geometry":{"type":"MultiPolygon","coordinates":[[[[123.66165,24.30866],[123.71024,24.31487],[123.7037,24.35012],[123.75158,24.31269],[123.77026,24.4369],[123.81585,24.39043],[123.87285,24.40402],[123.94065,24.3614],[123.87811,24.25539],[123.66165,24.30866]]],[[[124.06904,24.43141],[124.11975,24.44676],[124.11781,24.48252],[124.13998,24.44241],[124.22289,24.45536],[124.31216,24.61053],[124.33996,24.60552],[124.25241,24.46677],[124.23877,24.34624],[124.14539,24.33711],[124.11095,24.36549],[124.14309,24.41376],[124.06904,24.43141]]],[[[123.75282,24.05491],[123.77674,24.07143],[123.81061,24.06184],[123.79535,24.04587],[123.75282,24.05491]]]]}},{"type":"Feature","id":"474020","properties":{"region_code":"474020","geometry_key":"474020","name_ja":"与那国島地方","name_en":"Yonagunijima Region","parent_code":"474000","parent_name_ja":"八重山地方","display_name_ja":"八重山地方 与那国島地方","office_name_ja":null,"label_lon":122.98956306078668,"label_lat":24.45569569769833,"label_point_semantics":"OFFICIAL_SOURCE_BBOX_CENTER_DISPLAY_ONLY"},"geometry":{"type":"Polygon","coordinates":[[[122.93365,24.44934],[122.96264,24.47265],[123.0438,24.46222],[123.01088,24.43682],[122.93365,24.44934]]]}}]}
