{"type":"FeatureCollection","schema_version":"2.0.0","product":"LPZ_PUBLIC_JMA_PRIMARY_SUBDIVISION_GEOMETRY","geographic_unit":"JMA_PRIMARY_SUBDIVISION","geometry_key":"region_code","lod":"regional","display_geometry_semantics":"TOPOLOGY_SAFE_SIMPLIFIED_DERIVATIVE_FOR_WEB_DISPLAY_ONLY","scientific_masking_allowed":false,"risk_engine_allowed":false,"source":{"authority":"Japan Meteorological Agency","source_id":"JMA_PRIMARY_SUBDIVISION_GIS","source_page":"https://www.data.jma.go.jp/developer/gis.html","source_zip_url":"https://www.data.jma.go.jp/developer/gis/20190125_AreaForecastLocalM_1saibun_GIS.zip","area_metadata_url":"https://www.jma.go.jp/bosai/common/const/area.json","source_crs":"JGD2011 geographic lon/lat","source_zip_sha256":"1a085be077321738f301fe0e321f66539b5b2e7d6c9865b3cb263d19dd5c7939","area_metadata_sha256":"b2716ef1f338f66a7080c2498f0768e3941eebbd6880af70917f67b16ec09992"},"display_transform":{"simplification_algorithm":"CYCLIC_RDP_WITH_ADAPTIVE_TOLERANCE_BACKOFF","tolerance_degrees":0.006,"min_polygon_area_deg2":0.00015,"min_hole_area_deg2":0.0006,"collapsed_ring_policy":"BACK_OFF_TOLERANCE_THEN_KEEP_OFFICIAL_RING_NEVER_TRIANGLE_FLOOR","tiny_part_policy":"PRUNE_BY_LOD_KEEP_LARGEST_PART_PER_REGION","research_geometry_modified":false},"region_count":142,"features":[{"type":"Feature","id":"011000","properties":{"region_code":"011000","geometry_key":"011000","name_ja":"宗谷地方","name_en":"Soya Region","parent_code":"011000","parent_name_ja":"宗谷地方","display_name_ja":"宗谷地方 宗谷地方","office_name_ja":null,"label_lon":141.90171930570148,"label_lat":45.05228805874697,"label_point_semantics":"OFFICIAL_SOURCE_BBOX_CENTER_DISPLAY_ONLY"},"geometry":{"type":"MultiPolygon","coordinates":[[[[141.56843,45.20484],[141.57337,45.23783],[141.6173,45.2866],[141.61826,45.30356],[141.6088,45.30892],[141.61762,45.30885],[141.60724,45.31191],[141.62798,45.31808],[141.65519,45.35234],[141.65702,45.36963],[141.63432,45.40527],[141.64315,45.44897],[141.66665,45.43762],[141.6756,45.42113],[141.69655,45.41518],[141.68022,45.41859],[141.68103,45.40302],[141.6792,45.4112],[141.69179,45.40151],[141.7066,45.40676],[141.70871,45.39608],[141.74175,45.40166],[141.74637,45.41365],[141.76556,45.40434],[141.79787,45.40706],[141.86463,45.44064],[141.87854,45.46128],[141.87238,45.46531],[141.87865,45.49454],[141.89252,45.51083],[141.94654,45.52215],[141.96158,45.51026],[141.96976,45.48256],[142.01879,45.45356],[142.04566,45.4058],[142.17144,45.34322],[142.26849,45.2404],[142.40672,45.12068],[142.48221,45.06143],[142.50443,45.06002],[142.49846,45.05168],[142.5078,45.04001],[142.53414,45.02858],[142.54012,44.99113],[142.58476,44.96142],[142.57912,44.9483],[142.59167,44.93893],[142.58792,44.92697],[142.59534,44.93058],[142.58666,44.92671],[142.58949,44.91727],[142.6325,44.88782],[142.65756,44.84263],[142.68078,44.83268],[142.73781,44.76093],[142.84206,44.6872],[142.79269,44.64043],[142.76256,44.63458],[142.74148,44.64178],[142.70252,44.6301],[142.6844,44.61562],[142.68987,44.60476],[142.6501,44.59045],[142.6418,44.59719],[142.58822,44.59367],[142.56385,44.60066],[142.56258,44.61511],[142.53672,44.61475],[142.50976,44.58254],[142.49192,44.5781],[142.47257,44.61854],[142.44081,44.61738],[142.413,44.63687],[142.4053,44.64944],[142.41858,44.67661],[142.39525,44.70075],[142.32745,44.71016],[142.32435,44.72677],[142.30257,44.74811],[142.31204,44.7787],[142.28351,44.78845],[142.28107,44.82233],[142.22098,44.82496],[142.18762,44.79619],[142.16054,44.80492],[142.16573,44.85237],[142.1498,44.85498],[142.16016,44.87009],[142.13334,44.90216],[142.03378,44.8979],[142.0221,44.911],[141.99094,44.89748],[141.98614,44.91694],[141.95447,44.89751],[141.94755,44.91138],[141.93032,44.90825],[141.92628,44.89821],[141.90973,44.90739],[141.91687,44.91892],[141.87476,44.93097],[141.87622,44.95629],[141.85999,44.99163],[141.80066,44.99221],[141.7649,44.98457],[141.71537,44.953],[141.74042,44.88193],[141.73219,44.87793],[141.73667,44.88732],[141.7083,44.94954],[141.58831,45.15143],[141.56843,45.20484]]],[[[141.12683,45.18617],[141.14173,45.1904],[141.13654,45.21963],[141.19915,45.25973],[141.2322,45.24676],[141.22948,45.23541],[141.27043,45.23549],[141.3033,45.21487],[141.32461,45.18366],[141.33042,45.15028],[141.28577,45.10907],[141.23648,45.09717],[141.16601,45.13718],[141.14117,45.16165],[141.13936,45.18236],[141.12683,45.18617]]],[[[140.96591,45.45725],[140.96769,45.46418],[140.9915,45.43841],[141.01332,45.43303],[141.03486,45.44039],[141.03342,45.46098],[141.0674,45.42397],[141.05615,45.40677],[141.05931,45.35309],[141.04922,45.33966],[141.05724,45.3188],[141.04355,45.27411],[141.02617,45.27365],[141.01463,45.28408],[141.02563,45.29116],[141.02277,45.30964],[141.00241,45.32822],[140.98291,45.38038],[140.99167,45.40785],[140.98258,45.41548],[140.99441,45.42383],[140.96643,45.43839],[140.97685,45.44763],[140.96591,45.45725]]]]}},{"type":"Feature","id":"012010","properties":{"region_code":"012010","geometry_key":"012010","name_ja":"上川地方","name_en":"Kamikawa Region","parent_code":"012000","parent_name_ja":"上川・留萌地方","display_name_ja":"上川・留萌地方 上川地方","office_name_ja":null,"label_lon":142.57803125154112,"label_lat":43.89460375256118,"label_point_semantics":"OFFICIAL_SOURCE_BBOX_CENTER_DISPLAY_ONLY"},"geometry":{"type":"Polygon","coordinates":[[[141.97634,44.74579],[142.00108,44.80085],[141.99797,44.83366],[142.0096,44.84356],[142.00549,44.85921],[141.98939,44.87077],[142.00125,44.89269],[142.02934,44.90538],[142.03404,44.89789],[142.13334,44.90216],[142.16016,44.87009],[142.1498,44.85498],[142.16573,44.85237],[142.16054,44.80492],[142.18762,44.79619],[142.22098,44.82496],[142.28107,44.82233],[142.28351,44.78845],[142.31204,44.7787],[142.30257,44.74811],[142.32435,44.72677],[142.32745,44.71016],[142.39525,44.70075],[142.41858,44.67661],[142.4053,44.64944],[142.413,44.63687],[142.44081,44.61738],[142.47257,44.61854],[142.49192,44.5781],[142.50976,44.58254],[142.53672,44.61475],[142.56258,44.61511],[142.56385,44.60066],[142.58822,44.59367],[142.6441,44.59652],[142.6447,44.58102],[142.65709,44.57628],[142.63253,44.54308],[142.64615,44.53058],[142.62794,44.52299],[142.60057,44.4855],[142.58407,44.43368],[142.65052,44.43767],[142.68343,44.47348],[142.71203,44.486],[142.71731,44.46293],[142.74918,44.45496],[142.76708,44.46693],[142.78917,44.45349],[142.84886,44.45965],[142.84017,44.44682],[142.8513,44.43833],[142.81876,44.41901],[142.8305,44.39696],[142.82311,44.38755],[142.82889,44.3788],[142.80263,44.33145],[142.82417,44.32885],[142.82637,44.27241],[142.85925,44.25727],[142.87559,44.2288],[142.86469,44.21831],[142.87247,44.20379],[142.86814,44.18855],[142.88215,44.16607],[142.86336,44.15483],[142.83799,44.15626],[142.84173,44.1275],[142.86049,44.1087],[142.85683,44.09055],[142.87054,44.08487],[142.86037,44.06935],[142.87879,44.05171],[142.86647,44.04033],[142.87651,44.03281],[142.8742,44.01911],[142.88985,44.02067],[142.90255,43.98972],[142.88883,43.97644],[142.88021,43.94378],[142.892,43.94313],[142.88576,43.9334],[142.89771,43.92182],[142.98157,43.94378],[143.01229,43.92192],[143.03712,43.92814],[143.05475,43.917],[143.01941,43.88634],[143.02127,43.86485],[143.00851,43.85893],[143.01802,43.84609],[143.01026,43.82647],[143.04661,43.81249],[143.01226,43.7944],[143.00703,43.75976],[143.02434,43.74535],[143.0636,43.7482],[143.07986,43.73794],[143.15378,43.76339],[143.17972,43.73509],[143.16897,43.72127],[143.17185,43.70692],[143.16036,43.70554],[143.13957,43.67752],[143.17423,43.64024],[143.13653,43.60788],[143.14141,43.59196],[143.05986,43.55519],[143.03613,43.56163],[143.01371,43.52854],[142.97571,43.53931],[142.95772,43.52628],[142.9064,43.56475],[142.86131,43.56529],[142.8502,43.54892],[142.85082,43.5283],[142.83894,43.52206],[142.80868,43.52939],[142.81326,43.51389],[142.71451,43.45175],[142.71057,43.43276],[142.67566,43.41171],[142.67189,43.40458],[142.72013,43.36015],[142.74685,43.35073],[142.76104,43.3574],[142.76911,43.34586],[142.74862,43.34013],[142.7349,43.29784],[142.74714,43.26548],[142.73394,43.24925],[142.7421,43.24065],[142.73322,43.23303],[142.73637,43.21955],[142.76288,43.20101],[142.76704,43.18078],[142.77924,43.17374],[142.76463,43.16186],[142.76524,43.12457],[142.74528,43.115],[142.75124,43.10994],[142.73685,43.0952],[142.7437,43.0874],[142.72682,43.07596],[142.7468,43.05834],[142.75437,43.01311],[142.74035,43.00479],[142.72777,43.0098],[142.70263,42.99025],[142.66621,42.98198],[142.63191,42.98628],[142.58751,42.96631],[142.57215,42.92918],[142.54625,42.91088],[142.52159,42.92327],[142.50306,42.91397],[142.48646,42.92346],[142.44317,42.91151],[142.40936,42.93371],[142.39892,42.93157],[142.40431,42.91426],[142.38128,42.88726],[142.33911,42.88387],[142.32463,42.89077],[142.334,42.90752],[142.31249,42.91814],[142.30186,42.94083],[142.27279,42.95017],[142.28394,42.96791],[142.28862,43.00986],[142.33018,43.03167],[142.32071,43.0466],[142.26815,43.06698],[142.24344,43.10588],[142.25309,43.13314],[142.26391,43.13667],[142.25561,43.16041],[142.28409,43.19788],[142.27629,43.23319],[142.28887,43.28092],[142.2716,43.30227],[142.28143,43.32263],[142.29684,43.32935],[142.29273,43.35105],[142.35099,43.37833],[142.3408,43.39138],[142.36768,43.42525],[142.35533,43.47202],[142.36822,43.48679],[142.33703,43.50605],[142.32178,43.5443],[142.30125,43.55185],[142.28773,43.57435],[142.2828,43.60303],[142.29298,43.63207],[142.27783,43.65332],[142.25756,43.66082],[142.19969,43.64101],[142.17798,43.67324],[142.18412,43.7124],[142.17127,43.72816],[142.19954,43.73432],[142.19525,43.75168],[142.22658,43.77603],[142.22197,43.78814],[142.24008,43.79918],[142.23807,43.80821],[142.20862,43.8379],[142.21993,43.85402],[142.2156,43.86438],[142.15919,43.87513],[142.16201,43.89236],[142.1222,43.9326],[142.10532,43.96532],[142.11275,43.97716],[142.08865,44.02259],[142.09611,44.0438],[142.05508,44.05546],[142.06998,44.06953],[142.05243,44.10418],[142.07818,44.12923],[142.07126,44.15785],[142.08818,44.18846],[142.0468,44.20314],[142.04354,44.21247],[142.05074,44.21984],[142.0434,44.22793],[142.06559,44.24177],[142.05224,44.2599],[142.03082,44.26193],[142.03955,44.26925],[142.03087,44.28447],[142.06004,44.29433],[142.0519,44.3111],[142.06101,44.33606],[142.03678,44.34569],[142.02115,44.39391],[142.06525,44.41433],[142.08471,44.43717],[142.10615,44.43899],[142.11535,44.47459],[142.11171,44.48818],[142.07291,44.49615],[142.04078,44.52888],[142.05531,44.55204],[142.04025,44.58594],[142.00917,44.59893],[142.01431,44.61931],[142.0033,44.62437],[142.00314,44.64587],[142.00978,44.65395],[141.9978,44.65803],[141.98859,44.68567],[142.00035,44.68887],[141.99257,44.70893],[141.9996,44.72388],[141.98484,44.72813],[141.97634,44.74579]]]}},{"type":"Feature","id":"012020","properties":{"region_code":"012020","geometry_key":"012020","name_ja":"留萌地方","name_en":"Rumoi Region","parent_code":"012000","parent_name_ja":"上川・留萌地方","display_name_ja":"上川・留萌地方 留萌地方","office_name_ja":null,"label_lon":141.70313115447925,"label_lat":44.3388626393494,"label_point_semantics":"OFFICIAL_SOURCE_BBOX_CENTER_DISPLAY_ONLY"},"geometry":{"type":"MultiPolygon","coordinates":[[[[141.33743,43.73749],[141.38753,43.8067],[141.45693,43.83579],[141.49357,43.8362],[141.51034,43.85638],[141.53655,43.85911],[141.52929,43.85679],[141.53408,43.85135],[141.56072,43.85898],[141.59756,43.88446],[141.62683,43.92097],[141.63409,43.9392],[141.62954,43.96313],[141.63509,43.94802],[141.64708,43.94399],[141.63601,43.95903],[141.64552,43.97113],[141.63302,43.97437],[141.64628,43.97596],[141.6494,43.99954],[141.65878,44.00528],[141.66285,44.05023],[141.65325,44.1406],[141.65799,44.24216],[141.64736,44.31607],[141.67206,44.32386],[141.69433,44.37669],[141.69438,44.36844],[141.70246,44.36923],[141.69757,44.37401],[141.7054,44.37654],[141.69781,44.37806],[141.7062,44.37696],[141.74866,44.43583],[141.76148,44.47899],[141.7616,44.53522],[141.78684,44.58463],[141.79252,44.63948],[141.77754,44.75711],[141.73842,44.87675],[141.73431,44.86981],[141.74042,44.88193],[141.71537,44.953],[141.76574,44.98487],[141.8559,44.99316],[141.8731,44.96808],[141.87476,44.93097],[141.91687,44.91892],[141.90973,44.90739],[141.92607,44.89831],[141.93032,44.90825],[141.94755,44.91138],[141.95447,44.89751],[141.98605,44.91694],[141.99094,44.89748],[142.02475,44.91044],[142.02738,44.90368],[142.00125,44.89269],[141.9896,44.87471],[142.0096,44.84356],[141.99797,44.83366],[142.00108,44.80085],[141.97634,44.74579],[141.98484,44.72813],[141.9996,44.72388],[141.99257,44.70893],[142.00035,44.68887],[141.98862,44.68553],[141.9978,44.65803],[142.00978,44.65395],[142.00314,44.64587],[142.0033,44.62437],[142.01431,44.61931],[142.00917,44.59893],[142.04025,44.58594],[142.05531,44.55204],[142.04078,44.52888],[142.07291,44.49615],[142.11171,44.48818],[142.116,44.46811],[142.10615,44.43899],[142.08471,44.43717],[142.06525,44.41433],[142.02115,44.39391],[142.03678,44.34569],[142.06101,44.33606],[142.0519,44.3111],[142.06004,44.29433],[142.03087,44.28447],[142.03955,44.26925],[142.03082,44.26193],[142.05224,44.2599],[142.06559,44.24177],[142.0434,44.22793],[142.05074,44.21984],[142.04354,44.21247],[142.0468,44.20314],[142.08818,44.18846],[142.07126,44.15785],[142.07818,44.12923],[142.05243,44.10418],[142.06998,44.06953],[142.05504,44.0556],[142.06605,44.04914],[142.05371,44.01892],[142.05986,44.01182],[142.04775,44.01343],[142.03272,43.99839],[142.01668,44.00628],[141.99611,44.00627],[141.98573,43.99329],[141.94962,43.99958],[141.93103,43.98325],[141.92914,43.96118],[141.90135,43.9567],[141.8851,43.94329],[141.88134,43.92245],[141.90026,43.89754],[141.86835,43.88254],[141.85837,43.84665],[141.84694,43.85131],[141.82991,43.84257],[141.83058,43.83227],[141.79819,43.82817],[141.80443,43.80131],[141.7709,43.78453],[141.7697,43.7565],[141.7484,43.77189],[141.74245,43.78998],[141.69887,43.79621],[141.69993,43.74966],[141.63225,43.75986],[141.61385,43.74189],[141.60135,43.74378],[141.55057,43.7137],[141.52305,43.71566],[141.52479,43.70771],[141.49063,43.68444],[141.46621,43.70199],[141.41734,43.7112],[141.40527,43.73771],[141.37136,43.72761],[141.33743,43.73749]]],[[[141.29179,44.41953],[141.32528,44.4421],[141.33557,44.43228],[141.3196,44.41559],[141.29444,44.41266],[141.29179,44.41953]]],[[[141.38071,44.43379],[141.42321,44.44643],[141.43042,44.44058],[141.42243,44.42719],[141.38071,44.43379]]]]}},{"type":"Feature","id":"013010","properties":{"region_code":"013010","geometry_key":"013010","name_ja":"網走地方","name_en":"Abashiri Region","parent_code":"013000","parent_name_ja":"網走・北見・紋別地方","display_name_ja":"網走・北見・紋別地方 網走地方","office_name_ja":null,"label_lon":144.45430652422675,"label_lat":43.90395894115227,"label_point_semantics":"OFFICIAL_SOURCE_BBOX_CENTER_DISPLAY_ONLY"},"geometry":{"type":"Polygon","coordinates":[[[143.57097,43.95676],[143.58907,43.9699],[143.58729,43.98934],[143.61337,43.99557],[143.64833,43.98807],[143.66405,44.01101],[143.6822,44.01708],[143.71287,44.0069],[143.74685,44.09324],[143.74189,44.12066],[143.77569,44.14434],[143.77645,44.18469],[143.78424,44.18704],[143.78365,44.17967],[143.92944,44.14688],[144.06917,44.12428],[144.10055,44.1293],[144.11178,44.11845],[144.1597,44.10822],[144.21739,44.10207],[144.24361,44.11352],[144.2569,44.08745],[144.25191,44.06162],[144.26165,44.05684],[144.25488,44.03864],[144.27314,44.02383],[144.29127,44.02478],[144.27789,44.02371],[144.29208,44.01888],[144.28214,44.01105],[144.30123,43.99184],[144.29852,43.98268],[144.39848,43.9461],[144.57006,43.91976],[144.66855,43.92313],[144.66028,43.91547],[144.79522,43.93137],[144.83489,43.95186],[144.84871,43.97365],[144.91071,44.00456],[144.93558,44.04304],[144.94542,44.03958],[144.97645,44.06777],[144.99718,44.07264],[145.01525,44.10013],[145.0694,44.12377],[145.12035,44.16371],[145.19193,44.19535],[145.22977,44.25261],[145.28087,44.29007],[145.29088,44.3094],[145.30627,44.31231],[145.32069,44.34053],[145.33764,44.34131],[145.32579,44.3255],[145.31972,44.26576],[145.27734,44.21973],[145.28538,44.19952],[145.27909,44.18946],[145.28756,44.18541],[145.27155,44.17778],[145.27411,44.16875],[145.1806,44.13622],[145.16262,44.11316],[145.14953,44.11187],[145.11333,44.05796],[145.08879,44.0428],[145.065,44.04306],[145.04936,44.00799],[145.01549,43.99763],[144.99518,43.96797],[145.00317,43.94699],[144.97628,43.92641],[144.92295,43.91877],[144.90496,43.90561],[144.89694,43.88678],[144.87672,43.8767],[144.90507,43.86711],[144.90511,43.85026],[144.86359,43.81276],[144.8608,43.78707],[144.84393,43.78669],[144.83063,43.79944],[144.80758,43.78743],[144.81019,43.77484],[144.79611,43.76289],[144.72236,43.76173],[144.72353,43.70984],[144.7342,43.68649],[144.70735,43.67122],[144.70626,43.65995],[144.67876,43.65243],[144.64145,43.62496],[144.6137,43.63442],[144.59172,43.61898],[144.59282,43.60912],[144.57063,43.60068],[144.55599,43.61133],[144.53026,43.61162],[144.51494,43.65281],[144.48639,43.66005],[144.47462,43.68641],[144.43992,43.69814],[144.37935,43.68865],[144.36535,43.7004],[144.32468,43.70372],[144.27808,43.68455],[144.27822,43.66728],[144.22721,43.62937],[144.21678,43.5949],[144.23543,43.54497],[144.21986,43.5173],[144.19714,43.52532],[144.18044,43.51025],[144.14243,43.53117],[144.12264,43.51179],[144.08244,43.51513],[144.07142,43.50183],[144.07812,43.49057],[144.07162,43.47466],[144.02844,43.46136],[143.95556,43.47501],[143.95772,43.48271],[143.94024,43.48994],[143.94363,43.50117],[143.92843,43.50397],[143.92855,43.51893],[143.90923,43.52854],[143.87695,43.52303],[143.83696,43.54967],[143.81999,43.57975],[143.79081,43.59164],[143.77457,43.62294],[143.77893,43.64295],[143.82023,43.64561],[143.83005,43.65394],[143.83428,43.66366],[143.81662,43.67715],[143.84303,43.70143],[143.85823,43.70936],[143.89831,43.70471],[143.91137,43.73954],[143.94125,43.75577],[143.94653,43.77516],[143.96831,43.76351],[143.97251,43.78216],[143.99347,43.80288],[143.98881,43.81276],[144.00372,43.81854],[144.01166,43.851],[144.05688,43.87996],[144.04654,43.89385],[144.06201,43.90655],[144.06347,43.92171],[144.04064,43.91749],[144.03286,43.92483],[144.01913,43.96522],[144.00003,43.95614],[143.99691,43.9661],[143.98377,43.96706],[143.92119,43.93044],[143.8515,43.96594],[143.7823,43.96444],[143.76889,43.95148],[143.74645,43.95586],[143.757,43.91834],[143.72773,43.9006],[143.72,43.87871],[143.70506,43.87466],[143.66987,43.90839],[143.68604,43.92574],[143.65168,43.92076],[143.63787,43.94197],[143.61625,43.93372],[143.60405,43.94775],[143.58271,43.94674],[143.57097,43.95676]]]}},{"type":"Feature","id":"013020","properties":{"region_code":"013020","geometry_key":"013020","name_ja":"北見地方","name_en":"Kitami Region","parent_code":"013000","parent_name_ja":"網走・北見・紋別地方","display_name_ja":"網走・北見・紋別地方 北見地方","office_name_ja":null,"label_lon":143.59972250294123,"label_lat":43.73780948317116,"label_point_semantics":"OFFICIAL_SOURCE_BBOX_CENTER_DISPLAY_ONLY"},"geometry":{"type":"Polygon","coordinates":[[[143.13566,43.60367],[143.17418,43.63995],[143.13955,43.67681],[143.16129,43.70632],[143.22605,43.6968],[143.25292,43.70945],[143.25086,43.73905],[143.28892,43.76343],[143.33699,43.76557],[143.37665,43.7979],[143.43312,43.79904],[143.45665,43.81338],[143.51163,43.81317],[143.53007,43.8222],[143.52902,43.83518],[143.57194,43.84457],[143.56692,43.87582],[143.5873,43.89646],[143.58775,43.94686],[143.60405,43.94775],[143.6167,43.93366],[143.63787,43.94197],[143.65168,43.92076],[143.68604,43.92574],[143.66987,43.90839],[143.70506,43.87466],[143.72,43.87871],[143.72773,43.9006],[143.757,43.91834],[143.74645,43.95586],[143.76889,43.95148],[143.7823,43.96444],[143.8515,43.96594],[143.92119,43.93044],[143.98377,43.96706],[143.99691,43.9661],[144.00003,43.95614],[144.01913,43.96522],[144.03286,43.92483],[144.04064,43.91749],[144.06377,43.92116],[144.06201,43.90655],[144.04654,43.89385],[144.05688,43.87996],[144.01166,43.851],[144.00372,43.81854],[143.98881,43.81276],[143.99347,43.80288],[143.97251,43.78216],[143.96874,43.76397],[143.94697,43.77547],[143.94125,43.75577],[143.91137,43.73954],[143.89831,43.70471],[143.85726,43.70928],[143.82269,43.68596],[143.8165,43.6719],[143.83432,43.66354],[143.82161,43.64641],[143.77893,43.64295],[143.77874,43.62611],[143.75978,43.61634],[143.74028,43.61925],[143.73603,43.63789],[143.72385,43.64055],[143.69566,43.63974],[143.6795,43.62575],[143.62567,43.6377],[143.63199,43.62209],[143.61714,43.60592],[143.54158,43.59671],[143.5194,43.5479],[143.49857,43.55049],[143.47226,43.52928],[143.46374,43.50815],[143.4032,43.54509],[143.37559,43.55206],[143.35694,43.54648],[143.33393,43.5577],[143.30275,43.54646],[143.26146,43.5593],[143.23333,43.55149],[143.22351,43.55683],[143.22773,43.5729],[143.20872,43.58428],[143.18393,43.58231],[143.17381,43.59456],[143.15428,43.59156],[143.13566,43.60367]]]}},{"type":"Feature","id":"013030","properties":{"region_code":"013030","geometry_key":"013030","name_ja":"紋別地方","name_en":"Mombetsu Region","parent_code":"013000","parent_name_ja":"網走・北見・紋別地方","display_name_ja":"網走・北見・紋別地方 紋別地方","office_name_ja":null,"label_lon":143.1801547210136,"label_lat":44.191961113015,"label_point_semantics":"OFFICIAL_SOURCE_BBOX_CENTER_DISPLAY_ONLY"},"geometry":{"type":"Polygon","coordinates":[[[142.58386,44.43513],[142.60057,44.4855],[142.62794,44.52299],[142.64615,44.53058],[142.63253,44.54308],[142.65709,44.57628],[142.6447,44.58102],[142.64695,44.58995],[142.68787,44.60324],[142.6844,44.61562],[142.70252,44.6301],[142.74148,44.64178],[142.76256,44.63458],[142.79269,44.64043],[142.84206,44.6872],[142.92745,44.62885],[142.94829,44.60572],[142.94332,44.60205],[142.99021,44.5603],[143.04556,44.52947],[143.063,44.53196],[143.06308,44.51956],[143.08251,44.50746],[143.22312,44.44161],[143.23365,44.42192],[143.34874,44.37052],[143.36411,44.35639],[143.3568,44.35206],[143.36272,44.34009],[143.38061,44.3373],[143.37406,44.33114],[143.38286,44.32483],[143.53547,44.2606],[143.77645,44.18469],[143.77569,44.14434],[143.74189,44.12066],[143.74685,44.09324],[143.71271,44.00674],[143.6822,44.01708],[143.66405,44.01101],[143.64833,43.98807],[143.61337,43.99557],[143.58729,43.98934],[143.58907,43.9699],[143.57098,43.95709],[143.59082,43.9376],[143.5873,43.89646],[143.56692,43.87582],[143.57194,43.84457],[143.52902,43.83518],[143.53007,43.8222],[143.51154,43.81315],[143.45665,43.81338],[143.43312,43.79904],[143.37665,43.7979],[143.35344,43.7729],[143.32673,43.76396],[143.30989,43.76825],[143.30702,43.75947],[143.28909,43.7635],[143.25118,43.73934],[143.25179,43.7086],[143.22588,43.69676],[143.19053,43.70115],[143.17109,43.70794],[143.16897,43.72127],[143.17972,43.73509],[143.16054,43.76162],[143.07986,43.73794],[143.0636,43.7482],[143.0244,43.74532],[143.00705,43.75966],[143.01373,43.79766],[143.04661,43.81249],[143.01026,43.82647],[143.01802,43.84609],[143.00854,43.85901],[143.02127,43.86485],[143.01941,43.88634],[143.05387,43.91788],[143.03712,43.92814],[143.01229,43.92192],[142.98157,43.94378],[142.89786,43.9218],[142.88576,43.9334],[142.892,43.94313],[142.88021,43.94378],[142.88883,43.97644],[142.90255,43.98972],[142.88985,44.02067],[142.8742,44.01911],[142.87651,44.03281],[142.86647,44.04033],[142.87879,44.05171],[142.86037,44.06935],[142.87054,44.08487],[142.85683,44.09055],[142.86049,44.1087],[142.84173,44.1275],[142.83799,44.15626],[142.86336,44.15483],[142.88215,44.16607],[142.86814,44.18855],[142.87247,44.20379],[142.86469,44.21831],[142.87559,44.2288],[142.85925,44.25727],[142.82637,44.27241],[142.82417,44.32885],[142.80263,44.33145],[142.82889,44.3788],[142.82311,44.38755],[142.8305,44.39696],[142.81876,44.41901],[142.8513,44.43833],[142.84017,44.44682],[142.84886,44.45965],[142.78917,44.45349],[142.76708,44.46693],[142.74918,44.45496],[142.71731,44.46293],[142.71203,44.486],[142.68343,44.47348],[142.65052,44.43767],[142.58386,44.43513]]]}},{"type":"Feature","id":"014010","properties":{"region_code":"014010","geometry_key":"014010","name_ja":"根室地方","name_en":"Nemuro Region","parent_code":"014100","parent_name_ja":"釧路・根室地方","display_name_ja":"釧路・根室地方 根室地方","office_name_ja":null,"label_lon":146.73251728959133,"label_lat":44.35781476104245,"label_point_semantics":"OFFICIAL_SOURCE_BBOX_CENTER_DISPLAY_ONLY"},"geometry":{"type":"MultiPolygon","coordinates":[[[[144.57063,43.60068],[144.59282,43.60912],[144.59172,43.61898],[144.6137,43.63442],[144.64145,43.62496],[144.67876,43.65243],[144.70635,43.66001],[144.70735,43.67122],[144.7342,43.68649],[144.72353,43.70984],[144.72236,43.76173],[144.79611,43.76289],[144.81019,43.77484],[144.80758,43.78743],[144.83063,43.79944],[144.84393,43.78669],[144.8608,43.78707],[144.86359,43.81276],[144.90511,43.85026],[144.90507,43.86711],[144.87672,43.8767],[144.89694,43.88678],[144.90496,43.90561],[144.92295,43.91877],[144.97628,43.92641],[145.00317,43.94699],[144.99518,43.96797],[145.01549,43.99763],[145.04936,44.00799],[145.065,44.04306],[145.08879,44.0428],[145.11333,44.05796],[145.14953,44.11187],[145.16262,44.11316],[145.1806,44.13622],[145.27406,44.1687],[145.27155,44.17778],[145.28756,44.18541],[145.27909,44.18946],[145.28538,44.19952],[145.27734,44.21973],[145.31972,44.26576],[145.32579,44.3255],[145.33764,44.34131],[145.36708,44.25865],[145.34797,44.2426],[145.34825,44.22304],[145.32893,44.1915],[145.25949,44.13299],[145.24005,44.08935],[145.23872,44.05753],[145.14224,43.96849],[145.09599,43.89501],[145.09216,43.83911],[145.08356,43.8208],[145.06108,43.80592],[145.06898,43.74811],[145.13842,43.66594],[145.12746,43.66999],[145.14406,43.64638],[145.31481,43.60058],[145.34351,43.58396],[145.35008,43.56637],[145.34238,43.55623],[145.28681,43.55034],[145.31097,43.55211],[145.28359,43.56154],[145.33537,43.56438],[145.33986,43.58495],[145.32022,43.58195],[145.33501,43.58986],[145.30721,43.60059],[145.27959,43.59156],[145.28804,43.60295],[145.24142,43.59138],[145.26901,43.60872],[145.19361,43.62059],[145.20186,43.61163],[145.1957,43.59974],[145.21874,43.58791],[145.22207,43.55791],[145.24474,43.52447],[145.27771,43.40211],[145.31822,43.34828],[145.39688,43.29102],[145.49284,43.26658],[145.5223,43.30704],[145.58652,43.34047],[145.57874,43.34812],[145.62384,43.36338],[145.65062,43.39145],[145.72136,43.38312],[145.73363,43.39386],[145.75099,43.38981],[145.7449,43.39222],[145.75735,43.39948],[145.76486,43.39101],[145.81746,43.38537],[145.80641,43.37728],[145.811,43.36769],[145.75673,43.33539],[145.73882,43.33914],[145.73073,43.32822],[145.70777,43.33517],[145.68055,43.32356],[145.67669,43.31152],[145.65953,43.32103],[145.62978,43.31908],[145.60879,43.30982],[145.61119,43.3001],[145.59738,43.29495],[145.59038,43.27808],[145.57518,43.27861],[145.5826,43.28647],[145.56792,43.28304],[145.54893,43.22973],[145.55673,43.21926],[145.53015,43.20809],[145.52941,43.18598],[145.50947,43.18816],[145.50823,43.17789],[145.51441,43.1837],[145.51058,43.17771],[145.52336,43.16719],[145.49605,43.1587],[145.50158,43.1761],[145.47675,43.18837],[145.32646,43.17295],[145.3138,43.20269],[145.28393,43.2114],[145.26769,43.22729],[145.2255,43.20602],[145.1956,43.25766],[145.17771,43.26093],[145.12454,43.23332],[145.06517,43.24412],[145.03588,43.22],[145.01583,43.21533],[144.9471,43.24846],[144.91648,43.24444],[144.87892,43.2787],[144.85252,43.27997],[144.82872,43.2974],[144.72765,43.3161],[144.70238,43.34152],[144.66979,43.35148],[144.66081,43.38807],[144.63846,43.41881],[144.6467,43.42778],[144.64166,43.43673],[144.65245,43.4467],[144.67901,43.44199],[144.74531,43.48607],[144.66872,43.54707],[144.57927,43.5766],[144.57063,43.60068]]],[[[146.85812,44.4533],[146.885,44.50906],[146.92685,44.52712],[146.95232,44.54978],[146.93079,44.59036],[146.94808,44.63145],[146.95815,44.5961],[146.99302,44.57543],[147.0254,44.59751],[147.03355,44.61637],[147.03358,44.6381],[147.00643,44.65925],[147.04689,44.65962],[147.0736,44.63721],[147.0965,44.63856],[147.12977,44.65229],[147.18594,44.69715],[147.19964,44.73646],[147.19488,44.76089],[147.12577,44.77045],[147.10118,44.80049],[147.10726,44.82229],[147.13264,44.82979],[147.15451,44.82462],[147.19358,44.79708],[147.23859,44.80646],[147.26558,44.86807],[147.38169,44.91067],[147.45378,44.97225],[147.48854,44.99005],[147.50668,44.98934],[147.51798,44.99893],[147.51113,45.02607],[147.52416,45.03657],[147.52459,45.06581],[147.53473,45.07125],[147.52689,45.09886],[147.49567,45.10936],[147.50482,45.11771],[147.53672,45.10581],[147.56515,45.10684],[147.58458,45.0844],[147.65081,45.07865],[147.69755,45.10382],[147.69288,45.14184],[147.70521,45.15162],[147.7053,45.16757],[147.72809,45.17587],[147.73481,45.1937],[147.76636,45.19502],[147.77332,45.20671],[147.82092,45.2173],[147.84236,45.20702],[147.86928,45.22364],[147.88173,45.25596],[147.86636,45.26435],[147.87205,45.29734],[147.86063,45.3074],[147.8489,45.36577],[147.90375,45.42988],[147.92535,45.43801],[147.96477,45.42018],[147.97832,45.36046],[148.0048,45.33524],[147.99509,45.33033],[148.00421,45.30025],[148.02908,45.27115],[148.09012,45.25746],[148.16638,45.25859],[148.31834,45.28253],[148.3421,45.29059],[148.35227,45.30804],[148.40785,45.33071],[148.4181,45.32722],[148.42432,45.34579],[148.45999,45.36006],[148.45346,45.36865],[148.47865,45.38355],[148.47032,45.39994],[148.48628,45.42063],[148.51109,45.4311],[148.52045,45.44723],[148.55676,45.45786],[148.57834,45.48957],[148.62968,45.50151],[148.65415,45.53855],[148.78369,45.55682],[148.83826,45.55069],[148.88971,45.51761],[148.88634,45.48191],[148.83378,45.46121],[148.82681,45.44912],[148.82923,45.42743],[148.85516,45.41769],[148.87656,45.39436],[148.84323,45.35485],[148.84868,45.34519],[148.84182,45.33621],[148.80902,45.33737],[148.77676,45.32264],[148.74414,45.33725],[148.63899,45.33533],[148.56349,45.31201],[148.50499,45.27857],[148.49438,45.25618],[148.436,45.25296],[148.40427,45.2308],[148.30231,45.21511],[148.26626,45.18501],[148.24023,45.18388],[148.19327,45.14931],[148.16743,45.14683],[148.09965,45.11265],[148.05502,45.06702],[148.0294,45.05645],[147.98397,45.0042],[147.93477,44.98824],[147.9045,44.961],[147.89029,44.96872],[147.85069,44.9654],[147.78478,44.94766],[147.73005,44.97686],[147.72641,45.00275],[147.662,44.99777],[147.61476,44.95663],[147.61244,44.93762],[147.6518,44.91991],[147.61542,44.88874],[147.59689,44.8533],[147.55061,44.81618],[147.50121,44.80494],[147.48682,44.78137],[147.42123,44.76461],[147.38032,44.7424],[147.36877,44.72276],[147.33499,44.71421],[147.30577,44.67227],[147.26605,44.63799],[147.25299,44.60055],[147.20713,44.56863],[147.14571,44.55937],[147.10832,44.56882],[147.07434,44.55572],[147.01865,44.50813],[146.99058,44.45131],[146.95458,44.42634],[146.89432,44.43205],[146.85812,44.4533]]],[[[145.39858,43.82858],[145.40724,43.84272],[145.4441,43.85272],[145.47293,43.89851],[145.58486,43.94846],[145.599,43.972],[145.67682,44.01198],[145.67616,44.02575],[145.74136,44.05113],[145.74415,44.10449],[145.78811,44.14988],[145.83749,44.18238],[145.88908,44.25156],[145.94609,44.27889],[145.98799,44.31889],[146.00085,44.33756],[146.00598,44.38038],[146.05186,44.41844],[146.08167,44.47411],[146.12935,44.50795],[146.1711,44.51726],[146.16941,44.50885],[146.22634,44.48189],[146.24068,44.45459],[146.33772,44.41742],[146.47674,44.42113],[146.53432,44.43281],[146.57742,44.45494],[146.55144,44.42714],[146.53357,44.38013],[146.49208,44.3545],[146.45347,44.37713],[146.4315,44.37591],[146.38818,44.3592],[146.366,44.33803],[146.36225,44.3269],[146.36992,44.32159],[146.34445,44.31726],[146.29615,44.27567],[146.11092,44.2627],[146.06534,44.23077],[146.04662,44.18405],[145.98362,44.17072],[145.966,44.15277],[145.94529,44.15288],[145.9215,44.13568],[145.89994,44.10984],[145.90335,44.09469],[145.88067,44.08597],[145.86719,44.06369],[145.8649,44.03148],[145.87812,44.02094],[145.85118,44.02022],[145.85498,44.02944],[145.84179,44.03213],[145.81764,44.02139],[145.79095,43.9796],[145.78111,43.93194],[145.71424,43.91094],[145.64943,43.90847],[145.60409,43.86798],[145.58511,43.86238],[145.57535,43.84117],[145.55473,43.67194],[145.54413,43.65282],[145.53534,43.67582],[145.55059,43.73082],[145.49674,43.73366],[145.43617,43.71778],[145.41818,43.7518],[145.42556,43.78213],[145.39858,43.82858]]],[[[146.585,43.8027],[146.60988,43.82028],[146.66227,43.82838],[146.69953,43.83052],[146.70885,43.82313],[146.72308,43.83226],[146.74871,43.81458],[146.74852,43.82811],[146.72125,43.83625],[146.72166,43.84595],[146.77545,43.87652],[146.79647,43.8585],[146.80285,43.86198],[146.7893,43.87881],[146.80573,43.87046],[146.8136,43.87762],[146.81348,43.86773],[146.82356,43.86711],[146.81825,43.88567],[146.82474,43.89037],[146.84333,43.88896],[146.89249,43.84738],[146.91429,43.84753],[146.90919,43.84244],[146.91978,43.83735],[146.90254,43.82988],[146.90593,43.8114],[146.89845,43.80587],[146.87907,43.81462],[146.85957,43.8062],[146.84668,43.81203],[146.82571,43.79936],[146.84968,43.78675],[146.83523,43.78182],[146.80902,43.79155],[146.80723,43.78051],[146.78819,43.78106],[146.79411,43.77131],[146.78677,43.75848],[146.7699,43.76665],[146.76551,43.75222],[146.74954,43.75547],[146.75187,43.74948],[146.72872,43.74662],[146.73331,43.73736],[146.72142,43.73364],[146.69556,43.74594],[146.67762,43.72468],[146.68992,43.72245],[146.67619,43.70743],[146.64418,43.70123],[146.63981,43.70838],[146.65058,43.71412],[146.63377,43.71819],[146.61913,43.73629],[146.62509,43.75598],[146.60752,43.75316],[146.6143,43.74357],[146.60848,43.73522],[146.58565,43.74424],[146.6076,43.76746],[146.585,43.8027]]],[[[146.05853,43.52199],[146.13486,43.54895],[146.1629,43.53444],[146.20443,43.5332],[146.1783,43.5039],[146.19655,43.49482],[146.19327,43.48782],[146.11647,43.45819],[146.10346,43.49452],[146.07307,43.52117],[146.05853,43.52199]]],[[[145.86256,43.45521],[145.88931,43.46205],[145.89426,43.45023],[145.91711,43.4466],[145.94497,43.45663],[145.95005,43.45221],[145.93439,43.43956],[145.95556,43.42509],[145.91225,43.42617],[145.89943,43.41649],[145.90223,43.42571],[145.89099,43.42857],[145.89956,43.43457],[145.8968,43.44633],[145.86256,43.45521]]],[[[146.26945,43.62803],[146.29746,43.63042],[146.31236,43.65149],[146.3287,43.63872],[146.35122,43.63997],[146.35728,43.61826],[146.26945,43.62803]]],[[[146.02424,43.41148],[146.04726,43.4316],[146.05786,43.42223],[146.06368,43.4337],[146.07112,43.42343],[146.08649,43.42518],[146.08282,43.43959],[146.09796,43.44805],[146.10933,43.43779],[146.08098,43.41228],[146.06208,43.41691],[146.04203,43.40182],[146.02424,43.41148]]],[[[145.98613,43.36904],[146.02236,43.37782],[146.00596,43.36028],[145.98613,43.36904]]],[[[145.58717,43.214],[145.59756,43.22167],[145.6096,43.21287],[145.59625,43.20473],[145.58717,43.214]]]]}},{"type":"Feature","id":"014020","properties":{"region_code":"014020","geometry_key":"014020","name_ja":"釧路地方","name_en":"Kushiro Region","parent_code":"014100","parent_name_ja":"釧路・根室地方","display_name_ja":"釧路・根室地方 釧路地方","office_name_ja":null,"label_lon":144.5145294420302,"label_lat":43.27359763986925,"label_point_semantics":"OFFICIAL_SOURCE_BBOX_CENTER_DISPLAY_ONLY"},"geometry":{"type":"Polygon","coordinates":[[[143.70283,43.0069],[143.71049,43.04297],[143.7401,43.05897],[143.75633,43.08365],[143.75296,43.11838],[143.77498,43.15063],[143.76777,43.16305],[143.78229,43.16811],[143.77699,43.18656],[143.79727,43.20758],[143.78938,43.22055],[143.80047,43.24759],[143.82729,43.26226],[143.82207,43.2888],[143.83062,43.29373],[143.84498,43.2841],[143.86585,43.3053],[143.89584,43.31405],[143.91015,43.33494],[143.93263,43.33718],[143.95255,43.35823],[144.00812,43.37523],[144.00414,43.38702],[144.02712,43.39201],[144.02977,43.42081],[144.00383,43.43563],[143.99882,43.46495],[144.02831,43.46133],[144.07154,43.47461],[144.07812,43.49057],[144.07142,43.50183],[144.0823,43.51507],[144.12264,43.51179],[144.14243,43.53117],[144.18044,43.51025],[144.19714,43.52532],[144.21986,43.5173],[144.23543,43.54497],[144.21678,43.5949],[144.22726,43.62946],[144.27822,43.66728],[144.27808,43.68455],[144.33194,43.70494],[144.36535,43.7004],[144.37902,43.68869],[144.43992,43.69814],[144.47467,43.68639],[144.48639,43.66005],[144.51494,43.65281],[144.53026,43.61162],[144.56391,43.60756],[144.57927,43.5766],[144.66872,43.54707],[144.74531,43.48607],[144.67901,43.44199],[144.65238,43.44669],[144.6384,43.42621],[144.66979,43.35148],[144.70238,43.34152],[144.72747,43.31617],[144.82872,43.2974],[144.85252,43.27997],[144.87892,43.2787],[144.91648,43.24444],[144.9471,43.24846],[145.01583,43.21533],[145.03588,43.22],[145.06523,43.24413],[145.12454,43.23332],[145.14161,43.24656],[145.15273,43.24406],[145.16226,43.25798],[145.1956,43.25766],[145.2255,43.20602],[145.26769,43.22729],[145.28393,43.2114],[145.31374,43.20275],[145.32623,43.17346],[145.2841,43.17015],[145.21564,43.13847],[145.19174,43.13742],[145.16922,43.1503],[145.12363,43.13322],[145.11045,43.11023],[145.11553,43.08428],[145.12297,43.08411],[145.11688,43.08208],[145.15993,43.08469],[145.17265,43.07603],[145.12496,43.06738],[145.12229,43.07809],[145.09856,43.07706],[145.08707,43.06565],[145.08586,43.04493],[145.03098,43.02925],[145.02485,42.99995],[144.97349,42.98119],[144.9289,42.99048],[144.92266,42.98082],[144.90324,42.98967],[144.87716,42.98563],[144.85415,43.00142],[144.85376,43.01223],[144.8323,43.01422],[144.83842,43.0242],[144.83098,43.03563],[144.85432,43.04873],[144.81884,43.0591],[144.78161,43.05418],[144.74521,43.02319],[144.72194,42.98032],[144.74778,42.95556],[144.78563,42.93739],[144.77411,42.93288],[144.71646,42.93294],[144.62985,42.95127],[144.52847,42.95117],[144.48561,42.93939],[144.4472,42.94384],[144.38955,42.9691],[144.36214,42.97075],[144.35751,42.97559],[144.37284,42.97576],[144.37173,42.98563],[144.35752,42.99751],[144.34169,42.99023],[144.35333,42.99682],[144.27568,43.0036],[144.18024,42.98751],[144.05068,42.94237],[143.86935,42.84225],[143.77737,42.89593],[143.78374,42.90203],[143.76142,42.93812],[143.76645,42.96045],[143.73368,42.99154],[143.71255,42.99093],[143.70283,43.0069]]]}},{"type":"Feature","id":"014030","properties":{"region_code":"014030","geometry_key":"014030","name_ja":"十勝地方","name_en":"Tokachi Region","parent_code":"014030","parent_name_ja":"十勝地方","display_name_ja":"十勝地方 十勝地方","office_name_ja":null,"label_lon":143.3507866662717,"label_lat":42.900307220801665,"label_point_semantics":"OFFICIAL_SOURCE_BBOX_CENTER_DISPLAY_ONLY"},"geometry":{"type":"Polygon","coordinates":[[[142.67177,43.40482],[142.71057,43.43276],[142.71451,43.45175],[142.81326,43.51389],[142.80868,43.52939],[142.83894,43.52206],[142.85082,43.5283],[142.8502,43.54892],[142.87502,43.56999],[142.90905,43.56353],[142.95772,43.52628],[142.97571,43.53931],[143.01371,43.52854],[143.03613,43.56163],[143.05986,43.55519],[143.14247,43.59515],[143.17299,43.59486],[143.1835,43.58248],[143.20793,43.58449],[143.22604,43.57487],[143.22351,43.55683],[143.23333,43.55149],[143.26146,43.5593],[143.30275,43.54646],[143.33393,43.5577],[143.35694,43.54648],[143.37559,43.55206],[143.4032,43.54509],[143.46374,43.50815],[143.47226,43.52928],[143.49857,43.55049],[143.5194,43.5479],[143.54158,43.59671],[143.61714,43.60592],[143.63199,43.62209],[143.62544,43.63756],[143.63933,43.63982],[143.6795,43.62575],[143.69566,43.63974],[143.72368,43.64057],[143.73603,43.63789],[143.74277,43.61816],[143.77457,43.62294],[143.79081,43.59164],[143.81999,43.57975],[143.83706,43.54959],[143.87712,43.52292],[143.89757,43.53137],[143.92811,43.51932],[143.92843,43.50397],[143.94363,43.50117],[143.94024,43.48994],[143.95772,43.48271],[143.95551,43.47505],[143.99882,43.46495],[144.00383,43.43563],[144.02822,43.42657],[144.02714,43.39205],[144.00414,43.38702],[144.00676,43.37411],[143.95255,43.35823],[143.93263,43.33718],[143.91015,43.33494],[143.89584,43.31405],[143.86585,43.3053],[143.84498,43.2841],[143.83062,43.29373],[143.82207,43.2888],[143.82729,43.26226],[143.80047,43.24759],[143.78938,43.22055],[143.79727,43.20758],[143.77699,43.18656],[143.78229,43.16811],[143.76777,43.16305],[143.77498,43.15063],[143.75296,43.11838],[143.75633,43.08365],[143.7401,43.05897],[143.71048,43.04296],[143.70312,43.00348],[143.71255,42.99093],[143.73386,42.99143],[143.76645,42.96045],[143.76142,42.93812],[143.78374,42.90203],[143.77718,42.89616],[143.86935,42.84225],[143.82149,42.80725],[143.82489,42.80007],[143.81976,42.80683],[143.8235,42.79927],[143.81065,42.79864],[143.64949,42.6827],[143.64171,42.67572],[143.64679,42.66503],[143.64152,42.67578],[143.64335,42.66777],[143.63445,42.67171],[143.60058,42.64411],[143.43193,42.47683],[143.32651,42.31342],[143.34014,42.30087],[143.32766,42.30687],[143.3287,42.2949],[143.31979,42.29593],[143.32179,42.28606],[143.34771,42.30242],[143.32591,42.29085],[143.30892,42.25678],[143.32369,42.22276],[143.32055,42.20922],[143.33598,42.20157],[143.3241,42.16004],[143.29375,42.16859],[143.26953,42.16073],[143.23997,42.18159],[143.22018,42.17844],[143.20183,42.189],[143.18606,42.21895],[143.16563,42.22318],[143.14759,42.2406],[143.14903,42.25204],[143.11703,42.26025],[143.10682,42.28539],[143.07625,42.29085],[143.074,42.30271],[143.05482,42.30934],[143.04796,42.32905],[142.9702,42.39162],[142.9471,42.42741],[142.92487,42.43435],[142.90604,42.42865],[142.88258,42.46418],[142.88871,42.49386],[142.85604,42.51347],[142.86379,42.54157],[142.82821,42.54882],[142.8249,42.57089],[142.81171,42.57761],[142.79402,42.61563],[142.76883,42.62304],[142.7683,42.63638],[142.75495,42.6449],[142.75184,42.66375],[142.76406,42.68393],[142.75603,42.69085],[142.75591,42.72184],[142.73286,42.7216],[142.72183,42.73591],[142.68781,42.74376],[142.69752,42.76741],[142.71983,42.77575],[142.73215,42.83569],[142.78789,42.86346],[142.77028,42.87277],[142.75612,42.89775],[142.778,42.92557],[142.7496,42.96449],[142.76368,42.98873],[142.74087,43.00499],[142.75437,43.01311],[142.75344,43.03634],[142.74676,43.0584],[142.72682,43.07596],[142.7437,43.0874],[142.73685,43.0952],[142.75124,43.10994],[142.74528,43.115],[142.76524,43.12457],[142.76463,43.16186],[142.77924,43.17365],[142.76704,43.18078],[142.76288,43.20101],[142.74032,43.2127],[142.73306,43.23152],[142.7421,43.24065],[142.73423,43.25018],[142.74704,43.25996],[142.73539,43.28908],[142.73632,43.31856],[142.74862,43.34013],[142.76897,43.34658],[142.76104,43.3574],[142.74685,43.35073],[142.72013,43.36015],[142.67177,43.40482]]]}},{"type":"Feature","id":"015010","properties":{"region_code":"015010","geometry_key":"015010","name_ja":"胆振地方","name_en":"Iburi Region","parent_code":"015000","parent_name_ja":"胆振・日高地方","display_name_ja":"胆振・日高地方 胆振地方","office_name_ja":null,"label_lon":141.43350499995586,"label_lat":42.64318958553099,"label_point_semantics":"OFFICIAL_SOURCE_BBOX_CENTER_DISPLAY_ONLY"},"geometry":{"type":"Polygon","coordinates":[[[140.53301,42.61534],[140.56705,42.64896],[140.56014,42.65808],[140.57728,42.66474],[140.56228,42.71722],[140.59714,42.70723],[140.66942,42.70842],[140.69178,42.71739],[140.74566,42.71357],[140.76251,42.69875],[140.75028,42.66304],[140.76213,42.65769],[140.83776,42.68381],[140.85535,42.69938],[140.94385,42.6841],[140.96942,42.67123],[140.98943,42.68358],[141.0113,42.71757],[141.03989,42.71566],[141.04273,42.733],[141.07885,42.74808],[141.08958,42.78483],[141.0793,42.80471],[141.06437,42.81149],[141.07132,42.82741],[141.13307,42.80389],[141.14057,42.78895],[141.16092,42.78073],[141.19908,42.78435],[141.17232,42.74428],[141.19147,42.68579],[141.21448,42.70168],[141.24348,42.69778],[141.25893,42.71384],[141.31126,42.68429],[141.3589,42.68119],[141.38685,42.69212],[141.41339,42.72306],[141.40687,42.76477],[141.56741,42.74267],[141.60466,42.77227],[141.70663,42.77037],[141.75685,42.79197],[141.75432,42.79842],[141.77654,42.81551],[141.76442,42.83266],[141.78973,42.84042],[141.7909,42.8761],[141.80641,42.89273],[141.86998,42.92205],[141.91396,42.90069],[141.91751,42.89008],[141.9396,42.88015],[141.96039,42.84363],[141.98166,42.83697],[141.99347,42.84951],[142.00643,42.84492],[142.05482,42.8603],[142.06442,42.87407],[142.08057,42.86868],[142.10708,42.8939],[142.11053,42.91485],[142.14494,42.92638],[142.14374,42.94766],[142.15253,42.95475],[142.20194,42.95233],[142.23864,42.97417],[142.25525,42.96661],[142.27193,42.98714],[142.28415,42.97307],[142.27279,42.95017],[142.30181,42.94087],[142.31249,42.91814],[142.334,42.90752],[142.31303,42.88116],[142.318,42.86504],[142.30452,42.8424],[142.31182,42.82494],[142.29887,42.7732],[142.2426,42.74207],[142.21973,42.74485],[142.21246,42.72409],[142.18963,42.72017],[142.18566,42.70077],[142.14758,42.67114],[142.12038,42.61347],[142.12189,42.59552],[142.08959,42.58501],[142.08422,42.57471],[142.06055,42.57315],[142.01137,42.53989],[141.98247,42.54526],[141.96686,42.52847],[141.90467,42.57697],[141.81772,42.60101],[141.81814,42.61297],[141.80113,42.60164],[141.78119,42.6069],[141.78174,42.61663],[141.77454,42.60835],[141.77643,42.61464],[141.75626,42.62162],[141.66621,42.63069],[141.62489,42.62014],[141.69541,42.6574],[141.6342,42.637],[141.62515,42.64424],[141.62306,42.627],[141.61487,42.62908],[141.62007,42.62124],[141.57009,42.62129],[141.44914,42.58763],[141.33978,42.53708],[141.32129,42.5161],[141.32357,42.52682],[141.3195,42.51702],[141.31221,42.52131],[141.31272,42.51349],[141.30097,42.51478],[141.20604,42.45339],[141.15561,42.44025],[141.07825,42.38338],[141.05407,42.35137],[141.01277,42.32175],[141.00254,42.30099],[140.94757,42.31662],[140.93087,42.34046],[140.9503,42.35073],[140.97097,42.334],[140.96967,42.32427],[140.98174,42.32313],[140.98687,42.33223],[140.9796,42.34337],[141.00755,42.34827],[140.91578,42.366],[140.90124,42.41611],[140.87405,42.45801],[140.83422,42.47344],[140.80044,42.49924],[140.77996,42.49927],[140.77911,42.5159],[140.78622,42.51789],[140.77229,42.52064],[140.77642,42.53259],[140.75601,42.55312],[140.69134,42.58696],[140.56752,42.5698],[140.53711,42.58741],[140.54651,42.59904],[140.53301,42.61534]]]}},{"type":"Feature","id":"015020","properties":{"region_code":"015020","geometry_key":"015020","name_ja":"日高地方","name_en":"Hidaka Region","parent_code":"015000","parent_name_ja":"胆振・日高地方","display_name_ja":"胆振・日高地方 日高地方","office_name_ja":null,"label_lon":142.64690146558024,"label_lat":42.462534166368755,"label_point_semantics":"OFFICIAL_SOURCE_BBOX_CENTER_DISPLAY_ONLY"},"geometry":{"type":"Polygon","coordinates":[[[141.96686,42.52847],[141.98226,42.54521],[142.01137,42.53989],[142.06055,42.57315],[142.08422,42.57471],[142.08969,42.58506],[142.11936,42.59329],[142.13681,42.65219],[142.16706,42.69244],[142.18566,42.70077],[142.18963,42.72017],[142.21246,42.72409],[142.21973,42.74485],[142.2426,42.74207],[142.29887,42.7732],[142.31182,42.82494],[142.30452,42.8424],[142.32208,42.88994],[142.38114,42.88717],[142.40431,42.91426],[142.39892,42.93157],[142.40936,42.93371],[142.44317,42.91151],[142.48646,42.92346],[142.50306,42.91397],[142.52159,42.92327],[142.54625,42.91088],[142.57215,42.92918],[142.58751,42.96631],[142.63191,42.98628],[142.66671,42.98207],[142.73654,43.00687],[142.76359,42.98914],[142.7496,42.96449],[142.778,42.92557],[142.75612,42.89775],[142.77028,42.87277],[142.78789,42.86346],[142.73215,42.83569],[142.71983,42.77575],[142.69752,42.76741],[142.68781,42.74376],[142.72183,42.73591],[142.73286,42.7216],[142.75591,42.72184],[142.75603,42.69085],[142.76406,42.68393],[142.75184,42.66375],[142.75495,42.6449],[142.7683,42.63638],[142.76883,42.62304],[142.79402,42.61563],[142.81171,42.57761],[142.8249,42.57089],[142.82821,42.54882],[142.86379,42.54157],[142.85604,42.51347],[142.88871,42.49386],[142.88258,42.46418],[142.90604,42.42865],[142.92487,42.43435],[142.9471,42.42741],[142.9702,42.39162],[143.04796,42.32905],[143.05482,42.30934],[143.074,42.30271],[143.07625,42.29085],[143.10682,42.28539],[143.11703,42.26025],[143.14903,42.25204],[143.14759,42.2406],[143.16563,42.22318],[143.18606,42.21895],[143.20183,42.189],[143.22018,42.17844],[143.23997,42.18159],[143.26953,42.16073],[143.29375,42.16859],[143.3241,42.16004],[143.31002,42.04753],[143.2941,42.04303],[143.28969,42.02832],[143.25948,42.00386],[143.2441,41.96548],[143.24072,41.94191],[143.24959,41.92518],[143.2424,41.92413],[143.16359,41.98273],[143.13426,42.02784],[143.06172,42.06525],[143.00893,42.08096],[142.9642,42.11868],[142.81496,42.14152],[142.75557,42.16483],[142.77346,42.16163],[142.75768,42.16704],[142.75943,42.17504],[142.6706,42.19162],[142.58516,42.24316],[142.55032,42.24574],[142.5099,42.26653],[142.48354,42.26909],[142.44564,42.30348],[142.3678,42.32348],[142.35965,42.33535],[142.27292,42.37741],[142.19154,42.44914],[142.0274,42.4849],[141.96686,42.52847]]]}},{"type":"Feature","id":"016010","properties":{"region_code":"016010","geometry_key":"016010","name_ja":"石狩地方","name_en":"Ishikari Region","parent_code":"016000","parent_name_ja":"石狩・空知・後志地方","display_name_ja":"石狩・空知・後志地方 石狩地方","office_name_ja":null,"label_lon":141.43024208195658,"label_lat":43.21102250028821,"label_point_semantics":"OFFICIAL_SOURCE_BBOX_CENTER_DISPLAY_ONLY"},"geometry":{"type":"Polygon","coordinates":[[[140.9905,43.02298],[141.0449,43.05144],[141.06532,43.08374],[141.05938,43.08933],[141.06983,43.09228],[141.06286,43.1094],[141.07526,43.11821],[141.10846,43.11934],[141.13403,43.1059],[141.13533,43.0936],[141.16727,43.09403],[141.18482,43.11828],[141.2025,43.12467],[141.18761,43.14026],[141.22331,43.16021],[141.23802,43.15186],[141.29254,43.18262],[141.28941,43.20852],[141.3079,43.2126],[141.3005,43.21994],[141.30962,43.21481],[141.30074,43.22127],[141.33026,43.23134],[141.4235,43.32824],[141.42766,43.42099],[141.35772,43.51798],[141.38309,43.57615],[141.3828,43.60452],[141.35108,43.64328],[141.32854,43.71496],[141.33735,43.73747],[141.37136,43.72761],[141.40498,43.73779],[141.41734,43.7112],[141.46621,43.70199],[141.5056,43.67855],[141.52665,43.64747],[141.58288,43.61035],[141.59488,43.58382],[141.6182,43.57786],[141.62352,43.54193],[141.65144,43.51384],[141.6627,43.51449],[141.67254,43.49852],[141.71661,43.48675],[141.72776,43.47138],[141.71294,43.45385],[141.70139,43.45667],[141.66346,43.43416],[141.65205,43.41422],[141.61994,43.39119],[141.59776,43.38489],[141.59562,43.36031],[141.58113,43.35271],[141.60451,43.33109],[141.61122,43.28983],[141.65435,43.28613],[141.65752,43.27844],[141.64612,43.26962],[141.6648,43.25671],[141.65899,43.24611],[141.67295,43.22807],[141.65405,43.22085],[141.65969,43.21296],[141.64666,43.20716],[141.64886,43.18948],[141.63358,43.1902],[141.61026,43.16789],[141.63881,43.15455],[141.63808,43.14569],[141.6688,43.12067],[141.58329,43.077],[141.59081,43.07548],[141.59033,43.05717],[141.56463,43.03654],[141.56809,43.02176],[141.58039,43.01713],[141.59579,42.98466],[141.62455,42.98134],[141.62066,42.97475],[141.63221,42.97041],[141.63717,42.95031],[141.65238,42.94219],[141.65015,42.92798],[141.6605,42.91396],[141.65207,42.90674],[141.65579,42.88713],[141.66954,42.889],[141.68192,42.91091],[141.691,42.89868],[141.70498,42.89756],[141.70979,42.91498],[141.74067,42.92328],[141.75559,42.93774],[141.75575,42.95318],[141.79104,42.92901],[141.8524,42.93304],[141.86998,42.92205],[141.80623,42.8926],[141.79079,42.87597],[141.78973,42.84042],[141.76442,42.83266],[141.7761,42.82322],[141.77284,42.80884],[141.7623,42.80692],[141.75685,42.79197],[141.70663,42.77037],[141.60466,42.77227],[141.56616,42.74258],[141.40687,42.76477],[141.41339,42.72306],[141.37013,42.68413],[141.31141,42.68424],[141.25893,42.71384],[141.24348,42.69778],[141.21448,42.70168],[141.19147,42.68579],[141.17232,42.74428],[141.19908,42.78435],[141.16092,42.78073],[141.09482,42.82109],[141.10428,42.87901],[141.03951,42.88537],[141.02681,42.91316],[141.05275,42.95259],[141.00007,42.97866],[140.99287,42.99457],[141.0,43.01275],[140.9905,43.02298]]]}},{"type":"Feature","id":"016020","properties":{"region_code":"016020","geometry_key":"016020","name_ja":"空知地方","name_en":"Sorachi Region","parent_code":"016000","parent_name_ja":"石狩・空知・後志地方","display_name_ja":"石狩・空知・後志地方 空知地方","office_name_ja":null,"label_lon":141.92942069371009,"label_lat":43.44323638734946,"label_point_semantics":"OFFICIAL_SOURCE_BBOX_CENTER_DISPLAY_ONLY"},"geometry":{"type":"Polygon","coordinates":[[[141.49063,43.68444],[141.52479,43.70771],[141.52305,43.71566],[141.55057,43.7137],[141.60135,43.74378],[141.61385,43.74189],[141.63225,43.75986],[141.69993,43.74966],[141.69887,43.79621],[141.74245,43.78998],[141.7484,43.77189],[141.7697,43.7565],[141.7709,43.78453],[141.80443,43.80131],[141.79819,43.82817],[141.83058,43.83227],[141.82991,43.84257],[141.84694,43.85131],[141.85837,43.84665],[141.86835,43.88254],[141.90026,43.89754],[141.88134,43.92245],[141.8851,43.94329],[141.90135,43.9567],[141.92914,43.96118],[141.93103,43.98325],[141.94933,43.99946],[141.98573,43.99329],[141.9962,44.00629],[142.04057,43.99953],[142.04361,44.01092],[142.05986,44.01182],[142.05369,44.01879],[142.05932,44.04458],[142.09593,44.04398],[142.08865,44.02259],[142.11275,43.97716],[142.10532,43.96532],[142.1222,43.9326],[142.16201,43.89236],[142.15919,43.87513],[142.2156,43.86438],[142.21993,43.85402],[142.20862,43.8379],[142.2401,43.79923],[142.22197,43.78814],[142.22658,43.77603],[142.1972,43.75504],[142.19954,43.73432],[142.17127,43.72816],[142.18412,43.7124],[142.17798,43.67324],[142.19969,43.64101],[142.25756,43.66082],[142.27783,43.65332],[142.29298,43.63207],[142.2828,43.60303],[142.28773,43.57435],[142.30125,43.55185],[142.32178,43.5443],[142.33703,43.50605],[142.36818,43.48698],[142.35533,43.47202],[142.36768,43.42525],[142.3408,43.39138],[142.35099,43.37833],[142.29273,43.35105],[142.29684,43.32935],[142.28143,43.32263],[142.27167,43.30263],[142.28887,43.28092],[142.27629,43.23319],[142.28409,43.19788],[142.25561,43.16041],[142.26391,43.13667],[142.24313,43.11266],[142.26815,43.06698],[142.32071,43.0466],[142.32969,43.03073],[142.28862,43.00986],[142.28442,42.98495],[142.26277,42.98247],[142.25525,42.96661],[142.23864,42.97417],[142.20194,42.95233],[142.15253,42.95475],[142.14374,42.94766],[142.14494,42.92638],[142.11053,42.91485],[142.10708,42.8939],[142.08057,42.86868],[142.06442,42.87407],[142.05482,42.8603],[142.00643,42.84492],[141.99347,42.84951],[141.98166,42.83697],[141.96039,42.84363],[141.9396,42.88015],[141.91751,42.89008],[141.91396,42.90069],[141.85926,42.93094],[141.79117,42.92898],[141.75575,42.95318],[141.75559,42.93774],[141.74067,42.92328],[141.70979,42.91498],[141.70498,42.89756],[141.691,42.89868],[141.68192,42.91091],[141.66835,42.88804],[141.65286,42.88895],[141.65223,42.90747],[141.6605,42.91396],[141.65015,42.92798],[141.65238,42.94219],[141.63717,42.95031],[141.62282,42.98288],[141.59534,42.98499],[141.56432,43.03553],[141.59,43.05632],[141.59081,43.07548],[141.58329,43.077],[141.6688,43.12067],[141.63808,43.14569],[141.63881,43.15455],[141.61026,43.16789],[141.63358,43.1902],[141.64886,43.18948],[141.64666,43.20716],[141.65969,43.21296],[141.65405,43.22085],[141.67298,43.22848],[141.65899,43.24611],[141.6648,43.25671],[141.64612,43.26962],[141.65759,43.2749],[141.65435,43.28613],[141.61122,43.28983],[141.60451,43.33109],[141.58113,43.35271],[141.59562,43.36031],[141.59776,43.38489],[141.61994,43.39119],[141.65205,43.41422],[141.66346,43.43416],[141.70139,43.45667],[141.71294,43.45385],[141.72776,43.47138],[141.71661,43.48675],[141.67254,43.49852],[141.6627,43.51449],[141.65144,43.51384],[141.62352,43.54193],[141.62766,43.55477],[141.61806,43.57801],[141.59488,43.58382],[141.58288,43.61035],[141.52665,43.64747],[141.50758,43.67687],[141.49063,43.68444]]]}},{"type":"Feature","id":"016030","properties":{"region_code":"016030","geometry_key":"016030","name_ja":"後志地方","name_en":"Shiribeshi Region","parent_code":"016000","parent_name_ja":"石狩・空知・後志地方","display_name_ja":"石狩・空知・後志地方 後志地方","office_name_ja":null,"label_lon":140.557854169984,"label_lat":42.96098389199307,"label_point_semantics":"OFFICIAL_SOURCE_BBOX_CENTER_DISPLAY_ONLY"},"geometry":{"type":"Polygon","coordinates":[[[139.82317,42.61306],[139.84235,42.62572],[139.86758,42.66487],[139.89841,42.67978],[139.94094,42.68978],[140.02903,42.68773],[140.05325,42.69821],[140.07334,42.72774],[140.14427,42.75455],[140.15673,42.79044],[140.18615,42.82775],[140.23812,42.79525],[140.23213,42.79581],[140.2463,42.76797],[140.30443,42.77745],[140.30446,42.8287],[140.34718,42.8583],[140.39012,42.92284],[140.50221,42.98078],[140.50912,42.99687],[140.50683,42.98572],[140.52061,42.99077],[140.51315,42.99224],[140.52066,42.99942],[140.51269,42.99899],[140.52797,43.00402],[140.52906,43.02843],[140.5039,43.03236],[140.50846,43.04267],[140.49503,43.06495],[140.46442,43.08491],[140.4297,43.14221],[140.35998,43.1793],[140.32455,43.22094],[140.3363,43.25444],[140.32685,43.25886],[140.34094,43.26583],[140.3364,43.28216],[140.34701,43.28485],[140.36003,43.31569],[140.34624,43.33379],[140.42952,43.32959],[140.46068,43.34575],[140.47107,43.36519],[140.46162,43.37219],[140.49655,43.37268],[140.51214,43.35701],[140.52726,43.35933],[140.58002,43.30984],[140.6071,43.29561],[140.63047,43.29793],[140.63453,43.28584],[140.64635,43.28455],[140.64432,43.272],[140.63642,43.2749],[140.64279,43.26441],[140.71794,43.25007],[140.73848,43.23377],[140.77491,43.22687],[140.78244,43.21242],[140.77443,43.20458],[140.79096,43.1947],[140.84964,43.19873],[140.86159,43.21778],[140.87232,43.20545],[140.91352,43.2108],[140.92575,43.22764],[141.00961,43.23986],[141.02087,43.22279],[141.00085,43.20334],[141.01376,43.19],[141.16098,43.14397],[141.24383,43.1738],[141.27613,43.20069],[141.29183,43.18505],[141.23802,43.15186],[141.22331,43.16021],[141.18761,43.14026],[141.2025,43.12467],[141.18482,43.11828],[141.15847,43.0887],[141.13492,43.09383],[141.13403,43.1059],[141.10846,43.11934],[141.07526,43.11821],[141.06286,43.1094],[141.06983,43.09228],[141.05938,43.08933],[141.06532,43.08374],[141.0449,43.05144],[140.99054,43.02309],[141.0,43.01275],[140.99287,42.99457],[141.00007,42.97866],[141.05275,42.95259],[141.02681,42.91316],[141.03951,42.88537],[141.09926,42.88369],[141.10712,42.87251],[141.09826,42.86284],[141.10365,42.84742],[141.09424,42.84262],[141.10063,42.82775],[141.06495,42.82267],[141.06437,42.81149],[141.0793,42.80471],[141.08958,42.78483],[141.07885,42.74808],[141.04273,42.733],[141.03989,42.71566],[141.0113,42.71757],[140.98943,42.68358],[140.96942,42.67123],[140.94385,42.6841],[140.85535,42.69938],[140.83776,42.68381],[140.76213,42.65769],[140.75028,42.66304],[140.76251,42.69875],[140.74566,42.71357],[140.69178,42.71739],[140.66942,42.70842],[140.59714,42.70723],[140.56228,42.71722],[140.57728,42.66474],[140.56014,42.65808],[140.56705,42.64896],[140.53317,42.61611],[140.5454,42.60581],[140.53133,42.59342],[140.4893,42.59046],[140.46415,42.60739],[140.4302,42.61051],[140.40769,42.5876],[140.38564,42.59074],[140.35828,42.61518],[140.31292,42.63197],[140.29134,42.62333],[140.27777,42.60397],[140.23815,42.59762],[140.21342,42.61032],[140.1886,42.60317],[140.17267,42.61761],[140.15624,42.61715],[140.14713,42.60571],[140.15661,42.58628],[140.1172,42.54499],[140.07605,42.55955],[140.02722,42.55599],[140.00905,42.58081],[139.93645,42.58886],[139.9391,42.61369],[139.82317,42.61306]]]}},{"type":"Feature","id":"017010","properties":{"region_code":"017010","geometry_key":"017010","name_ja":"渡島地方","name_en":"Oshima Region","parent_code":"017000","parent_name_ja":"渡島・檜山地方","display_name_ja":"渡島・檜山地方 渡島地方","office_name_ja":null,"label_lon":140.26090731542035,"label_lat":41.991805419134835,"label_point_semantics":"OFFICIAL_SOURCE_BBOX_CENTER_DISPLAY_ONLY"},"geometry":{"type":"MultiPolygon","coordinates":[[[[139.98206,41.59847],[139.9953,41.6316],[140.02602,41.6319],[140.06747,41.59019],[140.09956,41.59237],[140.11631,41.5758],[140.15035,41.58432],[140.16703,41.57836],[140.1942,41.6],[140.20092,41.62685],[140.21401,41.62426],[140.28172,41.65985],[140.28192,41.67078],[140.30289,41.68857],[140.3044,41.71643],[140.3422,41.72373],[140.35306,41.78552],[140.38875,41.80894],[140.43052,41.80796],[140.42766,41.83125],[140.46138,41.84737],[140.4471,41.86138],[140.46084,41.86377],[140.47355,41.90087],[140.44301,41.93627],[140.47076,41.95351],[140.46497,42.00197],[140.42484,42.0252],[140.39136,42.0283],[140.37559,42.04433],[140.34926,42.0354],[140.3391,42.04474],[140.32124,42.04179],[140.31178,42.05293],[140.28,42.04819],[140.2493,42.05957],[140.22015,42.07861],[140.22867,42.08508],[140.22156,42.09419],[140.2003,42.09113],[140.16946,42.14996],[140.12177,42.14538],[140.10846,42.17035],[140.08583,42.18505],[140.09397,42.21256],[140.03803,42.22312],[140.03011,42.25684],[140.01952,42.25799],[140.01465,42.27132],[140.02688,42.28237],[140.05953,42.27993],[140.08561,42.30074],[140.08337,42.31174],[140.09881,42.31442],[140.08548,42.33281],[140.09648,42.34146],[140.1245,42.34297],[140.1597,42.37219],[140.23057,42.39487],[140.23915,42.40795],[140.22816,42.41269],[140.23091,42.43073],[140.21253,42.44846],[140.20891,42.4708],[140.26613,42.54857],[140.24797,42.55583],[140.24531,42.56886],[140.23205,42.56583],[140.19291,42.58262],[140.18779,42.60227],[140.20702,42.61038],[140.23681,42.59768],[140.27777,42.60397],[140.30953,42.63195],[140.35828,42.61518],[140.38546,42.59079],[140.40759,42.58761],[140.4302,42.61051],[140.46415,42.60739],[140.4893,42.59046],[140.54651,42.59904],[140.53711,42.58741],[140.46323,42.58305],[140.39995,42.53295],[140.34942,42.47351],[140.29528,42.37861],[140.27856,42.3269],[140.27617,42.27942],[140.29562,42.24396],[140.3482,42.22482],[140.39414,42.22138],[140.40949,42.20171],[140.43433,42.19334],[140.51533,42.12873],[140.54899,42.11341],[140.58499,42.10824],[140.64484,42.12728],[140.68851,42.12596],[140.70616,42.13795],[140.75916,42.1169],[140.77405,42.08517],[140.80262,42.07674],[140.80368,42.05646],[140.82145,42.03418],[140.90734,41.98744],[140.93609,41.93863],[140.9508,41.93656],[140.96119,41.91524],[141.01091,41.89349],[141.0541,41.89223],[141.11093,41.8739],[141.1494,41.85379],[141.14701,41.83095],[141.18744,41.80901],[141.15598,41.78464],[141.11033,41.78542],[141.07989,41.75729],[141.07874,41.74355],[141.05263,41.73461],[141.05285,41.72601],[140.96694,41.71004],[140.92392,41.7397],[140.78628,41.77379],[140.73742,41.76823],[140.71879,41.75318],[140.72204,41.74476],[140.70265,41.74023],[140.69242,41.75655],[140.70172,41.78531],[140.71475,41.76661],[140.72724,41.78039],[140.71139,41.8018],[140.71583,41.80669],[140.67913,41.82169],[140.63951,41.81642],[140.61892,41.79848],[140.60106,41.7418],[140.56128,41.72778],[140.527,41.70054],[140.46173,41.69732],[140.44187,41.68116],[140.42872,41.60291],[140.43105,41.56259],[140.43969,41.55345],[140.42952,41.53504],[140.4088,41.51678],[140.36226,41.51538],[140.25863,41.4809],[140.24129,41.44517],[140.19923,41.3979],[140.14585,41.42814],[140.12,41.43025],[140.08856,41.41783],[140.03873,41.44404],[139.99865,41.53855],[139.98741,41.5468],[139.98206,41.59847]]],[[[139.33435,41.51676],[139.34061,41.52521],[139.37281,41.52372],[139.38417,41.50899],[139.34048,41.49511],[139.33435,41.51676]]],[[[139.7939,41.35899],[139.81691,41.36416],[139.80789,41.35366],[139.7939,41.35899]]]]}},{"type":"Feature","id":"017020","properties":{"region_code":"017020","geometry_key":"017020","name_ja":"檜山地方","name_en":"Hiyama Region","parent_code":"017000","parent_name_ja":"渡島・檜山地方","display_name_ja":"渡島・檜山地方 檜山地方","office_name_ja":null,"label_lon":139.9377512513692,"label_lat":42.09685361215452,"label_point_semantics":"OFFICIAL_SOURCE_BBOX_CENTER_DISPLAY_ONLY"},"geometry":{"type":"MultiPolygon","coordinates":[[[[139.76604,42.31106],[139.7806,42.35241],[139.80135,42.36075],[139.83368,42.40101],[139.84681,42.43619],[139.84251,42.45561],[139.8529,42.46461],[139.84276,42.49896],[139.84664,42.52852],[139.8222,42.5916],[139.82317,42.61306],[139.9391,42.61369],[139.93645,42.58886],[140.00905,42.58081],[140.02722,42.55599],[140.07605,42.55955],[140.1172,42.54499],[140.15661,42.58628],[140.15137,42.61565],[140.18556,42.6119],[140.19291,42.58262],[140.23205,42.56583],[140.24531,42.56886],[140.24797,42.55583],[140.26613,42.54857],[140.20891,42.4708],[140.23742,42.4043],[140.23057,42.39487],[140.1597,42.37219],[140.14698,42.3563],[140.13303,42.35774],[140.1245,42.34297],[140.09648,42.34146],[140.08548,42.33281],[140.09881,42.31442],[140.08337,42.31174],[140.08561,42.30074],[140.05953,42.27993],[140.02688,42.28237],[140.01473,42.27103],[140.01952,42.25799],[140.03011,42.25684],[140.03803,42.22312],[140.09397,42.21256],[140.08583,42.18505],[140.10846,42.17035],[140.12177,42.14538],[140.16946,42.14996],[140.2003,42.09113],[140.22156,42.09419],[140.22867,42.08508],[140.22015,42.07861],[140.2493,42.05957],[140.28,42.04819],[140.31178,42.05293],[140.32124,42.04179],[140.3391,42.04474],[140.34926,42.0354],[140.37559,42.04433],[140.39136,42.0283],[140.42484,42.0252],[140.46497,42.00197],[140.47076,41.95351],[140.44301,41.93627],[140.47355,41.90087],[140.46084,41.86377],[140.4471,41.86138],[140.46018,41.84436],[140.42766,41.83125],[140.43052,41.80796],[140.38875,41.80894],[140.35306,41.78552],[140.3422,41.72373],[140.3044,41.71643],[140.30289,41.68857],[140.28192,41.67078],[140.28172,41.65985],[140.21401,41.62426],[140.20092,41.62685],[140.1942,41.6],[140.16703,41.57836],[140.15035,41.58432],[140.11631,41.5758],[140.09956,41.59237],[140.0682,41.58993],[140.03269,41.62885],[139.99353,41.63021],[140.00858,41.69202],[140.06732,41.76003],[140.07144,41.80709],[140.10879,41.80494],[140.12223,41.82253],[140.12645,41.85512],[140.11998,41.86529],[140.10994,41.86324],[140.13105,41.87219],[140.13872,41.89328],[140.14009,41.92466],[140.12661,41.96256],[140.13276,41.97511],[140.11937,42.00374],[140.10217,42.00756],[140.09563,42.03397],[140.08274,42.03647],[140.0676,42.06924],[140.02359,42.11457],[139.98777,42.12892],[139.92216,42.13227],[139.87749,42.21069],[139.79546,42.23064],[139.77444,42.25921],[139.78574,42.27517],[139.76604,42.31106]]],[[[139.40499,42.1646],[139.40681,42.17998],[139.43547,42.2159],[139.53661,42.23268],[139.55899,42.25236],[139.56055,42.22685],[139.51709,42.17635],[139.52262,42.15402],[139.50495,42.09782],[139.48573,42.07418],[139.45321,42.06554],[139.45089,42.05184],[139.44349,42.06421],[139.42078,42.07174],[139.423,42.13709],[139.40499,42.1646]]]]}},{"type":"Feature","id":"020010","properties":{"region_code":"020010","geometry_key":"020010","name_ja":"津軽","name_en":"Tsugaru","parent_code":"020000","parent_name_ja":"青森県","display_name_ja":"青森県 津軽","office_name_ja":null,"label_lon":140.29077183510213,"label_lat":40.83003873405039,"label_point_semantics":"OFFICIAL_SOURCE_BBOX_CENTER_DISPLAY_ONLY"},"geometry":{"type":"Polygon","coordinates":[[[139.85973,40.60293],[139.86095,40.61598],[139.90205,40.64565],[139.92875,40.64254],[139.93647,40.67168],[139.95049,40.6703],[139.96435,40.68302],[139.99972,40.74767],[140.02596,40.75027],[140.05384,40.76925],[140.12275,40.74258],[140.19548,40.78426],[140.2284,40.78182],[140.24048,40.79077],[140.23518,40.79854],[140.24125,40.79217],[140.25653,40.80885],[140.30514,40.92859],[140.32397,41.06724],[140.31946,41.09271],[140.29791,41.11392],[140.24918,41.12358],[140.24867,41.13376],[140.27803,41.13993],[140.30336,41.13131],[140.29687,41.13502],[140.30641,41.13266],[140.32173,41.14801],[140.33609,41.19191],[140.32993,41.22983],[140.34435,41.26297],[140.39384,41.23886],[140.40234,41.2224],[140.43672,41.19825],[140.43085,41.19675],[140.46386,41.18229],[140.49937,41.19036],[140.52692,41.22119],[140.53863,41.21786],[140.55016,41.22961],[140.60416,41.21437],[140.63926,41.18432],[140.64439,41.1719],[140.63156,41.09752],[140.64921,41.04733],[140.66147,40.94405],[140.6879,40.86587],[140.70389,40.85006],[140.72049,40.84847],[140.73294,40.83021],[140.79758,40.83703],[140.85994,40.88839],[140.85491,40.90331],[140.86885,40.90982],[140.87177,40.94371],[140.83791,40.9533],[140.86272,40.95752],[140.86001,40.97176],[140.87316,40.97912],[140.86338,40.98493],[140.87616,40.99254],[140.87893,41.0099],[140.90291,41.00804],[140.92043,40.99305],[140.94894,40.99221],[140.98448,40.95961],[140.97238,40.93438],[141.01843,40.93078],[141.03479,40.91742],[141.06425,40.91334],[141.0821,40.89608],[141.08412,40.8862],[141.0439,40.87465],[141.0394,40.84039],[141.01807,40.83716],[141.01673,40.81985],[140.98061,40.80618],[140.9547,40.76641],[140.90571,40.75105],[140.90123,40.73836],[140.90915,40.72938],[140.95317,40.7187],[140.97897,40.69762],[140.955,40.64699],[140.93573,40.64281],[140.87752,40.6573],[140.88369,40.63556],[140.87669,40.61389],[140.85817,40.60538],[140.86668,40.57404],[140.85145,40.54495],[140.88006,40.51025],[140.82019,40.49546],[140.81063,40.48713],[140.80496,40.44984],[140.78685,40.45723],[140.76271,40.45125],[140.75206,40.43876],[140.73409,40.43968],[140.73357,40.4158],[140.69923,40.42942],[140.66148,40.40445],[140.6342,40.40226],[140.62578,40.424],[140.58973,40.43611],[140.55487,40.42253],[140.56937,40.40074],[140.55862,40.39711],[140.52381,40.41021],[140.52919,40.43076],[140.50836,40.42855],[140.46438,40.45645],[140.43995,40.45008],[140.43537,40.48018],[140.40224,40.47491],[140.38771,40.4871],[140.34781,40.46755],[140.33522,40.43938],[140.31073,40.43629],[140.29104,40.44658],[140.22017,40.43115],[140.18547,40.44331],[140.11162,40.43542],[140.09358,40.45892],[140.06815,40.46886],[140.02272,40.45127],[140.01944,40.41984],[139.99505,40.43505],[139.98121,40.42738],[139.95954,40.43486],[139.93631,40.4282],[139.95001,40.4958],[139.94007,40.55302],[139.92919,40.55713],[139.93342,40.56549],[139.91908,40.58544],[139.87364,40.58199],[139.85973,40.60293]]]}},{"type":"Feature","id":"020020","properties":{"region_code":"020020","geometry_key":"020020","name_ja":"下北","name_en":"Shimokita","parent_code":"020000","parent_name_ja":"青森県","display_name_ja":"青森県 下北","office_name_ja":null,"label_lon":141.1170859012434,"label_lat":41.33130359893201,"label_point_semantics":"OFFICIAL_SOURCE_BBOX_CENTER_DISPLAY_ONLY"},"geometry":{"type":"Polygon","coordinates":[[[140.76403,41.19459],[140.7795,41.20889],[140.77969,41.25292],[140.80208,41.29262],[140.80625,41.31415],[140.79874,41.32136],[140.80719,41.32732],[140.80101,41.32805],[140.82033,41.34601],[140.83521,41.41579],[140.86426,41.43387],[140.88202,41.46844],[140.89866,41.47688],[140.90955,41.50357],[140.89718,41.52697],[140.90808,41.52983],[140.91241,41.54637],[141.00176,41.48581],[141.06636,41.48239],[141.11266,41.46295],[141.19267,41.38706],[141.26358,41.35605],[141.33429,41.35624],[141.40266,41.38321],[141.46112,41.43112],[141.46901,41.41857],[141.45278,41.39622],[141.4604,41.38096],[141.44328,41.35994],[141.40592,41.24263],[141.40499,41.20665],[141.39401,41.19106],[141.40036,41.18272],[141.39369,41.18773],[141.38962,41.16738],[141.39582,41.13236],[141.36155,41.10806],[141.32657,41.114],[141.33411,41.12574],[141.3233,41.15395],[141.28797,41.15783],[141.27633,41.1507],[141.27385,41.17493],[141.248,41.2237],[141.19798,41.27233],[141.18059,41.2751],[141.18785,41.27943],[141.15912,41.27778],[141.13323,41.24386],[141.14423,41.24081],[141.15649,41.26279],[141.1544,41.24287],[141.11391,41.21355],[141.07415,41.20039],[141.05816,41.18344],[140.97998,41.19908],[140.94538,41.17389],[140.91647,41.17608],[140.89201,41.16349],[140.85455,41.16143],[140.81131,41.12758],[140.78305,41.13131],[140.7643,41.14547],[140.76403,41.19459]]]}},{"type":"Feature","id":"020030","properties":{"region_code":"020030","geometry_key":"020030","name_ja":"三八上北","name_en":"Sanpachi Kamikita","parent_code":"020000","parent_name_ja":"青森県","display_name_ja":"青森県 三八上北","office_name_ja":null,"label_lon":141.26736212681078,"label_lat":40.68776865285108,"label_point_semantics":"OFFICIAL_SOURCE_BBOX_CENTER_DISPLAY_ONLY"},"geometry":{"type":"Polygon","coordinates":[[[140.85145,40.54495],[140.86668,40.57404],[140.85817,40.60538],[140.87669,40.61389],[140.88369,40.63556],[140.8776,40.6574],[140.93573,40.64281],[140.955,40.64699],[140.97897,40.69762],[140.95317,40.7187],[140.90915,40.72938],[140.90123,40.73836],[140.90588,40.75138],[140.95396,40.76588],[140.98061,40.80618],[141.01673,40.81985],[141.01807,40.83716],[141.0394,40.84039],[141.0462,40.85196],[141.04702,40.87707],[141.08412,40.8862],[141.1022,40.87275],[141.13122,40.87236],[141.16806,40.89448],[141.22624,40.98395],[141.25082,41.11551],[141.28564,41.15685],[141.32295,41.15411],[141.33411,41.12574],[141.32524,41.11675],[141.3347,41.10882],[141.36155,41.10806],[141.39587,41.13229],[141.38424,40.98063],[141.39394,40.93678],[141.37571,40.93514],[141.39588,40.92624],[141.38582,40.93084],[141.38694,40.92423],[141.40005,40.92622],[141.3912,40.92161],[141.39063,40.90502],[141.40699,40.79364],[141.42457,40.7068],[141.44185,40.68096],[141.43371,40.68602],[141.4361,40.67825],[141.44463,40.68137],[141.43851,40.67025],[141.46161,40.60313],[141.48236,40.56887],[141.52809,40.55874],[141.48352,40.5613],[141.50013,40.55677],[141.50182,40.54664],[141.51462,40.55247],[141.50453,40.54038],[141.54126,40.52732],[141.57598,40.5431],[141.58776,40.52218],[141.62182,40.50564],[141.64842,40.47072],[141.68328,40.45177],[141.65496,40.42859],[141.58692,40.40696],[141.58561,40.37834],[141.53792,40.3476],[141.47998,40.37636],[141.44172,40.37606],[141.40713,40.35712],[141.39725,40.36725],[141.38158,40.34214],[141.351,40.33107],[141.334,40.3456],[141.33634,40.3602],[141.316,40.37262],[141.29349,40.36323],[141.29232,40.35167],[141.27953,40.34475],[141.26243,40.34948],[141.21849,40.31522],[141.13837,40.3005],[141.09985,40.28096],[141.11005,40.26105],[141.10406,40.25573],[141.07641,40.25264],[141.01584,40.21804],[140.97982,40.21966],[140.94571,40.25807],[140.95758,40.28204],[140.94397,40.29626],[140.9569,40.30472],[140.95734,40.32452],[140.96742,40.33366],[140.96208,40.34713],[140.9809,40.34327],[140.99543,40.35337],[140.97876,40.41598],[140.98515,40.42722],[140.89233,40.42335],[140.86132,40.44063],[140.88006,40.51025],[140.85145,40.54495]]]}},{"type":"Feature","id":"030010","properties":{"region_code":"030010","geometry_key":"030010","name_ja":"内陸","name_en":"Inland","parent_code":"030000","parent_name_ja":"岩手県","display_name_ja":"岩手県 内陸","office_name_ja":null,"label_lon":141.19977378123508,"label_lat":39.5625553066821,"label_point_semantics":"OFFICIAL_SOURCE_BBOX_CENTER_DISPLAY_ONLY"},"geometry":{"type":"Polygon","coordinates":[[[140.65312,39.391],[140.66371,39.40367],[140.65838,39.41509],[140.68512,39.42467],[140.6768,39.44779],[140.6819,39.45722],[140.7244,39.48053],[140.71357,39.49885],[140.74136,39.53619],[140.72962,39.56513],[140.7543,39.57072],[140.76386,39.58757],[140.78066,39.59033],[140.7822,39.60397],[140.79754,39.60409],[140.8223,39.64995],[140.82258,39.68817],[140.77482,39.73455],[140.80373,39.74475],[140.80533,39.75665],[140.84827,39.79325],[140.82132,39.81542],[140.78665,39.8234],[140.78221,39.86771],[140.79923,39.88164],[140.82582,39.88624],[140.8532,39.86574],[140.87935,39.87823],[140.86805,39.91166],[140.85469,39.92329],[140.85735,39.95286],[140.84789,39.95874],[140.85562,40.04393],[140.84437,40.07336],[140.87733,40.09809],[140.88103,40.11373],[140.8712,40.11595],[140.86699,40.13237],[140.88361,40.15732],[140.85919,40.17143],[140.89269,40.19246],[140.89595,40.21387],[140.94096,40.2269],[140.94017,40.24048],[140.95507,40.24763],[140.97949,40.21974],[141.02237,40.22027],[141.07641,40.25264],[141.10417,40.25581],[141.11005,40.26105],[141.09985,40.28096],[141.13837,40.3005],[141.21849,40.31522],[141.26243,40.34948],[141.27953,40.34475],[141.29232,40.35167],[141.29349,40.36323],[141.316,40.37262],[141.33634,40.3602],[141.334,40.3456],[141.351,40.33107],[141.38158,40.34214],[141.39725,40.36725],[141.40713,40.35712],[141.44172,40.37606],[141.47998,40.37636],[141.53579,40.34737],[141.58135,40.37384],[141.5896,40.36114],[141.61286,40.35807],[141.58608,40.34219],[141.58347,40.32534],[141.57056,40.32017],[141.58373,40.31132],[141.5779,40.29942],[141.58985,40.29406],[141.58549,40.2778],[141.61146,40.26943],[141.61096,40.24459],[141.58331,40.24035],[141.57537,40.22854],[141.52169,40.23446],[141.51634,40.22076],[141.49139,40.20598],[141.49519,40.19676],[141.48234,40.18919],[141.48757,40.17903],[141.47583,40.15035],[141.45643,40.13428],[141.46564,40.10822],[141.48374,40.10257],[141.48647,40.08725],[141.52517,40.07425],[141.53037,40.03411],[141.54826,40.02285],[141.58959,39.95623],[141.55941,39.92865],[141.56369,39.91445],[141.55154,39.90314],[141.51634,39.91075],[141.48543,39.90031],[141.48418,39.88278],[141.50654,39.87899],[141.50366,39.85595],[141.52748,39.81247],[141.49819,39.80771],[141.49919,39.79411],[141.47435,39.7649],[141.40943,39.75944],[141.39485,39.72933],[141.39541,39.70854],[141.40918,39.70293],[141.40866,39.69171],[141.33691,39.64217],[141.34881,39.62583],[141.43037,39.58437],[141.43558,39.56985],[141.41988,39.56373],[141.42883,39.55463],[141.49138,39.55809],[141.50066,39.53611],[141.57356,39.5137],[141.59767,39.48848],[141.61054,39.48861],[141.63602,39.45532],[141.65946,39.45676],[141.68143,39.4389],[141.72084,39.44627],[141.72054,39.42758],[141.74642,39.41699],[141.73244,39.40797],[141.69285,39.41253],[141.67043,39.40532],[141.65578,39.37361],[141.6665,39.32838],[141.66042,39.32111],[141.69521,39.31459],[141.68264,39.29525],[141.69738,39.26661],[141.65847,39.24309],[141.63483,39.2522],[141.6035,39.25192],[141.59366,39.24353],[141.56216,39.25983],[141.541,39.24329],[141.521,39.24858],[141.50261,39.234],[141.4778,39.23429],[141.47917,39.20968],[141.44409,39.20104],[141.44137,39.1923],[141.40699,39.20164],[141.37336,39.18912],[141.38928,39.18194],[141.38399,39.16343],[141.39431,39.15522],[141.39305,39.14086],[141.40671,39.13581],[141.41261,39.10857],[141.45099,39.10709],[141.48311,39.07676],[141.47973,39.05617],[141.46006,39.03804],[141.47381,39.01168],[141.46461,38.99073],[141.47925,38.98379],[141.49396,38.95535],[141.48557,38.93573],[141.49191,38.91304],[141.45085,38.8758],[141.45267,38.86255],[141.46611,38.85625],[141.44983,38.83739],[141.45867,38.81396],[141.42938,38.81055],[141.43793,38.78224],[141.40988,38.76782],[141.41486,38.7862],[141.39686,38.79011],[141.39381,38.79984],[141.37918,38.79609],[141.35272,38.81252],[141.3343,38.80697],[141.3093,38.82223],[141.30455,38.79346],[141.27248,38.79697],[141.25681,38.76094],[141.21584,38.74847],[141.1956,38.77681],[141.14208,38.7874],[141.1425,38.8119],[141.12362,38.81655],[141.12374,38.82546],[141.10452,38.82327],[141.10482,38.83735],[141.12315,38.83586],[141.14678,38.85627],[141.13983,38.8775],[141.1074,38.87752],[141.09335,38.88786],[141.03726,38.87669],[141.0207,38.8864],[140.98981,38.87432],[140.95786,38.90813],[140.92654,38.92141],[140.91457,38.91683],[140.91037,38.92744],[140.88153,38.9279],[140.82446,38.96408],[140.77359,38.95808],[140.76403,39.00019],[140.77869,39.00814],[140.81025,39.05741],[140.79953,39.06097],[140.80239,39.07789],[140.7527,39.0862],[140.76325,39.10886],[140.75596,39.1183],[140.76998,39.12416],[140.74894,39.13812],[140.77413,39.16785],[140.8082,39.18042],[140.76485,39.19776],[140.76305,39.21323],[140.78762,39.22679],[140.78866,39.23843],[140.71783,39.27261],[140.71733,39.29651],[140.69359,39.29959],[140.69404,39.31976],[140.7082,39.33446],[140.67564,39.36834],[140.67897,39.38318],[140.65312,39.391]]]}},{"type":"Feature","id":"030020","properties":{"region_code":"030020","geometry_key":"030020","name_ja":"沿岸北部","name_en":"Northern Coast","parent_code":"030000","parent_name_ja":"岩手県","display_name_ja":"岩手県 沿岸北部","office_name_ja":null,"label_lon":141.7046935538645,"label_lat":39.924584152936376,"label_point_semantics":"OFFICIAL_SOURCE_BBOX_CENTER_DISPLAY_ONLY"},"geometry":{"type":"Polygon","coordinates":[[[141.33691,39.64217],[141.40866,39.69171],[141.40918,39.70293],[141.39541,39.70854],[141.39485,39.72933],[141.40943,39.75944],[141.47435,39.7649],[141.49919,39.79411],[141.49819,39.80771],[141.52748,39.81247],[141.50366,39.85595],[141.50654,39.87899],[141.48418,39.88278],[141.48543,39.90031],[141.51634,39.91075],[141.55154,39.90314],[141.56369,39.91445],[141.55941,39.92865],[141.58959,39.95623],[141.54826,40.02285],[141.53037,40.03411],[141.52517,40.07425],[141.48647,40.08725],[141.48374,40.10257],[141.46564,40.10822],[141.45643,40.13428],[141.47583,40.15035],[141.48757,40.17903],[141.48234,40.18919],[141.49519,40.19676],[141.49139,40.20598],[141.51634,40.22076],[141.52169,40.23446],[141.57537,40.22854],[141.58331,40.24035],[141.61096,40.24459],[141.61146,40.26943],[141.58549,40.2778],[141.58985,40.29406],[141.57684,40.30335],[141.58373,40.31132],[141.57064,40.31878],[141.58347,40.32534],[141.58608,40.34219],[141.61286,40.35807],[141.58929,40.36135],[141.58124,40.39843],[141.59512,40.41213],[141.65496,40.42859],[141.68267,40.45029],[141.75424,40.36917],[141.75444,40.35554],[141.76912,40.34936],[141.77435,40.32132],[141.82505,40.25215],[141.83538,40.21725],[141.80728,40.21548],[141.7989,40.20106],[141.8127,40.18934],[141.80653,40.19754],[141.79402,40.19072],[141.85285,40.16847],[141.87657,40.14388],[141.86564,40.13251],[141.84567,40.13334],[141.82861,40.11279],[141.83336,40.07451],[141.85152,40.05536],[141.87832,40.04753],[141.9051,40.01057],[141.93534,40.00967],[141.95597,39.98376],[141.9613,39.94578],[141.94323,39.94374],[141.93976,39.91955],[141.97713,39.87164],[141.97844,39.82938],[141.99139,39.82046],[141.98348,39.78892],[142.00434,39.77583],[141.98892,39.75687],[142.00416,39.7516],[141.97195,39.73178],[141.98803,39.72326],[141.98677,39.70991],[141.96702,39.69026],[141.98636,39.68526],[141.96987,39.65295],[141.98334,39.64705],[141.96432,39.63985],[141.97683,39.62886],[141.96579,39.63529],[141.97154,39.62565],[141.94526,39.59564],[141.95846,39.58617],[142.02448,39.65627],[142.02253,39.6158],[142.03452,39.60969],[142.02541,39.60484],[142.03417,39.5984],[142.02743,39.57505],[142.05742,39.57444],[142.05693,39.56137],[142.06779,39.56247],[142.07248,39.54796],[142.06552,39.53359],[142.05087,39.53274],[142.05816,39.52257],[142.03342,39.52937],[142.02608,39.50513],[142.01061,39.50085],[142.01105,39.47666],[141.9742,39.48259],[141.95373,39.46662],[141.97998,39.43918],[141.9951,39.45233],[142.00482,39.44523],[142.009,39.46499],[142.05067,39.48473],[142.06152,39.47145],[142.03833,39.44649],[142.04464,39.42606],[142.02836,39.41551],[142.01022,39.42645],[142.00537,39.41044],[141.98365,39.40838],[141.97628,39.42765],[141.9531,39.39936],[141.93026,39.40654],[141.89272,39.39977],[141.86483,39.42081],[141.8402,39.45972],[141.81723,39.46597],[141.78209,39.51425],[141.74821,39.52935],[141.73658,39.51094],[141.7124,39.50539],[141.7038,39.49153],[141.7022,39.47837],[141.72129,39.44657],[141.67996,39.43919],[141.65946,39.45676],[141.63275,39.45722],[141.61054,39.48861],[141.59767,39.48848],[141.55183,39.52566],[141.52842,39.52354],[141.50066,39.53611],[141.49138,39.55809],[141.42883,39.55463],[141.41988,39.56373],[141.43558,39.56985],[141.43037,39.58437],[141.34881,39.62583],[141.33691,39.64217]]]}},{"type":"Feature","id":"030030","properties":{"region_code":"030030","geometry_key":"030030","name_ja":"沿岸南部","name_en":"Southern Coast","parent_code":"030000","parent_name_ja":"岩手県","display_name_ja":"岩手県 沿岸南部","office_name_ja":null,"label_lon":141.68532114165743,"label_lat":39.23130218040134,"label_point_semantics":"OFFICIAL_SOURCE_BBOX_CENTER_DISPLAY_ONLY"},"geometry":{"type":"Polygon","coordinates":[[[141.37332,39.18833],[141.40699,39.20164],[141.44137,39.1923],[141.44409,39.20104],[141.47917,39.20968],[141.4778,39.23429],[141.50261,39.234],[141.521,39.24858],[141.541,39.24329],[141.56207,39.2598],[141.59366,39.24353],[141.6035,39.25192],[141.63483,39.2522],[141.65847,39.24309],[141.69738,39.26661],[141.68264,39.29525],[141.69521,39.31459],[141.66042,39.32111],[141.6665,39.32838],[141.65578,39.37361],[141.67043,39.40532],[141.69285,39.41253],[141.73244,39.40797],[141.74638,39.41687],[141.72054,39.42758],[141.72177,39.44778],[141.70218,39.47864],[141.71041,39.50385],[141.7365,39.51087],[141.74382,39.5288],[141.78209,39.51425],[141.81723,39.46597],[141.8402,39.45972],[141.86483,39.42081],[141.89233,39.39994],[141.93026,39.40654],[141.95333,39.39921],[141.93797,39.38438],[141.94727,39.37059],[141.96651,39.37785],[141.95744,39.35599],[141.93142,39.34755],[141.91596,39.35609],[141.9153,39.3456],[141.89897,39.33734],[141.90288,39.32716],[141.97549,39.33723],[141.99698,39.3507],[141.97028,39.31299],[141.94615,39.31598],[141.91763,39.30296],[141.89078,39.30807],[141.88764,39.30114],[141.92567,39.28556],[141.92964,39.27049],[141.88858,39.27366],[141.9031,39.25673],[141.88994,39.24768],[141.91353,39.24834],[141.92211,39.23774],[141.93848,39.24844],[141.9713,39.24767],[141.94441,39.24192],[141.95531,39.22447],[141.94762,39.21698],[141.92429,39.22256],[141.92763,39.21553],[141.90451,39.20506],[141.88688,39.20892],[141.88979,39.1976],[141.86681,39.20637],[141.87281,39.19745],[141.86606,39.1915],[141.89095,39.18119],[141.92013,39.18587],[141.92226,39.17794],[141.88735,39.15573],[141.85006,39.15697],[141.83578,39.14619],[141.87268,39.1306],[141.87385,39.11558],[141.90041,39.12009],[141.92118,39.10467],[141.8808,39.08393],[141.8601,39.10399],[141.81116,39.11177],[141.81585,39.09459],[141.80864,39.09027],[141.8243,39.08621],[141.82343,39.07523],[141.87588,39.06489],[141.81454,39.05833],[141.84995,39.03687],[141.84717,39.02615],[141.79749,39.02496],[141.79621,39.04328],[141.78229,39.0273],[141.76875,39.03461],[141.75877,39.01759],[141.73345,39.02159],[141.72789,39.0283],[141.73849,39.03072],[141.73069,39.03315],[141.73849,39.0383],[141.73873,39.06361],[141.72277,39.06635],[141.72489,39.04074],[141.70954,39.02426],[141.71889,39.01268],[141.7317,39.01529],[141.74423,38.99018],[141.72283,38.98792],[141.7114,38.99673],[141.71769,38.98224],[141.7096,38.98467],[141.69644,38.96993],[141.71805,38.96733],[141.72842,38.95227],[141.7123,38.95078],[141.70391,38.93824],[141.68871,38.9475],[141.6889,38.96459],[141.66808,38.97614],[141.66777,38.98901],[141.68138,38.99825],[141.66743,39.00592],[141.62391,38.99959],[141.62921,38.97025],[141.56713,38.99596],[141.52313,38.99135],[141.50921,39.00276],[141.48997,38.9976],[141.48353,38.97817],[141.46636,38.98749],[141.47381,39.01168],[141.46058,39.04319],[141.47973,39.05617],[141.48307,39.07691],[141.45099,39.10709],[141.41261,39.10857],[141.40671,39.13581],[141.39305,39.14086],[141.39431,39.15522],[141.38399,39.16343],[141.38928,39.18194],[141.37332,39.18833]]]}},{"type":"Feature","id":"040010","properties":{"region_code":"040010","geometry_key":"040010","name_ja":"東部","name_en":"Eastern Region","parent_code":"040000","parent_name_ja":"宮城県","display_name_ja":"宮城県 東部","office_name_ja":null,"label_lon":141.1479805318262,"label_lat":38.38800482031624,"label_point_semantics":"OFFICIAL_SOURCE_BBOX_CENTER_DISPLAY_ONLY"},"geometry":{"type":"MultiPolygon","coordinates":[[[[140.61862,37.91252],[140.63235,37.94129],[140.67619,37.94892],[140.69265,37.97208],[140.69028,38.00212],[140.70595,38.01828],[140.70137,38.03736],[140.67667,38.05302],[140.70609,38.1243],[140.6984,38.13593],[140.66742,38.14391],[140.64289,38.1371],[140.63657,38.14209],[140.65454,38.14489],[140.64889,38.16585],[140.73248,38.15286],[140.7497,38.17904],[140.7374,38.20617],[140.74918,38.21563],[140.7341,38.22619],[140.73905,38.2442],[140.76596,38.23918],[140.7979,38.26134],[140.82316,38.24852],[140.82581,38.27513],[140.81808,38.28349],[140.82532,38.28346],[140.83194,38.30836],[140.85639,38.3094],[140.86772,38.30045],[140.88006,38.30929],[140.89205,38.2873],[140.92927,38.30649],[140.92726,38.33309],[140.90835,38.33421],[140.86343,38.36202],[140.86043,38.37376],[140.87578,38.40277],[140.85864,38.4068],[140.87225,38.41345],[140.87547,38.42649],[140.90439,38.43475],[140.91135,38.46189],[140.96116,38.47118],[140.94935,38.47806],[140.95338,38.48911],[140.92493,38.48693],[140.8953,38.50478],[140.88577,38.52956],[140.89653,38.53854],[140.89412,38.56112],[140.90729,38.56437],[140.88191,38.57524],[140.87328,38.59111],[140.92064,38.63812],[140.90556,38.65514],[140.91519,38.66802],[140.90894,38.67254],[140.95163,38.68228],[140.95496,38.67146],[140.96736,38.66926],[140.97022,38.68818],[140.98514,38.6918],[140.98395,38.70365],[140.96384,38.71266],[140.99233,38.72184],[140.99368,38.73318],[140.96749,38.74641],[140.99515,38.75581],[140.99419,38.77078],[141.01719,38.77432],[141.04574,38.7935],[141.02276,38.80645],[141.02331,38.8312],[141.04529,38.83756],[141.04448,38.86086],[140.99528,38.87269],[140.99505,38.88009],[141.0212,38.8864],[141.04332,38.8765],[141.09335,38.88786],[141.1074,38.87752],[141.13983,38.8775],[141.14678,38.85627],[141.12315,38.83586],[141.10482,38.83735],[141.10452,38.82327],[141.12374,38.82546],[141.12362,38.81655],[141.1425,38.8119],[141.14208,38.7874],[141.1956,38.77681],[141.21584,38.74847],[141.25681,38.76094],[141.27248,38.79697],[141.30455,38.79346],[141.30673,38.81933],[141.31618,38.82323],[141.3343,38.80697],[141.35272,38.81252],[141.37918,38.79609],[141.39381,38.79984],[141.39686,38.79011],[141.41486,38.7862],[141.41402,38.76804],[141.4398,38.78562],[141.42942,38.8106],[141.45867,38.81396],[141.44983,38.83739],[141.46617,38.85668],[141.45267,38.86255],[141.45111,38.87632],[141.49186,38.91281],[141.48557,38.93573],[141.49396,38.95535],[141.48353,38.97817],[141.48997,38.9976],[141.56713,38.99596],[141.63581,38.96803],[141.64404,38.95547],[141.63135,38.95426],[141.64827,38.94137],[141.63418,38.93009],[141.65315,38.91913],[141.64752,38.91131],[141.66748,38.89221],[141.66258,38.88172],[141.67464,38.85817],[141.65669,38.86258],[141.63708,38.88507],[141.6383,38.90231],[141.62339,38.89981],[141.63091,38.89087],[141.62085,38.89284],[141.60739,38.87969],[141.58819,38.89462],[141.58677,38.90934],[141.57501,38.90618],[141.59371,38.88975],[141.58316,38.84854],[141.60368,38.82781],[141.57941,38.8242],[141.57144,38.80803],[141.55906,38.81252],[141.55536,38.8008],[141.52078,38.78879],[141.51166,38.76779],[141.546,38.73352],[141.56535,38.73967],[141.56654,38.72581],[141.55676,38.71938],[141.5664,38.71114],[141.5617,38.69142],[141.55682,38.7067],[141.5362,38.70529],[141.52574,38.71718],[141.51634,38.68934],[141.48983,38.68977],[141.49468,38.67401],[141.47474,38.67994],[141.46263,38.66626],[141.44404,38.67268],[141.4502,38.65759],[141.44315,38.64334],[141.4581,38.63954],[141.46425,38.6479],[141.52969,38.63703],[141.52415,38.60917],[141.5083,38.59838],[141.50106,38.60304],[141.50458,38.59503],[141.48738,38.58311],[141.45856,38.57849],[141.46304,38.56125],[141.48784,38.55405],[141.49353,38.53307],[141.53486,38.54702],[141.53034,38.53209],[141.54756,38.52385],[141.53385,38.50913],[141.5428,38.50458],[141.53732,38.49039],[141.51494,38.49302],[141.51324,38.51325],[141.49413,38.5088],[141.46958,38.52121],[141.4647,38.51209],[141.47521,38.5177],[141.49727,38.49536],[141.49079,38.4887],[141.49864,38.47848],[141.4763,38.46392],[141.50159,38.46075],[141.49757,38.44878],[141.51268,38.45002],[141.49439,38.43711],[141.44739,38.44389],[141.47505,38.41988],[141.46971,38.39427],[141.50002,38.4159],[141.51419,38.39264],[141.53905,38.40086],[141.53069,38.38152],[141.51202,38.39156],[141.48143,38.37572],[141.48895,38.36764],[141.51811,38.3685],[141.53418,38.33984],[141.52467,38.32544],[141.53975,38.31911],[141.54102,38.30804],[141.52558,38.29586],[141.52493,38.2725],[141.51171,38.27573],[141.50906,38.29672],[141.49181,38.29371],[141.49553,38.30704],[141.47826,38.30547],[141.47207,38.32007],[141.46675,38.30583],[141.44947,38.31525],[141.47423,38.32931],[141.46313,38.33572],[141.46228,38.35148],[141.45153,38.34031],[141.44846,38.35379],[141.43613,38.34127],[141.41579,38.34604],[141.42988,38.36477],[141.45887,38.37302],[141.43181,38.37366],[141.43829,38.38136],[141.42269,38.38432],[141.42979,38.39967],[141.4146,38.39147],[141.4084,38.404],[141.39008,38.38569],[141.37318,38.38327],[141.36385,38.38857],[141.37027,38.40007],[141.36371,38.4119],[141.31717,38.41153],[141.33211,38.40268],[141.32411,38.40229],[141.31395,38.41321],[141.29416,38.41405],[141.29477,38.40013],[141.27547,38.40955],[141.26442,38.39772],[141.28579,38.41618],[141.2666,38.41939],[141.26682,38.40753],[141.17418,38.37552],[141.15864,38.35355],[141.13244,38.35997],[141.13343,38.37691],[141.10703,38.38632],[141.11631,38.37614],[141.10527,38.36804],[141.0988,38.37841],[141.07704,38.37899],[141.06158,38.36907],[141.0661,38.35128],[141.03763,38.34353],[141.03923,38.33439],[141.05008,38.33956],[141.05392,38.33062],[141.02457,38.31992],[141.04556,38.31863],[141.03633,38.30647],[141.0764,38.31957],[141.09003,38.30049],[141.04025,38.27268],[141.02879,38.28311],[141.02495,38.27072],[140.99892,38.27311],[141.04689,38.26464],[141.02323,38.26413],[140.99095,38.22416],[140.93994,38.12736],[140.92436,38.06976],[140.92778,38.03425],[140.915,38.00076],[140.93117,37.8962],[140.92021,37.892],[140.90022,37.90433],[140.85625,37.8909],[140.85475,37.79734],[140.81018,37.79553],[140.77505,37.80636],[140.76471,37.79645],[140.80319,37.7799],[140.79791,37.77481],[140.74515,37.78846],[140.72671,37.78157],[140.72289,37.79263],[140.68539,37.81556],[140.67923,37.83634],[140.69201,37.85086],[140.68187,37.87592],[140.69008,37.88821],[140.66035,37.9009],[140.62734,37.89907],[140.61862,37.91252]]],[[[141.54787,38.30281],[141.56799,38.31353],[141.58954,38.30189],[141.57911,38.2869],[141.586,38.27708],[141.5729,38.27033],[141.54787,38.30281]]],[[[141.60168,38.8735],[141.62691,38.88359],[141.63433,38.86735],[141.62226,38.85195],[141.63633,38.84849],[141.63733,38.83938],[141.62414,38.83028],[141.60471,38.8604],[141.61293,38.86539],[141.60168,38.8735]]],[[[141.13149,38.33859],[141.14822,38.33883],[141.14083,38.35501],[141.15823,38.35322],[141.16294,38.34034],[141.15883,38.35039],[141.16575,38.35227],[141.16676,38.33205],[141.18268,38.32153],[141.16286,38.32815],[141.15424,38.32235],[141.14887,38.33419],[141.13769,38.32168],[141.13149,38.33859]]],[[[141.45646,38.27341],[141.46043,38.28335],[141.47964,38.27935],[141.50114,38.24685],[141.47899,38.25018],[141.45646,38.27341]]],[[[141.40637,38.28857],[141.4187,38.31188],[141.42954,38.29278],[141.40637,38.28857]]],[[[141.51526,38.46242],[141.53247,38.4545],[141.53021,38.43768],[141.51859,38.44286],[141.51526,38.46242]]]]}},{"type":"Feature","id":"040020","properties":{"region_code":"040020","geometry_key":"040020","name_ja":"西部","name_en":"Western Region","parent_code":"040000","parent_name_ja":"宮城県","display_name_ja":"宮城県 西部","office_name_ja":null,"label_lon":140.66140336986967,"label_lat":38.4320229998616,"label_point_semantics":"OFFICIAL_SOURCE_BBOX_CENTER_DISPLAY_ONLY"},"geometry":{"type":"Polygon","coordinates":[[[140.27489,37.98203],[140.28961,38.00721],[140.27607,38.02872],[140.28339,38.04997],[140.27758,38.05671],[140.37366,38.05701],[140.38302,38.07151],[140.40277,38.07034],[140.41767,38.08034],[140.42516,38.12191],[140.44569,38.12985],[140.44375,38.14093],[140.46766,38.15698],[140.48002,38.18157],[140.46707,38.23275],[140.47118,38.26936],[140.49695,38.28314],[140.49245,38.30223],[140.50434,38.31433],[140.52028,38.30952],[140.52974,38.3207],[140.52631,38.35753],[140.57822,38.39278],[140.5713,38.41311],[140.58039,38.43727],[140.59776,38.43653],[140.61996,38.45484],[140.60821,38.4584],[140.60423,38.48228],[140.56741,38.5013],[140.57196,38.52564],[140.55574,38.52995],[140.55408,38.54076],[140.57847,38.57009],[140.5374,38.63538],[140.54665,38.6497],[140.58786,38.63394],[140.60202,38.6406],[140.62442,38.68717],[140.62363,38.69978],[140.60664,38.70371],[140.60704,38.72131],[140.64646,38.76952],[140.60353,38.78371],[140.59073,38.83604],[140.54005,38.86189],[140.54712,38.88921],[140.56199,38.87301],[140.61359,38.89391],[140.63916,38.88323],[140.67111,38.89713],[140.68565,38.9176],[140.71159,38.92324],[140.74525,38.95637],[140.82406,38.96412],[140.88153,38.9279],[140.91037,38.92744],[140.91457,38.91683],[140.92654,38.92141],[140.95786,38.90813],[140.98548,38.87528],[141.04345,38.86217],[141.04529,38.83756],[141.02331,38.8312],[141.02276,38.80645],[141.04574,38.7935],[141.01719,38.77432],[140.99419,38.77078],[140.99515,38.75581],[140.96749,38.74641],[140.99368,38.73318],[140.99233,38.72184],[140.96384,38.71266],[140.98395,38.70365],[140.98514,38.6918],[140.97022,38.68818],[140.96736,38.66926],[140.95496,38.67146],[140.95163,38.68228],[140.90894,38.67254],[140.91519,38.66802],[140.90556,38.65514],[140.92064,38.63812],[140.87328,38.59111],[140.88191,38.57524],[140.90729,38.56437],[140.89412,38.56112],[140.89653,38.53854],[140.88577,38.52956],[140.8953,38.50478],[140.92493,38.48693],[140.95338,38.48911],[140.94935,38.47806],[140.96116,38.47118],[140.91135,38.46189],[140.90439,38.43475],[140.87547,38.42649],[140.87225,38.41345],[140.85864,38.4068],[140.87578,38.40277],[140.86043,38.37376],[140.86343,38.36202],[140.90835,38.33421],[140.92726,38.33309],[140.92927,38.30649],[140.89205,38.2873],[140.88006,38.30929],[140.86772,38.30045],[140.85639,38.3094],[140.83175,38.30826],[140.82532,38.28346],[140.81808,38.28349],[140.82581,38.27513],[140.82316,38.24852],[140.7979,38.26134],[140.76596,38.23918],[140.73789,38.24317],[140.7341,38.22619],[140.74918,38.21563],[140.7374,38.20617],[140.7497,38.17904],[140.74531,38.16161],[140.71911,38.14983],[140.65325,38.16919],[140.65454,38.14489],[140.63657,38.14209],[140.69055,38.13885],[140.70609,38.1243],[140.67667,38.05302],[140.70137,38.03736],[140.70595,38.01828],[140.69028,38.00212],[140.69265,37.97208],[140.67619,37.94892],[140.63235,37.94129],[140.62457,37.93416],[140.62837,37.91997],[140.59634,37.90622],[140.56638,37.92279],[140.55895,37.90994],[140.48886,37.89947],[140.46953,37.91787],[140.47488,37.94678],[140.42913,37.95441],[140.40912,37.96381],[140.40745,37.97367],[140.38841,37.96912],[140.38449,37.95222],[140.35887,37.95897],[140.34859,37.95016],[140.27489,37.98203]]]}},{"type":"Feature","id":"050010","properties":{"region_code":"050010","geometry_key":"050010","name_ja":"沿岸","name_en":"Coast","parent_code":"050000","parent_name_ja":"秋田県","display_name_ja":"秋田県 沿岸","office_name_ja":null,"label_lon":140.10365904083216,"label_lat":39.74122454522663,"label_point_semantics":"OFFICIAL_SOURCE_BBOX_CENTER_DISPLAY_ONLY"},"geometry":{"type":"Polygon","coordinates":[[[139.69295,39.99525],[139.7017,40.00682],[139.72335,39.98168],[139.76572,39.97487],[139.79368,39.9577],[139.81835,39.96015],[139.8852,39.99949],[139.94907,40.07886],[139.99215,40.17579],[139.98397,40.18353],[139.98842,40.20021],[139.97809,40.20237],[139.99499,40.19925],[139.9942,40.21363],[140.00268,40.20631],[140.0028,40.21737],[140.02557,40.21674],[139.99779,40.22032],[139.98339,40.2111],[140.00566,40.22675],[140.02615,40.34328],[140.01202,40.37355],[139.9831,40.38465],[139.97823,40.39848],[139.94703,40.41268],[139.93631,40.4282],[139.95954,40.43486],[139.98121,40.42738],[139.99505,40.43505],[140.01944,40.41984],[140.02272,40.45127],[140.06815,40.46886],[140.09358,40.45892],[140.11162,40.43542],[140.18547,40.44331],[140.22017,40.43115],[140.29104,40.44658],[140.31073,40.43629],[140.33522,40.43938],[140.33343,40.38796],[140.35643,40.36656],[140.32538,40.31173],[140.3231,40.27232],[140.3076,40.25248],[140.28756,40.25358],[140.27356,40.23662],[140.28286,40.22444],[140.27307,40.21139],[140.2994,40.20119],[140.2543,40.18181],[140.25814,40.15851],[140.24287,40.11165],[140.25423,40.07135],[140.23667,40.0475],[140.24519,40.02806],[140.23428,39.99142],[140.25043,39.98361],[140.24779,39.95913],[140.26631,39.93713],[140.29574,39.91971],[140.30648,39.8474],[140.29646,39.83295],[140.30962,39.82563],[140.31093,39.79718],[140.3404,39.80458],[140.37286,39.83603],[140.40078,39.83485],[140.43205,39.81964],[140.4586,39.82396],[140.51561,39.74779],[140.5071,39.72938],[140.48326,39.71754],[140.4447,39.7045],[140.4146,39.71473],[140.38294,39.69628],[140.34771,39.69129],[140.34179,39.67503],[140.32526,39.68064],[140.30668,39.66824],[140.30905,39.6476],[140.26588,39.65236],[140.27133,39.63829],[140.28449,39.64048],[140.28418,39.62515],[140.22731,39.54793],[140.24551,39.54106],[140.2509,39.51496],[140.26312,39.51208],[140.27539,39.49186],[140.26548,39.48392],[140.28379,39.45884],[140.26897,39.44957],[140.27047,39.43255],[140.30651,39.41656],[140.30223,39.40382],[140.28519,39.39677],[140.32019,39.38259],[140.29434,39.37243],[140.26217,39.37975],[140.26886,39.35596],[140.32011,39.34866],[140.32973,39.33942],[140.32753,39.32577],[140.3421,39.32678],[140.34056,39.31245],[140.35593,39.2976],[140.34247,39.29557],[140.33048,39.27355],[140.32974,39.26159],[140.34783,39.24677],[140.28668,39.24396],[140.2484,39.22456],[140.22652,39.22951],[140.22054,39.22105],[140.23676,39.19518],[140.2487,39.19702],[140.27375,39.17149],[140.31698,39.10148],[140.3416,39.08821],[140.34336,39.07397],[140.33148,39.0591],[140.34272,39.04562],[140.3188,39.03126],[140.31072,39.01359],[140.26056,39.03524],[140.23158,39.02696],[140.20155,39.03503],[140.19811,39.06126],[140.15186,39.0484],[140.1378,39.06557],[140.11686,39.06823],[140.1145,39.07836],[140.06273,39.09255],[140.06244,39.1335],[140.00777,39.12304],[139.99445,39.10552],[139.94805,39.11717],[139.86959,39.11826],[139.88507,39.13312],[139.8833,39.14523],[139.90492,39.18137],[139.90502,39.19735],[139.89284,39.20246],[139.89208,39.21289],[139.91497,39.24914],[139.90762,39.25432],[139.91573,39.27557],[139.97433,39.30423],[140.02445,39.41549],[140.06136,39.61422],[140.05821,39.72781],[140.03868,39.75959],[140.04788,39.75751],[140.05028,39.77063],[140.04284,39.77284],[140.04304,39.762],[140.03967,39.77196],[140.02774,39.76912],[140.04166,39.78513],[140.00203,39.8516],[139.96589,39.88142],[139.92534,39.89938],[139.85851,39.89601],[139.86373,39.89049],[139.84913,39.88132],[139.8569,39.878],[139.84716,39.87747],[139.8659,39.8741],[139.84838,39.86281],[139.83,39.86885],[139.81261,39.85746],[139.79283,39.86769],[139.75529,39.85685],[139.74027,39.87145],[139.73492,39.90535],[139.71757,39.909],[139.70568,39.92806],[139.70172,39.94225],[139.71891,39.94603],[139.72106,39.95489],[139.70161,39.96101],[139.69295,39.99525]]]}},{"type":"Feature","id":"050020","properties":{"region_code":"050020","geometry_key":"050020","name_ja":"内陸","name_en":"Inland","parent_code":"050000","parent_name_ja":"秋田県","display_name_ja":"秋田県 内陸","office_name_ja":null,"label_lon":140.60797985103932,"label_lat":39.6920649455908,"label_point_semantics":"OFFICIAL_SOURCE_BBOX_CENTER_DISPLAY_ONLY"},"geometry":{"type":"Polygon","coordinates":[[[140.22053,39.22086],[140.22652,39.22951],[140.2484,39.22456],[140.28668,39.24396],[140.34783,39.24677],[140.32974,39.26159],[140.33048,39.27355],[140.34247,39.29557],[140.35593,39.2976],[140.34056,39.31245],[140.3421,39.32678],[140.32753,39.32577],[140.32973,39.33942],[140.32011,39.34866],[140.26937,39.35523],[140.2619,39.37799],[140.29434,39.37243],[140.32019,39.38259],[140.28519,39.39677],[140.30223,39.40382],[140.30651,39.41656],[140.27047,39.43255],[140.26897,39.44957],[140.28379,39.45884],[140.26548,39.48392],[140.27539,39.49186],[140.26312,39.51208],[140.2509,39.51496],[140.24526,39.54135],[140.22757,39.54622],[140.24108,39.57056],[140.25618,39.57801],[140.27605,39.62414],[140.28418,39.62515],[140.28449,39.64048],[140.27133,39.63829],[140.26525,39.65165],[140.2922,39.65544],[140.30905,39.6476],[140.30668,39.66824],[140.32526,39.68064],[140.34179,39.67503],[140.34771,39.69129],[140.38294,39.69628],[140.4146,39.71473],[140.4447,39.7045],[140.48326,39.71754],[140.5071,39.72938],[140.51561,39.74779],[140.4586,39.82396],[140.43205,39.81964],[140.40078,39.83485],[140.37286,39.83603],[140.3404,39.80458],[140.31093,39.79718],[140.30962,39.82563],[140.29646,39.83295],[140.30648,39.8474],[140.29574,39.91971],[140.26631,39.93713],[140.24779,39.95913],[140.25043,39.98361],[140.23428,39.99142],[140.24519,40.02806],[140.23667,40.0475],[140.25423,40.07135],[140.24287,40.11165],[140.25814,40.15851],[140.2543,40.18181],[140.2994,40.20119],[140.27307,40.21139],[140.28286,40.22444],[140.27356,40.23662],[140.28756,40.25358],[140.3076,40.25248],[140.3231,40.27232],[140.32538,40.31173],[140.35643,40.36656],[140.33343,40.38796],[140.34337,40.46166],[140.38696,40.48706],[140.40224,40.47491],[140.42739,40.48258],[140.43727,40.47845],[140.43995,40.45008],[140.46438,40.45645],[140.50836,40.42855],[140.52919,40.43076],[140.52361,40.41056],[140.54052,40.4027],[140.56707,40.39864],[140.55337,40.42056],[140.58973,40.43611],[140.62578,40.424],[140.63405,40.40234],[140.65265,40.40335],[140.69923,40.42942],[140.73357,40.4158],[140.73389,40.43951],[140.75206,40.43876],[140.76905,40.45382],[140.78714,40.45719],[140.80365,40.44865],[140.81063,40.48713],[140.82003,40.49533],[140.87899,40.51081],[140.86132,40.44063],[140.89233,40.42335],[140.98439,40.4281],[140.97876,40.41598],[140.99543,40.35337],[140.9809,40.34327],[140.96208,40.34713],[140.96742,40.33366],[140.95734,40.32452],[140.9569,40.30472],[140.94397,40.29626],[140.95751,40.28243],[140.94571,40.25807],[140.95507,40.24763],[140.94017,40.24048],[140.94173,40.22768],[140.90516,40.22192],[140.88953,40.20054],[140.89269,40.19246],[140.85919,40.17143],[140.88361,40.15732],[140.86699,40.13237],[140.8712,40.11595],[140.88103,40.11373],[140.87534,40.09457],[140.84448,40.07459],[140.85586,40.01571],[140.84531,39.97496],[140.85735,39.95286],[140.85469,39.92329],[140.86805,39.91166],[140.87814,39.8746],[140.85292,39.86579],[140.82582,39.88624],[140.79923,39.88164],[140.78224,39.86785],[140.78665,39.8234],[140.82132,39.81542],[140.84827,39.79325],[140.80533,39.75665],[140.80373,39.74475],[140.77482,39.73455],[140.82258,39.68817],[140.8223,39.64995],[140.79754,39.60409],[140.7822,39.60397],[140.78066,39.59033],[140.76386,39.58757],[140.7543,39.57072],[140.72962,39.56513],[140.74136,39.53619],[140.71357,39.49885],[140.7244,39.48053],[140.6819,39.45722],[140.6768,39.44779],[140.68512,39.42467],[140.65838,39.41509],[140.66371,39.40367],[140.65312,39.391],[140.67897,39.38318],[140.67564,39.36834],[140.7082,39.33446],[140.69404,39.31976],[140.69359,39.29959],[140.71733,39.29651],[140.71783,39.27261],[140.78866,39.23843],[140.78762,39.22679],[140.76305,39.21323],[140.76485,39.19776],[140.8082,39.18042],[140.77413,39.16785],[140.74894,39.13812],[140.76998,39.12416],[140.75596,39.1183],[140.76325,39.10886],[140.7527,39.0862],[140.80239,39.07789],[140.79953,39.06097],[140.81025,39.05741],[140.77869,39.00814],[140.76403,39.00019],[140.77498,38.96041],[140.73209,38.94927],[140.71159,38.92324],[140.68565,38.9176],[140.67111,38.89713],[140.63855,38.88307],[140.61359,38.89391],[140.56199,38.87301],[140.53795,38.90037],[140.50012,38.89485],[140.48244,38.91655],[140.46186,38.91972],[140.44958,38.9456],[140.45109,38.97215],[140.43201,38.99181],[140.37623,38.99446],[140.36221,39.02596],[140.33149,39.03094],[140.34272,39.04562],[140.33148,39.0591],[140.34336,39.07397],[140.34105,39.08922],[140.31698,39.10148],[140.27375,39.17149],[140.2487,39.19702],[140.23676,39.19518],[140.22053,39.22086]]]}},{"type":"Feature","id":"060010","properties":{"region_code":"060010","geometry_key":"060010","name_ja":"村山","name_en":"Murayama","parent_code":"060000","parent_name_ja":"山形県","display_name_ja":"山形県 村山","office_name_ja":null,"label_lon":140.24742717852155,"label_lat":38.387536306355486,"label_point_semantics":"OFFICIAL_SOURCE_BBOX_CENTER_DISPLAY_ONLY"},"geometry":{"type":"Polygon","coordinates":[[[139.87481,38.31677],[139.89777,38.33224],[139.91744,38.36689],[139.90991,38.37936],[139.92129,38.39353],[139.91439,38.4104],[139.93509,38.43358],[139.92419,38.45203],[139.93256,38.46964],[139.92618,38.47969],[139.94218,38.4889],[139.93204,38.50228],[139.99324,38.53816],[140.0262,38.54681],[140.03896,38.51869],[140.03501,38.50549],[140.05019,38.49635],[140.08676,38.51255],[140.12251,38.49371],[140.16278,38.53135],[140.21069,38.53371],[140.23557,38.55109],[140.24106,38.5685],[140.27593,38.60334],[140.30172,38.61413],[140.29945,38.6406],[140.32003,38.65829],[140.31702,38.68187],[140.37409,38.68454],[140.39655,38.70238],[140.42324,38.69981],[140.45793,38.72172],[140.47446,38.69482],[140.525,38.69406],[140.54638,38.6747],[140.5374,38.63427],[140.56212,38.60725],[140.55845,38.59764],[140.56973,38.59407],[140.57872,38.56833],[140.55429,38.54135],[140.55511,38.53104],[140.57196,38.52564],[140.56741,38.5013],[140.60423,38.48228],[140.60821,38.4584],[140.61996,38.45484],[140.59776,38.43653],[140.58039,38.43727],[140.5713,38.41311],[140.57822,38.39278],[140.52631,38.35753],[140.52974,38.3207],[140.52028,38.30952],[140.50434,38.31433],[140.49245,38.30223],[140.49695,38.28314],[140.47118,38.26936],[140.46707,38.23275],[140.47997,38.18137],[140.46766,38.15698],[140.44375,38.14093],[140.44569,38.12985],[140.42516,38.12191],[140.42085,38.0856],[140.40323,38.07057],[140.38302,38.07151],[140.37366,38.05701],[140.30271,38.05357],[140.27501,38.0568],[140.24793,38.08153],[140.23352,38.0825],[140.23785,38.09447],[140.21229,38.09905],[140.21065,38.11043],[140.18841,38.11766],[140.18314,38.12905],[140.21,38.14253],[140.19165,38.21333],[140.17316,38.2227],[140.16974,38.23966],[140.14362,38.24498],[140.15087,38.24469],[140.14016,38.25647],[140.09009,38.24121],[140.07155,38.26903],[140.04248,38.24455],[140.01301,38.24337],[139.98884,38.1992],[139.9933,38.18819],[139.97755,38.17968],[139.96051,38.20374],[139.94073,38.20878],[139.94416,38.23049],[139.91657,38.24642],[139.92138,38.26305],[139.89933,38.27624],[139.89889,38.29315],[139.87933,38.30343],[139.87481,38.31677]]]}},{"type":"Feature","id":"060020","properties":{"region_code":"060020","geometry_key":"060020","name_ja":"置賜","name_en":"Okitama","parent_code":"060000","parent_name_ja":"山形県","display_name_ja":"山形県 置賜","office_name_ja":null,"label_lon":139.96181351518163,"label_lat":38.0049563874274,"label_point_semantics":"OFFICIAL_SOURCE_BBOX_CENTER_DISPLAY_ONLY"},"geometry":{"type":"Polygon","coordinates":[[[139.62481,37.91807],[139.64299,37.94667],[139.63934,37.98552],[139.65446,37.99702],[139.65467,38.03517],[139.69273,38.05703],[139.68617,38.06504],[139.6918,38.07506],[139.67133,38.07687],[139.69389,38.1158],[139.68224,38.17141],[139.69864,38.20295],[139.78637,38.19224],[139.86019,38.23107],[139.87644,38.26162],[139.90068,38.27609],[139.92138,38.26305],[139.91657,38.24642],[139.94416,38.23049],[139.94073,38.20878],[139.96051,38.20374],[139.97755,38.17968],[139.99331,38.1882],[139.98884,38.1992],[140.01259,38.24311],[140.04248,38.24455],[140.07155,38.26903],[140.09009,38.24121],[140.12839,38.25699],[140.16993,38.23949],[140.17316,38.2227],[140.18554,38.22259],[140.19291,38.21037],[140.20997,38.14276],[140.18341,38.13496],[140.18829,38.11774],[140.21048,38.11059],[140.21273,38.09881],[140.23785,38.09447],[140.23352,38.0825],[140.24793,38.08153],[140.28335,38.05013],[140.27573,38.0309],[140.28961,38.00721],[140.27625,37.99303],[140.28,37.97664],[140.2713,37.96682],[140.281,37.94135],[140.26453,37.91194],[140.27072,37.89074],[140.26212,37.83442],[140.29882,37.80792],[140.23704,37.74638],[140.16641,37.75729],[140.14601,37.75272],[140.14069,37.73808],[140.11537,37.73436],[140.08673,37.75804],[140.06912,37.75784],[140.05143,37.77933],[140.0195,37.76202],[139.9865,37.76041],[139.96015,37.79565],[139.95792,37.81486],[139.93272,37.82938],[139.92466,37.81346],[139.87981,37.8101],[139.85772,37.82654],[139.81003,37.80324],[139.78295,37.83197],[139.74131,37.82029],[139.71564,37.85416],[139.68083,37.84695],[139.65722,37.86345],[139.63184,37.88927],[139.62481,37.91807]]]}},{"type":"Feature","id":"060030","properties":{"region_code":"060030","geometry_key":"060030","name_ja":"庄内","name_en":"Shonai","parent_code":"060000","parent_name_ja":"山形県","display_name_ja":"山形県 庄内","office_name_ja":null,"label_lon":139.83541319051642,"label_lat":38.76614069393793,"label_point_semantics":"OFFICIAL_SOURCE_BBOX_CENTER_DISPLAY_ONLY"},"geometry":{"type":"MultiPolygon","coordinates":[[[[139.53911,38.55793],[139.54822,38.55978],[139.62447,38.68479],[139.64793,38.69344],[139.66899,38.71818],[139.69032,38.72314],[139.7074,38.75041],[139.7345,38.76277],[139.72952,38.7662],[139.7538,38.78599],[139.80485,38.9061],[139.80869,38.92531],[139.79525,38.93575],[139.80869,38.92537],[139.80292,38.93015],[139.81778,38.9428],[139.8124,38.95098],[139.83587,38.95599],[139.83374,38.96398],[139.81889,38.96052],[139.83858,38.98166],[139.86715,39.05233],[139.86459,39.06914],[139.87278,39.06961],[139.86374,39.07084],[139.87934,39.0962],[139.86959,39.11826],[139.94805,39.11717],[139.99445,39.10552],[140.00777,39.12304],[140.06244,39.1335],[140.06273,39.09255],[140.14389,39.06134],[140.1508,39.04918],[140.11437,39.02447],[140.12095,39.00232],[140.10993,38.99181],[140.14717,38.97001],[140.13763,38.96096],[140.14128,38.94595],[140.12061,38.93708],[140.124,38.92123],[140.14009,38.91465],[140.11824,38.89477],[140.12042,38.87271],[140.08869,38.85802],[140.08776,38.84231],[140.1133,38.83522],[140.11745,38.82108],[140.0768,38.81421],[140.08526,38.80052],[140.02867,38.77041],[140.03408,38.74898],[140.05624,38.72594],[140.03361,38.67409],[140.07182,38.63376],[140.10858,38.61924],[140.10521,38.60024],[140.11741,38.57832],[140.05432,38.52829],[140.04322,38.52757],[140.02471,38.54655],[139.93265,38.50298],[139.94218,38.4889],[139.92618,38.47969],[139.93256,38.46964],[139.92418,38.45219],[139.93509,38.43358],[139.91616,38.41642],[139.92129,38.39353],[139.90991,38.37936],[139.91744,38.36689],[139.89643,38.33103],[139.87481,38.31677],[139.84894,38.34285],[139.8277,38.34474],[139.81664,38.35597],[139.78964,38.34871],[139.74072,38.365],[139.72581,38.39164],[139.71029,38.38652],[139.70348,38.39852],[139.71805,38.4252],[139.71909,38.46624],[139.7114,38.4768],[139.72515,38.48524],[139.72176,38.49623],[139.63781,38.51142],[139.62121,38.52558],[139.59983,38.52206],[139.53911,38.55793]]],[[[139.53909,39.19441],[139.5502,39.20855],[139.56477,39.19867],[139.54868,39.18164],[139.53909,39.19441]]]]}},{"type":"Feature","id":"060040","properties":{"region_code":"060040","geometry_key":"060040","name_ja":"最上","name_en":"Mogami","parent_code":"060000","parent_name_ja":"山形県","display_name_ja":"山形県 最上","office_name_ja":null,"label_lon":140.33758394923996,"label_lat":38.777395373897434,"label_point_semantics":"OFFICIAL_SOURCE_BBOX_CENTER_DISPLAY_ONLY"},"geometry":{"type":"Polygon","coordinates":[[[140.02867,38.77023],[140.08526,38.80052],[140.0768,38.81421],[140.11745,38.82108],[140.1133,38.83522],[140.08776,38.84231],[140.08874,38.85835],[140.12052,38.87288],[140.11824,38.89477],[140.14025,38.91569],[140.124,38.92123],[140.12123,38.94084],[140.14128,38.94595],[140.13763,38.96096],[140.14717,38.97001],[140.13712,38.98184],[140.11135,38.98511],[140.12184,39.01027],[140.11437,39.02447],[140.14002,39.04608],[140.18877,39.06149],[140.20473,39.05369],[140.20079,39.03544],[140.22673,39.02721],[140.26056,39.03524],[140.31072,39.01359],[140.3291,39.0348],[140.36221,39.02596],[140.37623,38.99446],[140.43201,38.99181],[140.45109,38.97215],[140.44958,38.9456],[140.46212,38.91943],[140.48244,38.91655],[140.50034,38.89479],[140.53824,38.90019],[140.54774,38.89019],[140.54005,38.86189],[140.59073,38.83604],[140.60353,38.78371],[140.6465,38.7691],[140.60712,38.72151],[140.60664,38.70371],[140.62363,38.69978],[140.62442,38.68717],[140.60202,38.6406],[140.58994,38.63382],[140.54524,38.65057],[140.5394,38.68544],[140.50228,38.69824],[140.47446,38.69482],[140.45864,38.72168],[140.42324,38.69981],[140.39655,38.70238],[140.37409,38.68454],[140.31831,38.68232],[140.3185,38.65175],[140.2994,38.64044],[140.30254,38.61498],[140.27593,38.60334],[140.24106,38.5685],[140.23557,38.55109],[140.2102,38.53353],[140.16257,38.53125],[140.11832,38.4933],[140.08947,38.51226],[140.05037,38.49629],[140.03501,38.50549],[140.03576,38.53274],[140.05432,38.52829],[140.11746,38.57888],[140.10521,38.60024],[140.10858,38.61924],[140.07182,38.63376],[140.03361,38.67409],[140.05624,38.72594],[140.03408,38.74898],[140.02867,38.77023]]]}},{"type":"Feature","id":"070010","properties":{"region_code":"070010","geometry_key":"070010","name_ja":"中通り","name_en":"Nakadori","parent_code":"070000","parent_name_ja":"福島県","display_name_ja":"福島県 中通り","office_name_ja":null,"label_lon":140.4104583596157,"label_lat":37.38397988671244,"label_point_semantics":"OFFICIAL_SOURCE_BBOX_CENTER_DISPLAY_ONLY"},"geometry":{"type":"Polygon","coordinates":[[[139.95893,37.17597],[139.98214,37.20194],[140.01762,37.19694],[140.07136,37.20996],[140.07189,37.22397],[140.08922,37.233],[140.08625,37.24655],[140.10148,37.24238],[140.09929,37.2517],[140.11463,37.2617],[140.10462,37.28597],[140.1174,37.30836],[140.10875,37.32266],[140.16676,37.33831],[140.19822,37.37851],[140.18017,37.41207],[140.18125,37.42764],[140.2161,37.44956],[140.1999,37.4539],[140.19002,37.51032],[140.1655,37.5273],[140.20314,37.5599],[140.22827,37.55504],[140.23842,37.59008],[140.28527,37.62742],[140.27791,37.66196],[140.23075,37.67915],[140.2366,37.70298],[140.22928,37.71638],[140.23188,37.73021],[140.24425,37.73514],[140.24043,37.75353],[140.2988,37.80781],[140.26212,37.83442],[140.27072,37.89074],[140.26453,37.91194],[140.281,37.94135],[140.27237,37.9582],[140.27667,37.97509],[140.35023,37.95014],[140.35887,37.95897],[140.38449,37.95222],[140.38841,37.96912],[140.40745,37.97367],[140.40912,37.96381],[140.42913,37.95441],[140.47488,37.94678],[140.46953,37.91787],[140.48886,37.89947],[140.55895,37.90994],[140.56638,37.92279],[140.59098,37.90626],[140.61549,37.91482],[140.62734,37.89907],[140.66035,37.9009],[140.69008,37.88821],[140.68187,37.87592],[140.69201,37.85086],[140.67923,37.83634],[140.69531,37.80452],[140.67798,37.77975],[140.7025,37.75955],[140.73566,37.7683],[140.73669,37.76088],[140.67811,37.73837],[140.66213,37.70043],[140.6449,37.69165],[140.66717,37.67603],[140.66237,37.66308],[140.67423,37.62238],[140.72625,37.59369],[140.7131,37.57262],[140.69788,37.57368],[140.68188,37.54092],[140.70546,37.52333],[140.69156,37.50304],[140.76624,37.48217],[140.77157,37.47215],[140.83463,37.46796],[140.86199,37.41124],[140.8598,37.38705],[140.84983,37.37121],[140.81932,37.38193],[140.76416,37.38346],[140.73502,37.40339],[140.71561,37.39772],[140.69898,37.36951],[140.72322,37.31954],[140.69574,37.31509],[140.69089,37.30549],[140.69384,37.27754],[140.68278,37.23438],[140.60702,37.20401],[140.60112,37.17898],[140.61133,37.15496],[140.62404,37.14295],[140.63234,37.155],[140.6649,37.09001],[140.65304,37.08581],[140.65717,37.07492],[140.64003,37.06846],[140.64287,37.05665],[140.625,37.04915],[140.61731,37.01516],[140.59848,37.01571],[140.5994,37.00522],[140.56592,36.98573],[140.58704,36.9463],[140.56744,36.93668],[140.56496,36.91286],[140.58077,36.90441],[140.59199,36.87302],[140.53804,36.85886],[140.51391,36.82344],[140.488,36.81836],[140.47862,36.79694],[140.46385,36.79153],[140.4385,36.82154],[140.43097,36.81704],[140.4151,36.83203],[140.37706,36.83806],[140.36521,36.88432],[140.32653,36.8913],[140.32167,36.90802],[140.2927,36.9332],[140.27297,36.93015],[140.24099,36.94549],[140.25309,36.96297],[140.24021,37.00028],[140.25205,37.01023],[140.24935,37.02566],[140.21998,37.01849],[140.20308,37.02396],[140.19339,37.06511],[140.1572,37.08142],[140.13738,37.10643],[140.02326,37.14332],[139.96284,37.14856],[139.95893,37.17597]]]}},{"type":"Feature","id":"070020","properties":{"region_code":"070020","geometry_key":"070020","name_ja":"浜通り","name_en":"Hamadori","parent_code":"070000","parent_name_ja":"福島県","display_name_ja":"福島県 浜通り","office_name_ja":null,"label_lon":140.80589137438744,"label_lat":37.38024859954328,"label_point_semantics":"OFFICIAL_SOURCE_BBOX_CENTER_DISPLAY_ONLY"},"geometry":{"type":"Polygon","coordinates":[[[140.56589,36.98552],[140.5994,37.00522],[140.59848,37.01571],[140.61731,37.01516],[140.625,37.04915],[140.64287,37.05665],[140.64003,37.06846],[140.65717,37.07492],[140.65304,37.08581],[140.66488,37.08995],[140.63245,37.15486],[140.62389,37.14296],[140.60115,37.17914],[140.60729,37.20423],[140.68278,37.23438],[140.69384,37.27754],[140.69089,37.30549],[140.69574,37.31509],[140.72322,37.31954],[140.69898,37.36951],[140.715,37.39725],[140.72873,37.40462],[140.76416,37.38346],[140.81932,37.38193],[140.84983,37.37121],[140.8598,37.38705],[140.86199,37.41124],[140.83463,37.46796],[140.77157,37.47215],[140.76624,37.48217],[140.69156,37.50304],[140.70546,37.52333],[140.68188,37.54092],[140.69788,37.57368],[140.7131,37.57262],[140.72625,37.59369],[140.67423,37.62238],[140.66237,37.66308],[140.66717,37.67603],[140.6449,37.69165],[140.66213,37.70043],[140.67811,37.73837],[140.73669,37.76088],[140.73566,37.7683],[140.7025,37.75955],[140.68432,37.77028],[140.67837,37.78727],[140.70279,37.8032],[140.72697,37.78148],[140.74515,37.78846],[140.79405,37.77325],[140.80324,37.77984],[140.76502,37.79827],[140.77778,37.80631],[140.85211,37.79544],[140.85825,37.81475],[140.85055,37.84931],[140.86156,37.86283],[140.85625,37.8909],[140.90022,37.90433],[140.92021,37.892],[140.93117,37.8962],[140.94641,37.85321],[140.96779,37.85942],[140.94938,37.85525],[140.95388,37.84063],[140.96238,37.84163],[140.95512,37.83856],[140.95948,37.83137],[140.96749,37.84465],[140.96303,37.83145],[140.98088,37.82568],[140.97654,37.83726],[140.98735,37.82273],[140.98905,37.77323],[141.01134,37.73977],[141.01479,37.67452],[141.041,37.66498],[141.01907,37.67176],[141.02225,37.66428],[141.03307,37.66695],[141.01923,37.65829],[141.03038,37.52986],[141.0459,37.47973],[141.03681,37.47104],[141.03461,37.43369],[141.03653,37.4199],[141.04285,37.42332],[141.0339,37.41897],[141.03918,37.36393],[141.02544,37.3248],[141.03609,37.31911],[141.02743,37.32229],[141.02804,37.31371],[141.03861,37.31895],[141.02534,37.31343],[141.01281,37.25355],[141.01293,37.24091],[141.02325,37.23507],[141.01646,37.23017],[141.02878,37.23797],[141.01232,37.22913],[141.00252,37.20016],[141.00054,37.10897],[140.98422,37.09207],[140.97417,37.05276],[140.97397,37.01455],[140.9821,37.01152],[140.98302,36.99552],[140.97063,36.98792],[140.96692,36.97014],[140.92497,36.93532],[140.90875,36.93431],[140.91626,36.94069],[140.90316,36.94466],[140.88049,36.92771],[140.87343,36.93164],[140.86496,36.91615],[140.81562,36.90765],[140.79464,36.88452],[140.78687,36.85617],[140.77781,36.86727],[140.76504,36.86227],[140.76011,36.87236],[140.72131,36.87089],[140.6801,36.89338],[140.61552,36.90327],[140.59267,36.92674],[140.58243,36.96535],[140.56589,36.98552]]]}},{"type":"Feature","id":"070030","properties":{"region_code":"070030","geometry_key":"070030","name_ja":"会津","name_en":"Aizu","parent_code":"070000","parent_name_ja":"福島県","display_name_ja":"福島県 会津","office_name_ja":null,"label_lon":139.72501150512693,"label_lat":37.3834306536518,"label_point_semantics":"OFFICIAL_SOURCE_BBOX_CENTER_DISPLAY_ONLY"},"geometry":{"type":"Polygon","coordinates":[[[139.16475,37.23751],[139.17475,37.25643],[139.21232,37.28624],[139.22429,37.31999],[139.21787,37.33415],[139.23362,37.34361],[139.2315,37.38788],[139.21213,37.39209],[139.19725,37.41077],[139.22331,37.44904],[139.28397,37.44991],[139.36255,37.46997],[139.39751,37.45984],[139.40633,37.46605],[139.41125,37.50516],[139.42942,37.51471],[139.4572,37.51787],[139.47612,37.50255],[139.52344,37.51454],[139.56475,37.50167],[139.58511,37.5129],[139.59055,37.52803],[139.56574,37.54611],[139.57238,37.57035],[139.56499,37.59738],[139.54854,37.60964],[139.54604,37.62889],[139.5553,37.64108],[139.54929,37.64904],[139.59642,37.66586],[139.60941,37.68427],[139.6272,37.68828],[139.62409,37.71025],[139.64961,37.72906],[139.65789,37.75501],[139.74151,37.81771],[139.71465,37.85292],[139.68171,37.8473],[139.71474,37.8544],[139.74131,37.82029],[139.78295,37.83197],[139.81003,37.80324],[139.85772,37.82654],[139.88662,37.80916],[139.92483,37.81351],[139.92796,37.82752],[139.93703,37.8283],[139.95792,37.81486],[139.96015,37.79565],[139.9865,37.76041],[140.0195,37.76202],[140.05143,37.77933],[140.06912,37.75784],[140.08673,37.75804],[140.11537,37.73436],[140.14069,37.73808],[140.14601,37.75272],[140.16641,37.75729],[140.23725,37.74647],[140.24425,37.73514],[140.23018,37.72561],[140.23675,37.69605],[140.23075,37.67915],[140.28256,37.65463],[140.28484,37.62622],[140.23842,37.59008],[140.23285,37.55979],[140.20314,37.5599],[140.16554,37.5274],[140.19006,37.51024],[140.1999,37.4539],[140.2161,37.44956],[140.18125,37.42764],[140.18017,37.41207],[140.19822,37.37851],[140.16676,37.33831],[140.10875,37.32266],[140.1174,37.30836],[140.10462,37.28597],[140.11463,37.2617],[140.09929,37.2517],[140.10148,37.24238],[140.08625,37.24655],[140.08922,37.233],[140.07189,37.22397],[140.07136,37.20996],[140.01762,37.19694],[139.98214,37.20194],[139.9599,37.18029],[139.96126,37.1533],[139.89464,37.15326],[139.83177,37.13364],[139.81505,37.11662],[139.82209,37.08514],[139.77491,37.09189],[139.75182,37.07023],[139.67327,37.05775],[139.66465,37.03984],[139.62556,37.03322],[139.61669,37.01518],[139.58205,37.01508],[139.57642,37.00208],[139.53526,36.98058],[139.49416,36.96791],[139.48421,36.97547],[139.46117,36.97072],[139.43035,36.92593],[139.408,36.92657],[139.39329,36.9108],[139.37298,36.91841],[139.3494,36.91304],[139.34239,36.92753],[139.30445,36.92582],[139.26614,36.94115],[139.24388,36.92965],[139.23058,36.93694],[139.2499,36.95581],[139.24718,36.98049],[139.25567,36.98875],[139.24337,37.01513],[139.26033,37.04769],[139.23513,37.11052],[139.25385,37.16497],[139.22066,37.20918],[139.19658,37.19403],[139.16475,37.23751]]]}},{"type":"Feature","id":"080010","properties":{"region_code":"080010","geometry_key":"080010","name_ja":"北部","name_en":"Northern Region","parent_code":"080000","parent_name_ja":"茨城県","display_name_ja":"茨城県 北部","office_name_ja":null,"label_lon":140.48403745716297,"label_lat":36.53772376608899,"label_point_semantics":"OFFICIAL_SOURCE_BBOX_CENTER_DISPLAY_ONLY"},"geometry":{"type":"Polygon","coordinates":[[[140.16233,36.34174],[140.19121,36.38478],[140.18516,36.39834],[140.20326,36.42074],[140.20261,36.45407],[140.21463,36.47623],[140.22717,36.48594],[140.22946,36.50208],[140.26019,36.51748],[140.24378,36.56282],[140.24849,36.61068],[140.2347,36.62376],[140.24093,36.65092],[140.22042,36.68715],[140.23141,36.69973],[140.29226,36.71256],[140.28334,36.73414],[140.25492,36.75986],[140.26108,36.76751],[140.25368,36.78338],[140.26639,36.79049],[140.2674,36.81778],[140.25154,36.85246],[140.25347,36.92969],[140.28558,36.93555],[140.303,36.92688],[140.32653,36.8913],[140.36521,36.88432],[140.37721,36.83792],[140.4151,36.83203],[140.43097,36.81704],[140.4385,36.82154],[140.46419,36.7914],[140.47862,36.79694],[140.488,36.81836],[140.51391,36.82344],[140.53804,36.85886],[140.59199,36.87302],[140.58077,36.90441],[140.56496,36.91286],[140.56744,36.93668],[140.58611,36.94528],[140.61552,36.90327],[140.65496,36.90104],[140.69508,36.88877],[140.71427,36.87278],[140.74085,36.87556],[140.76011,36.87236],[140.76683,36.86155],[140.77207,36.8686],[140.78617,36.85623],[140.79843,36.8594],[140.79269,36.85747],[140.80557,36.83078],[140.7728,36.8226],[140.74845,36.78436],[140.71665,36.69329],[140.71662,36.66169],[140.69363,36.64458],[140.68951,36.62098],[140.65284,36.57294],[140.62832,36.49516],[140.61214,36.48659],[140.62821,36.48352],[140.61444,36.48354],[140.60837,36.45201],[140.60935,36.44045],[140.63289,36.44152],[140.6272,36.4312],[140.60827,36.42835],[140.62358,36.42634],[140.60866,36.41355],[140.61561,36.41087],[140.60969,36.40518],[140.619,36.41118],[140.61173,36.39915],[140.62736,36.37713],[140.60376,36.33777],[140.59399,36.33807],[140.5798,36.30088],[140.58479,36.31079],[140.56182,36.29637],[140.55956,36.25578],[140.52611,36.26642],[140.52241,36.27823],[140.49623,36.27597],[140.49633,36.24597],[140.47786,36.23614],[140.45149,36.23754],[140.44728,36.22882],[140.44114,36.23885],[140.43248,36.22814],[140.42069,36.23186],[140.41583,36.21747],[140.44249,36.2027],[140.44984,36.18628],[140.4341,36.15446],[140.40712,36.13682],[140.39473,36.15595],[140.36326,36.15714],[140.36664,36.13051],[140.34581,36.13068],[140.3071,36.16528],[140.3163,36.17798],[140.30859,36.18568],[140.34409,36.18886],[140.27212,36.22768],[140.28061,36.25488],[140.31567,36.26481],[140.30312,36.27336],[140.25866,36.27213],[140.2255,36.29435],[140.21234,36.3172],[140.18054,36.32107],[140.17697,36.33509],[140.16233,36.34174]]]}},{"type":"Feature","id":"080020","properties":{"region_code":"080020","geometry_key":"080020","name_ja":"南部","name_en":"Southern Region","parent_code":"080000","parent_name_ja":"茨城県","display_name_ja":"茨城県 南部","office_name_ja":null,"label_lon":140.26983577884818,"label_lat":36.077028031868224,"label_point_semantics":"OFFICIAL_SOURCE_BBOX_CENTER_DISPLAY_ONLY"},"geometry":{"type":"Polygon","coordinates":[[[139.6877,36.19769],[139.69254,36.20653],[139.70647,36.20186],[139.70749,36.21084],[139.72749,36.20158],[139.82195,36.23986],[139.84169,36.2759],[139.83536,36.2935],[139.84803,36.31075],[139.88068,36.32296],[139.87882,36.3107],[139.91035,36.30092],[139.91433,36.33671],[139.9645,36.35094],[139.97333,36.37844],[139.98993,36.36721],[140.00224,36.36802],[140.00043,36.37663],[140.04817,36.37558],[140.06915,36.38893],[140.0664,36.40377],[140.11108,36.39795],[140.10958,36.4073],[140.13183,36.41492],[140.14426,36.41404],[140.15651,36.39799],[140.18665,36.39636],[140.19121,36.38478],[140.16233,36.34174],[140.17697,36.33509],[140.18054,36.32107],[140.2122,36.3173],[140.23334,36.28718],[140.26807,36.26797],[140.30295,36.27338],[140.31567,36.26481],[140.28061,36.25488],[140.27212,36.22768],[140.34409,36.18886],[140.30859,36.18568],[140.3163,36.17798],[140.3071,36.16528],[140.34581,36.13068],[140.36664,36.13051],[140.36326,36.15714],[140.39473,36.15595],[140.40712,36.13682],[140.43263,36.15284],[140.44984,36.18628],[140.44249,36.2027],[140.41583,36.21747],[140.42069,36.23186],[140.47786,36.23614],[140.49633,36.24597],[140.49623,36.27597],[140.52241,36.27823],[140.52611,36.26642],[140.54695,36.26602],[140.56147,36.25371],[140.56614,36.20731],[140.59484,36.11494],[140.65811,35.99246],[140.67262,35.97098],[140.70095,35.96244],[140.6849,35.96443],[140.70351,35.93868],[140.69391,35.92881],[140.67689,35.91913],[140.65237,35.92662],[140.6699,35.91846],[140.67466,35.897],[140.69103,35.88292],[140.67728,35.91224],[140.71023,35.92688],[140.71263,35.95466],[140.70668,35.92399],[140.74313,35.86523],[140.81477,35.77176],[140.83511,35.75329],[140.84065,35.75788],[140.84279,35.74649],[140.84623,35.75871],[140.85171,35.74369],[140.81805,35.74036],[140.74437,35.78324],[140.70658,35.83626],[140.63069,35.85912],[140.60799,35.89581],[140.51124,35.95874],[140.48718,35.92859],[140.5028,35.90552],[140.45844,35.92654],[140.4248,35.90722],[140.36161,35.89856],[140.31941,35.86464],[140.2783,35.87404],[140.24148,35.85458],[140.20543,35.86132],[140.14942,35.84388],[140.1246,35.87251],[140.09282,35.88386],[140.07367,35.87672],[140.0209,35.90923],[139.99432,35.90981],[139.93797,35.94101],[139.93621,35.96657],[139.88416,35.98883],[139.87642,36.01062],[139.81367,36.06243],[139.78678,36.1041],[139.76921,36.08083],[139.73044,36.08713],[139.72638,36.11252],[139.69539,36.158],[139.6877,36.19769]]]}},{"type":"Feature","id":"090010","properties":{"region_code":"090010","geometry_key":"090010","name_ja":"南部","name_en":"Southern Region","parent_code":"090000","parent_name_ja":"栃木県","display_name_ja":"栃木県 南部","office_name_ja":null,"label_lon":139.8266186640202,"label_lat":36.52126156766727,"label_point_semantics":"OFFICIAL_SOURCE_BBOX_CENTER_DISPLAY_ONLY"},"geometry":{"type":"Polygon","coordinates":[[[139.36098,36.38368],[139.41196,36.45004],[139.40824,36.45797],[139.43117,36.45757],[139.43647,36.46598],[139.41903,36.50228],[139.4418,36.52893],[139.43449,36.53374],[139.43905,36.55069],[139.46076,36.55325],[139.48263,36.5781],[139.46408,36.61275],[139.50861,36.63189],[139.4952,36.65307],[139.52465,36.68279],[139.52282,36.70794],[139.54766,36.71503],[139.56973,36.70995],[139.57877,36.66776],[139.63687,36.63643],[139.6561,36.64946],[139.6414,36.65607],[139.64884,36.66759],[139.6815,36.65642],[139.70783,36.66274],[139.70856,36.64735],[139.72111,36.64121],[139.71296,36.62224],[139.74397,36.61648],[139.79243,36.64122],[139.78331,36.68107],[139.78768,36.70698],[139.81737,36.71595],[139.83792,36.70397],[139.84151,36.71906],[139.86033,36.73008],[139.92605,36.71917],[139.96422,36.72911],[139.96998,36.74205],[139.96184,36.74797],[139.98426,36.77037],[139.9751,36.78174],[139.98552,36.80168],[140.03799,36.76802],[140.04663,36.7871],[140.08138,36.78497],[140.08606,36.7974],[140.13191,36.78374],[140.15885,36.80094],[140.17429,36.8276],[140.19095,36.81478],[140.21707,36.84284],[140.23085,36.83764],[140.23104,36.80626],[140.25734,36.77742],[140.25501,36.75969],[140.28744,36.72631],[140.29221,36.71245],[140.23141,36.69973],[140.22042,36.68715],[140.24093,36.65092],[140.2347,36.62376],[140.24849,36.61068],[140.24378,36.56282],[140.26019,36.51748],[140.22946,36.50208],[140.20261,36.45407],[140.20326,36.42074],[140.19262,36.4047],[140.15651,36.39799],[140.14426,36.41404],[140.13183,36.41492],[140.10958,36.4073],[140.11108,36.39795],[140.0664,36.40377],[140.06915,36.38893],[140.04817,36.37558],[140.00043,36.37663],[140.00224,36.36802],[139.98993,36.36721],[139.97354,36.37854],[139.9645,36.35094],[139.91433,36.33671],[139.91075,36.3012],[139.87882,36.3107],[139.88068,36.32296],[139.84898,36.31148],[139.83536,36.2935],[139.84169,36.2759],[139.82195,36.23986],[139.72749,36.20158],[139.71897,36.21152],[139.68794,36.19968],[139.66443,36.20706],[139.66309,36.23056],[139.64152,36.23546],[139.63072,36.25484],[139.64305,36.26609],[139.63249,36.27117],[139.56226,36.26692],[139.55327,36.27946],[139.52597,36.28471],[139.46388,36.27152],[139.46087,36.2872],[139.43516,36.2921],[139.41697,36.3133],[139.42279,36.33226],[139.3686,36.36732],[139.36098,36.38368]]]}},{"type":"Feature","id":"090020","properties":{"region_code":"090020","geometry_key":"090020","name_ja":"北部","name_en":"Northern Region","parent_code":"090000","parent_name_ja":"栃木県","display_name_ja":"栃木県 北部","office_name_ja":null,"label_lon":139.7969837358608,"label_lat":36.878017333083505,"label_point_semantics":"OFFICIAL_SOURCE_BBOX_CENTER_DISPLAY_ONLY"},"geometry":{"type":"Polygon","coordinates":[[[139.32657,36.6507],[139.33707,36.69264],[139.36113,36.7135],[139.37247,36.74627],[139.35592,36.75057],[139.35306,36.77361],[139.375,36.78481],[139.37765,36.80426],[139.4067,36.82694],[139.34853,36.85274],[139.35615,36.87781],[139.37023,36.87823],[139.37063,36.8896],[139.39433,36.90361],[139.40025,36.92122],[139.43035,36.92593],[139.46117,36.97072],[139.48421,36.97547],[139.49416,36.96791],[139.53526,36.98058],[139.57642,37.00208],[139.58205,37.01508],[139.61669,37.01518],[139.62556,37.03322],[139.66465,37.03984],[139.67327,37.05775],[139.75182,37.07023],[139.77491,37.09189],[139.82209,37.08514],[139.81505,37.11662],[139.83177,37.13364],[139.89464,37.15326],[139.91618,37.14761],[139.95389,37.15506],[140.03866,37.13943],[140.05947,37.12547],[140.09756,37.12435],[140.14009,37.10466],[140.17278,37.07028],[140.19306,37.0655],[140.20308,37.02396],[140.24981,37.02493],[140.25205,37.01023],[140.24021,37.00028],[140.25309,36.96297],[140.24058,36.94629],[140.26426,36.93332],[140.24838,36.92109],[140.25673,36.87325],[140.25157,36.85225],[140.26716,36.82387],[140.26335,36.78587],[140.24468,36.78813],[140.2345,36.80025],[140.23085,36.83764],[140.21707,36.84284],[140.19095,36.81478],[140.17429,36.8276],[140.15885,36.80094],[140.13191,36.78374],[140.08606,36.7974],[140.08138,36.78497],[140.04663,36.7871],[140.03799,36.76802],[139.98582,36.8018],[139.9751,36.78174],[139.98426,36.77037],[139.96184,36.74797],[139.96998,36.74205],[139.96422,36.72911],[139.92605,36.71917],[139.86033,36.73008],[139.84151,36.71906],[139.83792,36.70397],[139.81737,36.71595],[139.78768,36.70698],[139.78331,36.68107],[139.79243,36.64122],[139.74397,36.61648],[139.71296,36.62224],[139.72111,36.64121],[139.70856,36.64735],[139.70783,36.66274],[139.6815,36.65642],[139.64884,36.66759],[139.6414,36.65607],[139.65613,36.64954],[139.64195,36.63584],[139.60382,36.64974],[139.57749,36.66952],[139.57452,36.70487],[139.56045,36.71445],[139.52282,36.70794],[139.52465,36.68279],[139.4952,36.65307],[139.50861,36.63189],[139.46408,36.61275],[139.46407,36.60578],[139.42777,36.60097],[139.40373,36.60882],[139.39817,36.60204],[139.38669,36.61198],[139.35229,36.61509],[139.34569,36.62587],[139.32956,36.62767],[139.32657,36.6507]]]}},{"type":"Feature","id":"100010","properties":{"region_code":"100010","geometry_key":"100010","name_ja":"南部","name_en":"Southern Region","parent_code":"100000","parent_name_ja":"群馬県","display_name_ja":"群馬県 南部","office_name_ja":null,"label_lon":139.12361240628758,"label_lat":36.3094245541499,"label_point_semantics":"OFFICIAL_SOURCE_BBOX_CENTER_DISPLAY_ONLY"},"geometry":{"type":"Polygon","coordinates":[[[138.57727,36.16807],[138.58339,36.17883],[138.6078,36.16165],[138.63607,36.17126],[138.6228,36.19693],[138.63671,36.20427],[138.63466,36.21367],[138.62224,36.21459],[138.61176,36.2295],[138.60034,36.2784],[138.65353,36.30311],[138.64783,36.31558],[138.65716,36.3689],[138.64251,36.43781],[138.68726,36.47356],[138.72276,36.48228],[138.77445,36.47813],[138.7738,36.46497],[138.79159,36.47676],[138.86056,36.47346],[138.88049,36.48271],[138.89189,36.50179],[138.92256,36.51345],[138.95259,36.54635],[138.90046,36.55561],[138.90425,36.57311],[138.89613,36.5827],[138.90249,36.58664],[138.96669,36.58032],[138.99779,36.59198],[139.00899,36.58162],[139.0369,36.58978],[139.07493,36.57954],[139.07723,36.58615],[139.12092,36.5738],[139.15617,36.57704],[139.1691,36.56172],[139.18819,36.5583],[139.19492,36.57101],[139.22398,36.57492],[139.24228,36.58833],[139.28861,36.58968],[139.32572,36.63352],[139.35229,36.61509],[139.38669,36.61198],[139.3979,36.60208],[139.40373,36.60882],[139.42777,36.60097],[139.46524,36.60658],[139.48353,36.58202],[139.46076,36.55325],[139.43905,36.55069],[139.43449,36.53374],[139.44285,36.53158],[139.41792,36.49471],[139.42808,36.49042],[139.43647,36.46598],[139.43117,36.45757],[139.40824,36.45797],[139.41196,36.45004],[139.36103,36.38523],[139.368,36.36795],[139.42279,36.33226],[139.41697,36.3133],[139.43516,36.2921],[139.46087,36.2872],[139.46849,36.2792],[139.4585,36.27685],[139.46272,36.2721],[139.52597,36.28471],[139.55327,36.27946],[139.56226,36.26692],[139.63249,36.27117],[139.64305,36.26609],[139.63072,36.25484],[139.64152,36.23546],[139.66309,36.23056],[139.65905,36.22121],[139.66994,36.21372],[139.66443,36.20706],[139.65078,36.21209],[139.65117,36.19767],[139.62872,36.19508],[139.62489,36.18657],[139.58777,36.21037],[139.52822,36.1915],[139.46365,36.18934],[139.35929,36.25323],[139.32227,36.23659],[139.26697,36.25056],[139.26701,36.24262],[139.24407,36.24443],[139.1639,36.27891],[139.12966,36.2834],[139.06342,36.19629],[139.05639,36.18052],[139.06216,36.15294],[139.04272,36.14803],[139.04186,36.12794],[139.00486,36.13341],[138.98533,36.11549],[138.95845,36.12409],[138.95791,36.10764],[138.94507,36.0946],[138.89786,36.09065],[138.86481,36.07735],[138.84604,36.06663],[138.82839,36.0373],[138.79098,36.0294],[138.77355,36.03879],[138.75441,36.03453],[138.74377,36.0101],[138.71255,35.98533],[138.6887,35.99177],[138.67958,36.01171],[138.63197,36.02705],[138.64419,36.04969],[138.63053,36.09118],[138.64518,36.09881],[138.64538,36.1202],[138.63432,36.13395],[138.60077,36.13551],[138.57727,36.16807]]]}},{"type":"Feature","id":"100020","properties":{"region_code":"100020","geometry_key":"100020","name_ja":"北部","name_en":"Northern Region","parent_code":"100000","parent_name_ja":"群馬県","display_name_ja":"群馬県 北部","office_name_ja":null,"label_lon":138.90186771737132,"label_lat":36.72977991870832,"label_point_semantics":"OFFICIAL_SOURCE_BBOX_CENTER_DISPLAY_ONLY"},"geometry":{"type":"Polygon","coordinates":[[[138.39703,36.48953],[138.41191,36.54068],[138.42891,36.55645],[138.42028,36.57451],[138.42867,36.59773],[138.45497,36.61385],[138.45819,36.6337],[138.4731,36.64405],[138.49008,36.6412],[138.52944,36.65529],[138.53462,36.66564],[138.51827,36.67621],[138.51434,36.69079],[138.55978,36.70704],[138.58406,36.7012],[138.59573,36.71454],[138.61086,36.70638],[138.62258,36.72051],[138.7124,36.73876],[138.72703,36.76417],[138.78528,36.74489],[138.80169,36.76229],[138.81777,36.76159],[138.83176,36.7939],[138.82174,36.81763],[138.85645,36.81164],[138.88189,36.82579],[138.92902,36.83261],[138.91602,36.85084],[138.92315,36.8836],[138.94063,36.89516],[138.97917,36.89118],[138.97669,36.92079],[138.96666,36.93115],[138.96655,36.97908],[139.04739,36.98729],[139.09113,37.01973],[139.09702,37.05863],[139.12295,37.04714],[139.13191,37.02573],[139.171,37.00198],[139.18273,36.96172],[139.22899,36.96103],[139.23795,36.94657],[139.22981,36.93827],[139.24067,36.92941],[139.26614,36.94115],[139.30445,36.92582],[139.34239,36.92753],[139.34935,36.91306],[139.37313,36.91839],[139.39551,36.90707],[139.37372,36.89379],[139.37023,36.87823],[139.35615,36.87781],[139.34853,36.85274],[139.4067,36.82694],[139.37765,36.80426],[139.375,36.78481],[139.35306,36.77361],[139.35592,36.75057],[139.37249,36.74645],[139.36693,36.72459],[139.33707,36.69264],[139.32815,36.63342],[139.28861,36.58968],[139.24228,36.58833],[139.22398,36.57492],[139.19492,36.57101],[139.18761,36.55826],[139.1691,36.56172],[139.15617,36.57704],[139.12092,36.5738],[139.07723,36.58615],[139.07493,36.57954],[139.0369,36.58978],[139.00899,36.58162],[138.99779,36.59198],[138.96669,36.58032],[138.90249,36.58664],[138.89613,36.5827],[138.90425,36.57311],[138.90046,36.55561],[138.95259,36.54635],[138.92256,36.51345],[138.89189,36.50179],[138.8806,36.48277],[138.86056,36.47346],[138.79159,36.47676],[138.7738,36.46497],[138.77445,36.47813],[138.72276,36.48228],[138.68818,36.47393],[138.64258,36.43807],[138.64442,36.41144],[138.5924,36.42439],[138.55501,36.41777],[138.53893,36.4025],[138.50475,36.4149],[138.49182,36.41308],[138.48896,36.40093],[138.45965,36.40475],[138.45696,36.42024],[138.40123,36.43421],[138.39703,36.48953]]]}},{"type":"Feature","id":"110010","properties":{"region_code":"110010","geometry_key":"110010","name_ja":"南部","name_en":"Southern Region","parent_code":"110000","parent_name_ja":"埼玉県","display_name_ja":"埼玉県 南部","office_name_ja":null,"label_lon":139.50031030577605,"label_lat":35.93126038740701,"label_point_semantics":"OFFICIAL_SOURCE_BBOX_CENTER_DISPLAY_ONLY"},"geometry":{"type":"Polygon","coordinates":[[[139.10028,35.86719],[139.1208,35.89521],[139.10275,35.92739],[139.16255,35.9459],[139.17861,35.96973],[139.21293,35.95644],[139.23059,35.97453],[139.2804,35.99366],[139.33871,35.96207],[139.35865,35.97663],[139.43019,35.998],[139.42154,36.00758],[139.45464,36.00499],[139.47529,36.01966],[139.49964,36.01355],[139.50502,36.0275],[139.4948,36.03568],[139.53147,36.03486],[139.52058,36.04758],[139.52529,36.05761],[139.58702,36.02888],[139.61415,36.04955],[139.64859,36.03475],[139.66069,36.04029],[139.65933,36.04884],[139.68403,36.04201],[139.68459,36.05762],[139.69929,36.05561],[139.70944,36.06918],[139.69407,36.07756],[139.69308,36.09088],[139.71782,36.09879],[139.72278,36.10914],[139.73138,36.08664],[139.7676,36.08046],[139.77622,36.09077],[139.79105,36.05851],[139.81537,36.03683],[139.81419,35.99733],[139.82566,35.97276],[139.86677,35.92651],[139.90034,35.86417],[139.88852,35.83217],[139.89378,35.78275],[139.87454,35.78178],[139.87339,35.79717],[139.85529,35.79085],[139.83801,35.80081],[139.82605,35.79336],[139.82106,35.81508],[139.794,35.8052],[139.76716,35.81765],[139.75077,35.81017],[139.76077,35.79741],[139.7554,35.78719],[139.73805,35.78022],[139.73533,35.78957],[139.69316,35.8004],[139.65336,35.80023],[139.62787,35.78466],[139.62299,35.76687],[139.58876,35.77853],[139.54716,35.75338],[139.54766,35.77423],[139.51637,35.76557],[139.54298,35.77981],[139.54223,35.80723],[139.49692,35.77873],[139.39215,35.76329],[139.37027,35.77829],[139.36992,35.79173],[139.32517,35.79559],[139.31616,35.82367],[139.30477,35.8224],[139.30117,35.83496],[139.23127,35.83664],[139.21265,35.84661],[139.19244,35.84027],[139.14765,35.86268],[139.10028,35.86719]]]}},{"type":"Feature","id":"110020","properties":{"region_code":"110020","geometry_key":"110020","name_ja":"北部","name_en":"Northern Region","parent_code":"110000","parent_name_ja":"埼玉県","display_name_ja":"埼玉県 北部","office_name_ja":null,"label_lon":139.3516133657143,"label_lat":36.11992767017588,"label_point_semantics":"OFFICIAL_SOURCE_BBOX_CENTER_DISPLAY_ONLY"},"geometry":{"type":"Polygon","coordinates":[[[138.97617,36.11399],[139.00486,36.13341],[139.0424,36.12846],[139.04272,36.14803],[139.06216,36.15294],[139.05639,36.18052],[139.06342,36.19629],[139.12991,36.28341],[139.1639,36.27891],[139.24407,36.24443],[139.26701,36.24262],[139.26697,36.25056],[139.32227,36.23659],[139.35929,36.25323],[139.46365,36.18934],[139.52822,36.1915],[139.58777,36.21037],[139.62489,36.18657],[139.62872,36.19508],[139.65098,36.19751],[139.64914,36.2108],[139.65997,36.2149],[139.66262,36.20712],[139.68657,36.20331],[139.69575,36.15711],[139.72706,36.10754],[139.69308,36.09088],[139.69407,36.07756],[139.70944,36.06918],[139.69929,36.05561],[139.68459,36.05762],[139.68403,36.04201],[139.65933,36.04884],[139.66069,36.04029],[139.64859,36.03475],[139.61415,36.04955],[139.58702,36.02888],[139.52529,36.05761],[139.52058,36.04758],[139.53147,36.03486],[139.4948,36.03568],[139.50502,36.0275],[139.49964,36.01355],[139.47529,36.01966],[139.45464,36.00499],[139.42154,36.00758],[139.43019,35.998],[139.33697,35.96182],[139.28029,35.99365],[139.23059,35.97453],[139.21293,35.95644],[139.17861,35.96973],[139.16931,35.98565],[139.17555,35.99915],[139.1533,36.0233],[139.15792,36.07198],[139.15367,36.08665],[139.13881,36.09139],[139.13769,36.11774],[139.14818,36.13315],[139.16018,36.13057],[139.1584,36.13945],[139.1262,36.14839],[139.10622,36.14395],[139.08249,36.1216],[139.05374,36.125],[139.03273,36.10026],[138.99272,36.09472],[138.97617,36.11399]]]}},{"type":"Feature","id":"110030","properties":{"region_code":"110030","geometry_key":"110030","name_ja":"秩父地方","name_en":"Chichibu Region","parent_code":"110000","parent_name_ja":"埼玉県","display_name_ja":"埼玉県 秩父地方","office_name_ja":null,"label_lon":138.945004286119,"label_lat":35.994083378345294,"label_point_semantics":"OFFICIAL_SOURCE_BBOX_CENTER_DISPLAY_ONLY"},"geometry":{"type":"Polygon","coordinates":[[[138.71136,35.97187],[138.7157,35.9916],[138.74377,36.0101],[138.75441,36.03453],[138.77355,36.03879],[138.79098,36.0294],[138.82839,36.0373],[138.84604,36.06663],[138.86481,36.07735],[138.89786,36.09065],[138.94507,36.0946],[138.95791,36.10764],[138.95865,36.12416],[138.97378,36.12131],[138.99276,36.09472],[139.03459,36.10065],[139.05374,36.125],[139.08249,36.1216],[139.10631,36.14397],[139.12653,36.14835],[139.16062,36.13497],[139.13779,36.11796],[139.13716,36.09552],[139.15579,36.08274],[139.1533,36.0233],[139.17616,35.99783],[139.16931,35.98565],[139.1778,35.96327],[139.16255,35.9459],[139.10275,35.92739],[139.1208,35.89521],[139.10028,35.86719],[139.06163,35.87363],[139.01338,35.89826],[139.00093,35.88401],[138.95446,35.87491],[138.94277,35.85376],[138.91095,35.85273],[138.89222,35.83978],[138.8559,35.86509],[138.8136,35.86237],[138.792,35.87545],[138.79062,35.89188],[138.77935,35.89991],[138.73294,35.90473],[138.72811,35.91783],[138.73925,35.93911],[138.71136,35.97187]]]}},{"type":"Feature","id":"120010","properties":{"region_code":"120010","geometry_key":"120010","name_ja":"北西部","name_en":"North-western Region","parent_code":"120000","parent_name_ja":"千葉県","display_name_ja":"千葉県 北西部","office_name_ja":null,"label_lon":140.12422341807633,"label_lat":35.667652513103036,"label_point_semantics":"OFFICIAL_SOURCE_BBOX_CENTER_DISPLAY_ONLY"},"geometry":{"type":"MultiPolygon","coordinates":[[[[139.77596,36.09225],[139.78678,36.1041],[139.79843,36.0955],[139.81299,36.06314],[139.87602,36.01104],[139.88416,35.98883],[139.93621,35.96657],[139.93797,35.94101],[139.99432,35.90981],[140.0209,35.90923],[140.07367,35.87672],[140.09282,35.88386],[140.1246,35.87251],[140.15073,35.84338],[140.20543,35.86132],[140.24148,35.85458],[140.2783,35.87404],[140.31941,35.86464],[140.37589,35.90237],[140.40103,35.87246],[140.39436,35.85279],[140.41815,35.86633],[140.42307,35.85997],[140.45239,35.87037],[140.47247,35.85101],[140.45497,35.81814],[140.46793,35.82053],[140.44447,35.80338],[140.43626,35.78082],[140.41848,35.7751],[140.40738,35.78651],[140.38924,35.76855],[140.39992,35.76379],[140.38908,35.75777],[140.40197,35.75331],[140.40327,35.74207],[140.38155,35.74085],[140.39353,35.72779],[140.38702,35.72327],[140.36805,35.73941],[140.36586,35.72591],[140.38626,35.71322],[140.3699,35.69708],[140.39319,35.68714],[140.40444,35.6919],[140.39981,35.68045],[140.37135,35.67864],[140.36061,35.68688],[140.33883,35.66453],[140.35442,35.65671],[140.33333,35.65991],[140.32023,35.64956],[140.32919,35.63151],[140.30779,35.62474],[140.31581,35.61751],[140.30919,35.60998],[140.33015,35.60621],[140.30585,35.59424],[140.32302,35.601],[140.33867,35.58632],[140.28709,35.57291],[140.29198,35.54828],[140.28176,35.55008],[140.28086,35.54213],[140.29204,35.53124],[140.28778,35.52339],[140.30087,35.52034],[140.27703,35.51178],[140.27211,35.4936],[140.26028,35.50215],[140.26282,35.49431],[140.24849,35.48175],[140.21153,35.48674],[140.19691,35.47085],[140.17398,35.46886],[140.1706,35.45654],[140.18688,35.44346],[140.17303,35.43128],[140.20693,35.37968],[140.19796,35.36989],[140.20936,35.36562],[140.21265,35.33319],[140.23104,35.30411],[140.19909,35.30807],[140.20282,35.28771],[140.17798,35.27474],[140.17456,35.25135],[140.15407,35.25261],[140.14124,35.23121],[140.11856,35.26219],[140.11432,35.28939],[140.12214,35.31371],[140.10128,35.31802],[140.12961,35.3471],[140.10559,35.38443],[140.10247,35.37545],[140.0899,35.38086],[140.08757,35.42761],[140.03262,35.42357],[140.04317,35.43737],[140.00975,35.4862],[140.02013,35.48674],[140.02192,35.49679],[140.03623,35.49529],[140.02522,35.50164],[140.04591,35.5114],[140.03692,35.51754],[140.06068,35.53006],[140.05394,35.53509],[140.06635,35.55339],[140.09609,35.5354],[140.08826,35.55196],[140.11372,35.54813],[140.09103,35.56448],[140.12689,35.56767],[140.11211,35.57045],[140.11057,35.58954],[140.11826,35.59561],[140.10735,35.59214],[140.10605,35.60266],[140.08897,35.59454],[140.09985,35.60474],[140.08301,35.61389],[140.08391,35.59678],[140.01368,35.65752],[139.98746,35.65447],[140.00278,35.66345],[139.98587,35.66384],[139.99201,35.67229],[139.98451,35.6909],[139.98297,35.68161],[139.95987,35.67935],[139.95355,35.68897],[139.95318,35.67175],[139.94674,35.68098],[139.93158,35.67454],[139.94766,35.66955],[139.91818,35.65535],[139.93949,35.64047],[139.91018,35.62416],[139.90009,35.63168],[139.90691,35.62309],[139.89759,35.61662],[139.89298,35.62531],[139.87258,35.62553],[139.87146,35.63864],[139.8869,35.65373],[139.88643,35.67857],[139.91891,35.69827],[139.87939,35.76801],[139.89446,35.77992],[139.88845,35.83116],[139.90034,35.86417],[139.86677,35.92651],[139.82566,35.97276],[139.81419,35.99733],[139.81728,36.0325],[139.78276,36.07022],[139.77596,36.09225]]],[[[140.08159,35.58829],[140.10271,35.58753],[140.11172,35.57044],[140.08611,35.56945],[140.08159,35.58829]]]]}},{"type":"Feature","id":"120020","properties":{"region_code":"120020","geometry_key":"120020","name_ja":"北東部","name_en":"North-eastern Region","parent_code":"120000","parent_name_ja":"千葉県","display_name_ja":"千葉県 北東部","office_name_ja":null,"label_lon":140.5261070099806,"label_lat":35.63602939973708,"label_point_semantics":"OFFICIAL_SOURCE_BBOX_CENTER_DISPLAY_ONLY"},"geometry":{"type":"Polygon","coordinates":[[[140.17058,35.45667],[140.17406,35.46901],[140.19691,35.47085],[140.20987,35.48623],[140.24849,35.48175],[140.26282,35.49431],[140.26028,35.50215],[140.27211,35.4936],[140.27703,35.51178],[140.30087,35.52034],[140.28778,35.52339],[140.29204,35.53124],[140.28086,35.54213],[140.28176,35.55008],[140.29198,35.54828],[140.28709,35.57291],[140.33867,35.58632],[140.32302,35.601],[140.30585,35.59424],[140.33015,35.60621],[140.30919,35.60998],[140.31581,35.61751],[140.30779,35.62474],[140.32919,35.63151],[140.32023,35.64956],[140.33333,35.65991],[140.35442,35.65671],[140.33883,35.66453],[140.35392,35.68418],[140.36792,35.6884],[140.37135,35.67864],[140.39068,35.67609],[140.40527,35.68885],[140.3699,35.69708],[140.38626,35.71322],[140.36586,35.72591],[140.36805,35.73941],[140.38702,35.72327],[140.39353,35.72779],[140.38155,35.74085],[140.40327,35.74207],[140.40197,35.75331],[140.38908,35.75777],[140.39992,35.76379],[140.38924,35.76855],[140.40738,35.78651],[140.41848,35.7751],[140.43621,35.78079],[140.44447,35.80338],[140.46798,35.82063],[140.45497,35.81814],[140.47247,35.85101],[140.45239,35.87037],[140.42307,35.85997],[140.41815,35.86633],[140.39436,35.85279],[140.40103,35.87246],[140.37589,35.90237],[140.4248,35.90722],[140.45844,35.92654],[140.5028,35.90552],[140.48718,35.92859],[140.51124,35.95874],[140.60799,35.89581],[140.63069,35.85912],[140.70658,35.83626],[140.74437,35.78324],[140.81805,35.74036],[140.85968,35.74811],[140.85465,35.74342],[140.87208,35.73996],[140.86091,35.74989],[140.88163,35.73088],[140.8678,35.73804],[140.87535,35.73171],[140.86773,35.72986],[140.86534,35.69225],[140.83994,35.69686],[140.84677,35.7002],[140.82791,35.7137],[140.72853,35.68402],[140.73699,35.69399],[140.72866,35.68921],[140.71457,35.70043],[140.66315,35.69121],[140.52591,35.60261],[140.4785,35.55823],[140.46794,35.53256],[140.44755,35.52209],[140.41307,35.46602],[140.39284,35.40024],[140.39692,35.33005],[140.37233,35.32911],[140.37346,35.34333],[140.32103,35.34595],[140.2711,35.31333],[140.24623,35.32729],[140.22525,35.31673],[140.21265,35.33319],[140.20936,35.36562],[140.19796,35.36989],[140.20693,35.37968],[140.17303,35.43128],[140.18652,35.44805],[140.17058,35.45667]]]}},{"type":"Feature","id":"120030","properties":{"region_code":"120030","geometry_key":"120030","name_ja":"南部","name_en":"Southern Region","parent_code":"120000","parent_name_ja":"千葉県","display_name_ja":"千葉県 南部","office_name_ja":null,"label_lon":140.07722561641913,"label_lat":35.19026334677608,"label_point_semantics":"OFFICIAL_SOURCE_BBOX_CENTER_DISPLAY_ONLY"},"geometry":{"type":"Polygon","coordinates":[[[139.75289,34.96681],[139.75531,34.97828],[139.81941,34.97819],[139.82408,34.9916],[139.84947,34.98529],[139.85833,34.99989],[139.85092,35.0243],[139.81037,35.03753],[139.83108,35.0426],[139.81921,35.06592],[139.84248,35.08628],[139.83762,35.09873],[139.82353,35.10101],[139.8393,35.13105],[139.82816,35.15138],[139.8166,35.15476],[139.81566,35.17236],[139.82979,35.20324],[139.86727,35.21995],[139.86876,35.24254],[139.84661,35.27172],[139.85324,35.28286],[139.84691,35.29084],[139.78391,35.31284],[139.81977,35.31649],[139.82004,35.33366],[139.82133,35.32333],[139.84027,35.33441],[139.82494,35.33614],[139.82148,35.34624],[139.83747,35.35907],[139.84706,35.34686],[139.85916,35.34805],[139.83917,35.3673],[139.8459,35.37547],[139.8979,35.35837],[139.88781,35.37089],[139.90742,35.37034],[139.89762,35.37503],[139.91859,35.38749],[139.90547,35.39042],[139.89719,35.42394],[139.91869,35.44182],[139.94864,35.44222],[139.95109,35.45614],[139.96473,35.45298],[139.95214,35.45297],[139.95514,35.4438],[139.97446,35.44847],[139.96571,35.46853],[139.98203,35.47479],[139.99087,35.45226],[139.99805,35.45731],[139.98877,35.4699],[140.00332,35.46828],[139.99669,35.47617],[140.00254,35.48255],[140.03979,35.44555],[140.04101,35.42918],[140.03262,35.42357],[140.08771,35.42746],[140.0899,35.38086],[140.10247,35.37545],[140.10559,35.38443],[140.12969,35.34683],[140.10128,35.31802],[140.12214,35.31371],[140.11432,35.28939],[140.11856,35.26219],[140.14013,35.2313],[140.15407,35.25261],[140.17456,35.25135],[140.17798,35.27474],[140.20282,35.28771],[140.19909,35.30807],[140.23096,35.30397],[140.22525,35.31673],[140.23357,35.32333],[140.24623,35.32729],[140.2711,35.31333],[140.31807,35.34571],[140.35184,35.34599],[140.3744,35.34284],[140.37296,35.32885],[140.40337,35.33125],[140.41047,35.31989],[140.41505,35.3056],[140.39981,35.26561],[140.40585,35.23995],[140.3772,35.18106],[140.34913,35.18016],[140.33283,35.16383],[140.32685,35.13937],[140.31132,35.13446],[140.31248,35.14715],[140.29909,35.15112],[140.27706,35.13103],[140.27268,35.13772],[140.24904,35.13495],[140.23251,35.11513],[140.20062,35.10982],[140.19179,35.12721],[140.18205,35.11765],[140.1669,35.1238],[140.11958,35.11487],[140.10529,35.1023],[140.10229,35.07653],[140.08536,35.07395],[140.07301,35.05579],[140.03941,35.05304],[139.98445,35.01476],[139.96081,34.96787],[139.96497,34.94281],[139.92803,34.90918],[139.88717,34.89941],[139.83693,34.90296],[139.82431,34.91046],[139.82745,34.92724],[139.81732,34.93999],[139.75289,34.96681]]]}},{"type":"Feature","id":"130010","properties":{"region_code":"130010","geometry_key":"130010","name_ja":"東京地方","name_en":"Tokyo Region","parent_code":"130000","parent_name_ja":"東京都","display_name_ja":"東京都 東京地方","office_name_ja":null,"label_lon":139.43088797634908,"label_lat":35.69983811238902,"label_point_semantics":"OFFICIAL_SOURCE_BBOX_CENTER_DISPLAY_ONLY"},"geometry":{"type":"MultiPolygon","coordinates":[[[[138.94287,35.86016],[138.96784,35.88215],[139.00093,35.88401],[139.01032,35.89717],[139.02384,35.89735],[139.06163,35.87363],[139.14754,35.86271],[139.19244,35.84027],[139.21265,35.84661],[139.23127,35.83664],[139.30117,35.83496],[139.30477,35.8224],[139.31616,35.82367],[139.32517,35.79559],[139.36992,35.79173],[139.37027,35.77829],[139.39215,35.76329],[139.49692,35.77873],[139.54223,35.80723],[139.54298,35.77981],[139.51637,35.76557],[139.54766,35.77423],[139.54716,35.75338],[139.58876,35.77853],[139.62299,35.76687],[139.6414,35.79807],[139.6926,35.80052],[139.73533,35.78957],[139.73805,35.78022],[139.7554,35.78719],[139.76077,35.79741],[139.75045,35.80929],[139.76622,35.81747],[139.794,35.8052],[139.82106,35.81508],[139.82605,35.79336],[139.83801,35.80081],[139.85529,35.79085],[139.87339,35.79717],[139.87454,35.78178],[139.89378,35.78275],[139.87946,35.76752],[139.91891,35.69827],[139.88694,35.67926],[139.8869,35.65373],[139.87146,35.63864],[139.84098,35.64298],[139.84025,35.63389],[139.82063,35.62974],[139.83448,35.64407],[139.80737,35.6455],[139.79862,35.62176],[139.77865,35.63727],[139.79769,35.64786],[139.77609,35.64203],[139.79069,35.65635],[139.77279,35.64604],[139.76721,35.65812],[139.76134,35.65236],[139.75028,35.62533],[139.74634,35.59063],[139.75636,35.56907],[139.74978,35.56663],[139.76373,35.56046],[139.78647,35.56999],[139.80917,35.53907],[139.7949,35.53213],[139.75649,35.54455],[139.70223,35.53703],[139.70374,35.55261],[139.67879,35.56299],[139.66449,35.58952],[139.53089,35.64196],[139.49468,35.61729],[139.49774,35.60489],[139.46236,35.62501],[139.44928,35.61178],[139.45344,35.60449],[139.46605,35.6095],[139.50759,35.57514],[139.49103,35.56143],[139.48287,35.57138],[139.48976,35.58432],[139.47324,35.57667],[139.46827,35.56314],[139.48186,35.55596],[139.4878,35.52788],[139.47697,35.5114],[139.48494,35.50397],[139.469,35.50194],[139.45832,35.52799],[139.3998,35.58443],[139.28525,35.61339],[139.25222,35.60167],[139.21964,35.6259],[139.21146,35.64912],[139.17909,35.64557],[139.16695,35.65107],[139.1616,35.66791],[139.13109,35.67201],[139.10586,35.69098],[139.07221,35.69536],[139.0268,35.71817],[138.9844,35.76776],[138.96977,35.83123],[138.94912,35.84047],[138.94287,35.86016]]],[[[139.74833,35.59208],[139.75799,35.61768],[139.77678,35.59029],[139.76906,35.58401],[139.78746,35.57945],[139.75584,35.57707],[139.74833,35.59208]]],[[[139.79336,35.59283],[139.82026,35.60749],[139.83225,35.58917],[139.81343,35.57873],[139.79336,35.59283]]],[[[139.76759,35.62569],[139.77701,35.63609],[139.79263,35.60958],[139.78715,35.60207],[139.76759,35.62569]]],[[[139.79026,35.59545],[139.80894,35.61334],[139.81894,35.60888],[139.79026,35.59545]]],[[[139.82585,35.6307],[139.84019,35.63213],[139.83868,35.61421],[139.82805,35.61203],[139.82585,35.6307]]]]}},{"type":"Feature","id":"130020","properties":{"region_code":"130020","geometry_key":"130020","name_ja":"伊豆諸島北部","name_en":"Northern Izu Islands","parent_code":"130000","parent_name_ja":"東京都","display_name_ja":"東京都 伊豆諸島北部","office_name_ja":null,"label_lon":139.13265080464095,"label_lat":34.37087434727337,"label_point_semantics":"OFFICIAL_SOURCE_BBOX_CENTER_DISPLAY_ONLY"},"geometry":{"type":"MultiPolygon","coordinates":[[[[139.3486,34.75177],[139.34956,34.78256],[139.3605,34.79908],[139.42332,34.78106],[139.44905,34.74147],[139.4436,34.70364],[139.45,34.69653],[139.44474,34.68454],[139.43638,34.68754],[139.44281,34.68121],[139.40122,34.68194],[139.35829,34.70102],[139.35689,34.74191],[139.3486,34.75177]]],[[[139.23989,34.37065],[139.25246,34.37644],[139.25532,34.40108],[139.2799,34.41836],[139.2786,34.4313],[139.28768,34.42782],[139.29149,34.40753],[139.27788,34.39035],[139.27187,34.3309],[139.24463,34.34828],[139.23989,34.37065]]],[[[139.11925,34.19066],[139.1325,34.2023],[139.12839,34.22288],[139.1367,34.2255],[139.13769,34.24207],[139.17005,34.23152],[139.17524,34.20435],[139.15677,34.20481],[139.14218,34.18573],[139.11925,34.19066]]],[[[139.26737,34.52205],[139.28062,34.53503],[139.29311,34.52462],[139.27787,34.51105],[139.26737,34.52205]]],[[[139.19392,34.32027],[139.20923,34.33674],[139.22705,34.32871],[139.21681,34.31664],[139.19392,34.32027]]]]}},{"type":"Feature","id":"130030","properties":{"region_code":"130030","geometry_key":"130030","name_ja":"伊豆諸島南部","name_en":"Southern Izu Islands","parent_code":"130000","parent_name_ja":"東京都","display_name_ja":"東京都 伊豆諸島南部","office_name_ja":null,"label_lon":139.82030020763852,"label_lat":31.959700320163677,"label_point_semantics":"OFFICIAL_SOURCE_BBOX_CENTER_DISPLAY_ONLY"},"geometry":{"type":"MultiPolygon","coordinates":[[[[139.73826,33.1387],[139.74577,33.15591],[139.77423,33.15789],[139.81721,33.12012],[139.84659,33.11706],[139.8586,33.07936],[139.83895,33.075],[139.83255,33.04525],[139.81921,33.05853],[139.7962,33.06234],[139.77949,33.07528],[139.77947,33.10087],[139.75372,33.10494],[139.73826,33.1387]]],[[[139.47287,34.07658],[139.49486,34.10324],[139.49258,34.11954],[139.532,34.12556],[139.55947,34.11171],[139.5613,34.08352],[139.56942,34.08085],[139.5318,34.04692],[139.50177,34.04523],[139.48137,34.05205],[139.47287,34.07658]]],[[[139.57657,33.86655],[139.58704,33.89722],[139.60027,33.90104],[139.61853,33.89243],[139.63205,33.87022],[139.61967,33.85171],[139.58934,33.85525],[139.57657,33.86655]]],[[[139.75441,32.45347],[139.7582,32.47344],[139.78133,32.45737],[139.76847,32.44286],[139.75441,32.45347]]],[[[140.28626,30.48472],[140.30267,30.49596],[140.31444,30.48698],[140.30037,30.47291],[140.28626,30.48472]]],[[[139.67506,33.13086],[139.68723,33.13612],[139.70115,33.11778],[139.68495,33.11762],[139.67506,33.13086]]]]}},{"type":"Feature","id":"130040","properties":{"region_code":"130040","geometry_key":"130040","name_ja":"小笠原諸島","name_en":"Ogasawara Islands","parent_code":"130000","parent_name_ja":"東京都","display_name_ja":"東京都 小笠原諸島","office_name_ja":null,"label_lon":145.02818216592425,"label_lat":24.08382305848741,"label_point_semantics":"OFFICIAL_SOURCE_BBOX_CENTER_DISPLAY_ONLY"},"geometry":{"type":"MultiPolygon","coordinates":[[[[142.18161,27.1002],[142.219,27.10084],[142.23786,27.05226],[142.22192,27.05345],[142.22941,27.03596],[142.19925,27.04563],[142.18585,27.04023],[142.18725,27.06119],[142.1953,27.0614],[142.18179,27.07438],[142.20313,27.07294],[142.20836,27.0838],[142.20334,27.09866],[142.18714,27.08787],[142.18161,27.1002]]],[[[141.28517,24.75089],[141.29393,24.7731],[141.28598,24.78881],[141.32205,24.81236],[141.33582,24.80617],[141.34305,24.77481],[141.28517,24.75089]]],[[[142.12258,26.71087],[142.13497,26.69927],[142.14294,26.69822],[142.14197,26.70874],[142.16503,26.70257],[142.14615,26.69378],[142.14661,26.68519],[142.16861,26.68988],[142.16406,26.66043],[142.18916,26.6593],[142.17439,26.65443],[142.17121,26.64339],[142.1811,26.62848],[142.17848,26.60757],[142.17117,26.631],[142.15408,26.63596],[142.14931,26.66588],[142.14178,26.66633],[142.14471,26.67644],[142.12258,26.71087]]],[[[142.18675,27.13039],[142.19402,27.14364],[142.20509,27.12781],[142.21964,27.13266],[142.23566,27.1097],[142.20081,27.10978],[142.20622,27.11822],[142.18716,27.12149],[142.18675,27.13039]]],[[[141.27213,25.43166],[141.27831,25.4465],[141.2885,25.44701],[141.29048,25.42238],[141.27614,25.41943],[141.27213,25.43166]]],[[[142.17963,27.14835],[142.18912,27.19012],[142.19978,27.18365],[142.19451,27.17645],[142.20209,27.16647],[142.18877,27.14448],[142.17963,27.14835]]],[[[141.45325,24.22935],[141.45836,24.24466],[141.47273,24.24126],[141.46881,24.22718],[141.45325,24.22935]]],[[[142.12359,27.68436],[142.14248,27.68885],[142.14875,27.67321],[142.12359,27.68436]]]]}},{"type":"Feature","id":"140010","properties":{"region_code":"140010","geometry_key":"140010","name_ja":"東部","name_en":"Eastern Region","parent_code":"140000","parent_name_ja":"神奈川県","display_name_ja":"神奈川県 東部","office_name_ja":null,"label_lon":139.53438571343003,"label_lat":35.38557960836229,"label_point_semantics":"OFFICIAL_SOURCE_BBOX_CENTER_DISPLAY_ONLY"},"geometry":{"type":"MultiPolygon","coordinates":[[[[139.23293,35.31982],[139.24927,35.32985],[139.23874,35.34644],[139.26709,35.35622],[139.2748,35.37264],[139.29183,35.37334],[139.30276,35.38821],[139.3216,35.36941],[139.31964,35.38322],[139.34388,35.38003],[139.34588,35.38864],[139.34694,35.37897],[139.35419,35.38213],[139.35497,35.40381],[139.35901,35.3948],[139.37347,35.3945],[139.37065,35.4486],[139.38002,35.46558],[139.37397,35.49182],[139.40685,35.49931],[139.4205,35.51542],[139.42924,35.50737],[139.45577,35.52047],[139.4678,35.50227],[139.48494,35.50397],[139.47697,35.5114],[139.48682,35.53553],[139.46967,35.5695],[139.48517,35.58469],[139.48951,35.56168],[139.50759,35.57514],[139.46605,35.6095],[139.45344,35.60449],[139.44928,35.61178],[139.46248,35.62506],[139.49757,35.60487],[139.49468,35.61729],[139.51608,35.62562],[139.52539,35.64265],[139.56097,35.633],[139.66449,35.58952],[139.67879,35.56299],[139.70374,35.55261],[139.70114,35.53757],[139.75685,35.5445],[139.79961,35.51321],[139.79159,35.51344],[139.79651,35.50662],[139.77622,35.50956],[139.75173,35.53328],[139.75588,35.52779],[139.73786,35.51471],[139.74877,35.50684],[139.73381,35.5006],[139.73031,35.5153],[139.73137,35.49906],[139.71984,35.49423],[139.71629,35.50619],[139.71803,35.49363],[139.6963,35.48404],[139.68798,35.49531],[139.6928,35.48141],[139.67593,35.46921],[139.66773,35.46863],[139.67396,35.4845],[139.66785,35.47715],[139.64832,35.48038],[139.63294,35.4645],[139.63506,35.4555],[139.64698,35.457],[139.64623,35.4476],[139.6658,35.44948],[139.66028,35.44126],[139.67312,35.4509],[139.66899,35.43934],[139.68129,35.44124],[139.67535,35.43159],[139.69061,35.43922],[139.66911,35.40259],[139.62935,35.41318],[139.63079,35.40498],[139.64548,35.40298],[139.62602,35.40164],[139.62443,35.39171],[139.63854,35.3909],[139.62859,35.38416],[139.64568,35.39054],[139.65323,35.38726],[139.64325,35.37896],[139.65827,35.37854],[139.65094,35.36642],[139.65695,35.34193],[139.62199,35.33147],[139.63413,35.32192],[139.64073,35.33037],[139.66188,35.32821],[139.6311,35.29995],[139.6608,35.28288],[139.66134,35.30021],[139.67397,35.30058],[139.68508,35.28859],[139.672,35.28667],[139.69099,35.26648],[139.73267,35.26584],[139.74701,35.25349],[139.73322,35.24084],[139.71668,35.24612],[139.72948,35.23282],[139.72877,35.22372],[139.71339,35.22386],[139.72506,35.21134],[139.68679,35.20762],[139.65688,35.18563],[139.66226,35.16055],[139.67938,35.15692],[139.67786,35.1393],[139.66623,35.1466],[139.65706,35.1373],[139.60486,35.14467],[139.61731,35.1476],[139.60681,35.15484],[139.61931,35.15455],[139.61066,35.16345],[139.63013,35.16359],[139.61682,35.1653],[139.6201,35.18412],[139.59889,35.19574],[139.62745,35.21572],[139.60425,35.22299],[139.59984,35.23889],[139.57614,35.25353],[139.56475,35.28449],[139.57265,35.29158],[139.55217,35.29452],[139.54458,35.30818],[139.47899,35.30474],[139.47078,35.31432],[139.44029,35.31913],[139.3517,35.31482],[139.23405,35.28652],[139.23293,35.31982]]],[[[139.70027,35.47869],[139.73424,35.49494],[139.74184,35.47703],[139.71271,35.46425],[139.70027,35.47869]]],[[[139.73628,35.49445],[139.76119,35.50573],[139.78443,35.50203],[139.74561,35.48501],[139.73628,35.49445]]],[[[139.67015,35.4631],[139.6924,35.47201],[139.69487,35.46377],[139.68486,35.45863],[139.70718,35.45668],[139.69373,35.44786],[139.67015,35.4631]]],[[[139.74852,35.51835],[139.7585,35.52658],[139.76603,35.51356],[139.75383,35.50858],[139.74852,35.51835]]]]}},{"type":"Feature","id":"140020","properties":{"region_code":"140020","geometry_key":"140020","name_ja":"西部","name_en":"Western Region","parent_code":"140000","parent_name_ja":"神奈川県","display_name_ja":"神奈川県 西部","office_name_ja":null,"label_lon":139.18713388447122,"label_lat":35.404937959669155,"label_point_semantics":"OFFICIAL_SOURCE_BBOX_CENTER_DISPLAY_ONLY"},"geometry":{"type":"Polygon","coordinates":[[[138.91577,35.40432],[138.93737,35.44887],[138.98882,35.47364],[139.02755,35.48097],[139.04611,35.50974],[139.08579,35.51209],[139.11013,35.53229],[139.11196,35.54979],[139.12984,35.56628],[139.12144,35.58699],[139.13441,35.61651],[139.12349,35.62395],[139.12755,35.64108],[139.11717,35.65454],[139.13331,35.67287],[139.1616,35.66791],[139.16695,35.65107],[139.17909,35.64557],[139.21146,35.64912],[139.21964,35.6259],[139.25222,35.60167],[139.28525,35.61339],[139.3998,35.58443],[139.4585,35.52725],[139.44278,35.51234],[139.42924,35.50737],[139.4205,35.51542],[139.40685,35.49931],[139.37397,35.49182],[139.38002,35.46558],[139.37065,35.4486],[139.37347,35.3945],[139.35901,35.3948],[139.35497,35.40381],[139.35419,35.38213],[139.34694,35.37897],[139.34588,35.38864],[139.34388,35.38003],[139.31964,35.38322],[139.3216,35.36941],[139.30276,35.38821],[139.29183,35.37334],[139.27488,35.3727],[139.26709,35.35622],[139.23874,35.34644],[139.24927,35.32985],[139.23293,35.31982],[139.23762,35.28888],[139.14662,35.23964],[139.136,35.18137],[139.14536,35.16844],[139.14165,35.1522],[139.16024,35.14032],[139.13124,35.15091],[139.0901,35.14019],[139.02862,35.15051],[139.02158,35.18204],[138.98768,35.20088],[138.9744,35.24814],[138.97547,35.26375],[139.00461,35.2899],[139.01898,35.32906],[138.99862,35.38404],[139.0018,35.39894],[138.91577,35.40432]]]}},{"type":"Feature","id":"150010","properties":{"region_code":"150010","geometry_key":"150010","name_ja":"下越","name_en":"Kaetsu","parent_code":"150000","parent_name_ja":"新潟県","display_name_ja":"新潟県 下越","office_name_ja":null,"label_lon":139.3420753175219,"label_lat":38.000296653218015,"label_point_semantics":"OFFICIAL_SOURCE_BBOX_CENTER_DISPLAY_ONLY"},"geometry":{"type":"MultiPolygon","coordinates":[[[[138.78425,37.71486],[138.83087,37.8108],[138.87641,37.84396],[139.02316,37.92162],[139.0612,37.94474],[139.06875,37.95887],[139.06218,37.94568],[139.06825,37.9438],[139.06968,37.95297],[139.20198,37.98294],[139.23134,38.01986],[139.21483,37.99375],[139.22836,37.97561],[139.22299,37.96883],[139.24348,37.97067],[139.22554,37.99198],[139.22548,38.00121],[139.24132,38.00686],[139.23624,38.01285],[139.24745,38.00479],[139.24155,38.00965],[139.28115,38.02528],[139.36757,38.09958],[139.43001,38.18129],[139.42351,38.18595],[139.43219,38.18996],[139.42053,38.18614],[139.45023,38.23909],[139.44133,38.24703],[139.4558,38.39367],[139.51784,38.50488],[139.54823,38.53993],[139.54781,38.55295],[139.59983,38.52206],[139.62121,38.52558],[139.63781,38.51142],[139.72176,38.49623],[139.72515,38.48524],[139.7114,38.4768],[139.72013,38.45069],[139.71721,38.42132],[139.70339,38.40022],[139.70981,38.38677],[139.72264,38.39384],[139.7324,38.3716],[139.77072,38.35291],[139.81649,38.35601],[139.8277,38.34474],[139.84894,38.34285],[139.87924,38.30352],[139.89889,38.29315],[139.8999,38.27581],[139.87644,38.26162],[139.85795,38.22967],[139.78637,38.19224],[139.69919,38.20317],[139.68227,38.17179],[139.69389,38.1158],[139.67133,38.07687],[139.6918,38.07506],[139.68617,38.06504],[139.69273,38.05703],[139.65467,38.03517],[139.65446,37.99702],[139.63934,37.98552],[139.64299,37.94667],[139.62483,37.91793],[139.63184,37.88927],[139.65722,37.86345],[139.68185,37.84674],[139.71465,37.85292],[139.74153,37.81777],[139.65789,37.75501],[139.64961,37.72906],[139.62409,37.71025],[139.6272,37.68828],[139.60941,37.68427],[139.59642,37.66586],[139.54932,37.64909],[139.5553,37.64108],[139.54604,37.62889],[139.54854,37.60964],[139.56497,37.59743],[139.57238,37.57035],[139.56577,37.54602],[139.59109,37.52554],[139.56735,37.50251],[139.52344,37.51454],[139.47612,37.50255],[139.4572,37.51787],[139.42942,37.51471],[139.41125,37.50516],[139.40633,37.46605],[139.39751,37.45984],[139.36255,37.46997],[139.33545,37.45782],[139.2583,37.44703],[139.25122,37.45244],[139.25953,37.46784],[139.29837,37.48497],[139.28794,37.50684],[139.27404,37.51581],[139.25968,37.51219],[139.25874,37.5357],[139.23398,37.55496],[139.21893,37.60204],[139.19552,37.61427],[139.17019,37.59897],[139.13908,37.63009],[139.13283,37.658],[139.10448,37.65675],[139.10898,37.66337],[139.0983,37.67962],[139.10633,37.69842],[139.09328,37.70941],[139.10804,37.72553],[139.09503,37.7369],[139.04769,37.71987],[139.03259,37.69347],[139.01692,37.71061],[139.00183,37.70423],[138.99275,37.67977],[138.95762,37.67554],[138.9504,37.65267],[138.92074,37.65544],[138.93271,37.63101],[138.8516,37.61138],[138.83109,37.59367],[138.82489,37.60704],[138.83751,37.61819],[138.82901,37.62064],[138.82292,37.64526],[138.8081,37.63669],[138.78726,37.65531],[138.7903,37.67654],[138.80561,37.67798],[138.81121,37.7015],[138.78655,37.70647],[138.78425,37.71486]]],[[[139.21385,38.43838],[139.22528,38.44892],[139.22451,38.46503],[139.25451,38.49094],[139.26429,38.48888],[139.2453,38.45052],[139.21385,38.43838]]]]}},{"type":"Feature","id":"150020","properties":{"region_code":"150020","geometry_key":"150020","name_ja":"中越","name_en":"Chuetsu","parent_code":"150000","parent_name_ja":"新潟県","display_name_ja":"新潟県 中越","office_name_ja":null,"label_lon":138.858235220629,"label_lat":37.23677572097279,"label_point_semantics":"OFFICIAL_SOURCE_BBOX_CENTER_DISPLAY_ONLY"},"geometry":{"type":"Polygon","coordinates":[[[138.4181,37.30659],[138.48809,37.35212],[138.52473,37.36243],[138.54297,37.38326],[138.53055,37.36528],[138.54301,37.37622],[138.54379,37.36848],[138.56401,37.38869],[138.58954,37.42414],[138.58594,37.44199],[138.58957,37.42427],[138.61739,37.48413],[138.6298,37.48691],[138.681,37.54279],[138.71271,37.55835],[138.74703,37.60402],[138.78541,37.70728],[138.81121,37.7015],[138.80561,37.67798],[138.7903,37.67654],[138.78726,37.65531],[138.8081,37.63669],[138.82292,37.64526],[138.82901,37.62064],[138.83751,37.61819],[138.82489,37.60704],[138.83109,37.59367],[138.8516,37.61138],[138.93271,37.63101],[138.92074,37.65544],[138.9504,37.65267],[138.95762,37.67554],[138.99275,37.67977],[139.00183,37.70423],[139.01692,37.71061],[139.03259,37.69347],[139.04769,37.71987],[139.09503,37.7369],[139.10804,37.72553],[139.09328,37.70941],[139.10633,37.69842],[139.0983,37.67962],[139.10898,37.66337],[139.10448,37.65675],[139.13283,37.658],[139.13908,37.63009],[139.17019,37.59897],[139.19552,37.61427],[139.21893,37.60204],[139.23398,37.55496],[139.25874,37.5357],[139.25968,37.51219],[139.28737,37.50752],[139.29797,37.48815],[139.25953,37.46784],[139.24662,37.44894],[139.22331,37.44904],[139.1974,37.41109],[139.21213,37.39209],[139.2315,37.38788],[139.23362,37.34361],[139.21787,37.33415],[139.22429,37.31999],[139.21232,37.28624],[139.16476,37.23943],[139.19658,37.19403],[139.22066,37.20918],[139.25385,37.16497],[139.23513,37.11201],[139.26033,37.04769],[139.24337,37.01513],[139.25567,36.98875],[139.24718,36.98049],[139.2499,36.95581],[139.23217,36.94046],[139.23795,36.94657],[139.22871,36.9612],[139.18289,36.96161],[139.171,37.00198],[139.13191,37.02573],[139.12295,37.04714],[139.09702,37.05863],[139.09113,37.01973],[139.04739,36.98729],[138.96655,36.97908],[138.96666,36.93115],[138.97669,36.92079],[138.97953,36.89178],[138.94063,36.89516],[138.92315,36.8836],[138.91602,36.85084],[138.92907,36.83264],[138.88189,36.82579],[138.85645,36.81164],[138.82174,36.81763],[138.83176,36.7939],[138.82692,36.77229],[138.81777,36.76159],[138.79534,36.75814],[138.78942,36.74487],[138.72703,36.76417],[138.71307,36.73922],[138.69737,36.73764],[138.68809,36.76575],[138.66899,36.77882],[138.69585,36.80794],[138.67959,36.82105],[138.6932,36.85482],[138.62542,36.88245],[138.62101,36.90408],[138.58876,36.91397],[138.58666,36.98825],[138.56589,37.02126],[138.53651,37.02093],[138.52467,37.03038],[138.54035,37.04474],[138.53595,37.07182],[138.5445,37.08571],[138.52453,37.10678],[138.52739,37.13673],[138.56245,37.15566],[138.56889,37.17899],[138.55411,37.18982],[138.55185,37.20395],[138.53652,37.19842],[138.52503,37.21947],[138.50492,37.22869],[138.51996,37.25252],[138.5423,37.26143],[138.4901,37.28807],[138.43906,37.29371],[138.43225,37.30295],[138.4183,37.29434],[138.4181,37.30659]]]}},{"type":"Feature","id":"150030","properties":{"region_code":"150030","geometry_key":"150030","name_ja":"上越","name_en":"Joetsu","parent_code":"150000","parent_name_ja":"新潟県","display_name_ja":"新潟県 上越","office_name_ja":null,"label_lon":138.10194422114893,"label_lat":37.03637070674279,"label_point_semantics":"OFFICIAL_SOURCE_BBOX_CENTER_DISPLAY_ONLY"},"geometry":{"type":"Polygon","coordinates":[[[137.63498,36.9798],[137.81391,37.03007],[137.84624,37.05001],[137.83658,37.03947],[137.91219,37.06078],[137.99929,37.11566],[137.99531,37.11012],[138.04757,37.12721],[138.09613,37.17286],[138.15163,37.16113],[138.23146,37.17406],[138.24692,37.18401],[138.25664,37.20831],[138.2494,37.18251],[138.4181,37.30659],[138.4183,37.29434],[138.43225,37.30295],[138.43906,37.29371],[138.4901,37.28807],[138.53846,37.26612],[138.54208,37.26061],[138.51996,37.25252],[138.5049,37.22597],[138.52503,37.21947],[138.53652,37.19842],[138.55185,37.20395],[138.55411,37.18982],[138.56889,37.17899],[138.56245,37.15566],[138.52533,37.12902],[138.52453,37.10678],[138.5445,37.08571],[138.53595,37.07182],[138.53904,37.04295],[138.51986,37.02783],[138.45513,37.01961],[138.39468,36.99718],[138.3432,36.9208],[138.31757,36.92519],[138.2965,36.91104],[138.29029,36.89681],[138.29937,36.88672],[138.28853,36.86895],[138.29606,36.85558],[138.2749,36.84085],[138.25488,36.86994],[138.23501,36.86372],[138.21379,36.87115],[138.20339,36.85714],[138.16902,36.84507],[138.11239,36.84949],[138.08158,36.83007],[138.0707,36.8053],[138.05222,36.79996],[138.05152,36.80764],[138.00346,36.82641],[138.02023,36.84239],[138.01368,36.86043],[138.0325,36.88097],[138.01374,36.90402],[137.96958,36.91081],[137.95787,36.9028],[137.92061,36.92003],[137.89326,36.90996],[137.86835,36.91593],[137.86208,36.90768],[137.87162,36.90111],[137.86155,36.89107],[137.87646,36.86621],[137.81998,36.79822],[137.76244,36.76616],[137.7495,36.78019],[137.74933,36.80958],[137.73008,36.82643],[137.73413,36.86883],[137.71352,36.89144],[137.72046,36.92669],[137.7113,36.94409],[137.66651,36.95024],[137.63498,36.9798]]]}},{"type":"Feature","id":"150040","properties":{"region_code":"150040","geometry_key":"150040","name_ja":"佐渡","name_en":"Sado","parent_code":"150000","parent_name_ja":"新潟県","display_name_ja":"新潟県 佐渡","office_name_ja":null,"label_lon":138.3884750194067,"label_lat":38.07233855892741,"label_point_semantics":"OFFICIAL_SOURCE_BBOX_CENTER_DISPLAY_ONLY"},"geometry":{"type":"Polygon","coordinates":[[[138.20374,37.82282],[138.21661,37.83763],[138.26921,37.84784],[138.28986,37.88546],[138.27837,37.90735],[138.28463,37.91946],[138.34365,37.96512],[138.32778,37.99185],[138.29804,38.00717],[138.27408,38.00216],[138.25488,37.96469],[138.22718,37.97972],[138.23444,38.00413],[138.22125,38.02216],[138.23842,38.02795],[138.23295,38.06191],[138.24812,38.07706],[138.23959,38.08696],[138.26083,38.09703],[138.26836,38.12067],[138.29005,38.13387],[138.32441,38.19863],[138.36381,38.21288],[138.40193,38.25457],[138.40881,38.24857],[138.43727,38.26204],[138.44087,38.28942],[138.46372,38.31406],[138.4582,38.32183],[138.51492,38.33209],[138.52203,38.32388],[138.51224,38.31465],[138.50985,38.26549],[138.4925,38.20374],[138.45007,38.14612],[138.43435,38.0938],[138.44441,38.0751],[138.48018,38.06233],[138.56295,38.08808],[138.5726,38.07865],[138.57456,38.06268],[138.50286,37.94391],[138.50009,37.9203],[138.34444,37.82499],[138.30538,37.82703],[138.27934,37.81393],[138.28682,37.81104],[138.27325,37.81558],[138.24444,37.80238],[138.21624,37.80979],[138.21761,37.81716],[138.20374,37.82282]]]}},{"type":"Feature","id":"160010","properties":{"region_code":"160010","geometry_key":"160010","name_ja":"東部","name_en":"Eastern Region","parent_code":"160000","parent_name_ja":"富山県","display_name_ja":"富山県 東部","office_name_ja":null,"label_lon":137.39578200943225,"label_lat":36.676184152726506,"label_point_semantics":"OFFICIAL_SOURCE_BBOX_CENTER_DISPLAY_ONLY"},"geometry":{"type":"Polygon","coordinates":[[[137.02818,36.50537],[137.03966,36.58022],[137.06537,36.6384],[137.05472,36.64994],[137.06397,36.65685],[137.08117,36.64949],[137.07166,36.65545],[137.08085,36.66507],[137.08736,36.6591],[137.09993,36.68371],[137.12165,36.68603],[137.1246,36.71777],[137.14588,36.72448],[137.1531,36.74166],[137.17802,36.74683],[137.18032,36.75821],[137.22912,36.76694],[137.32057,36.75841],[137.3902,36.8045],[137.41853,36.87292],[137.41862,36.89328],[137.40892,36.89725],[137.42616,36.92525],[137.49267,36.95486],[137.632,36.97983],[137.66651,36.95024],[137.7113,36.94409],[137.72046,36.92669],[137.71352,36.89144],[137.73413,36.86883],[137.73008,36.82643],[137.74933,36.80958],[137.74955,36.78002],[137.76339,36.76823],[137.75177,36.75111],[137.75929,36.74074],[137.75003,36.70475],[137.76186,36.66618],[137.74425,36.61751],[137.75306,36.59352],[137.72431,36.58649],[137.68774,36.56207],[137.6846,36.53781],[137.71055,36.53574],[137.70544,36.51782],[137.66875,36.50946],[137.66682,36.49382],[137.652,36.4882],[137.65541,36.45917],[137.63991,36.44583],[137.63654,36.42841],[137.60808,36.41942],[137.59241,36.38967],[137.5409,36.39144],[137.50424,36.42571],[137.47411,36.42541],[137.46071,36.41223],[137.40972,36.42468],[137.39522,36.4364],[137.38994,36.45992],[137.3615,36.45005],[137.35121,36.4329],[137.31345,36.42503],[137.30501,36.43584],[137.31701,36.4608],[137.27903,36.46506],[137.25638,36.45114],[137.24709,36.46172],[137.20563,36.4276],[137.19168,36.45521],[137.1597,36.45644],[137.09194,36.39654],[137.09488,36.38397],[137.0505,36.36977],[137.06226,36.4265],[137.05468,36.43761],[137.0643,36.45237],[137.05022,36.50307],[137.02818,36.50537]]]}},{"type":"Feature","id":"160020","properties":{"region_code":"160020","geometry_key":"160020","name_ja":"西部","name_en":"Western Region","parent_code":"160000","parent_name_ja":"富山県","display_name_ja":"富山県 西部","office_name_ja":null,"label_lon":136.97424291807624,"label_lat":36.620830414492104,"label_point_semantics":"OFFICIAL_SOURCE_BBOX_CENTER_DISPLAY_ONLY"},"geometry":{"type":"Polygon","coordinates":[[[136.76836,36.42351],[136.79673,36.44469],[136.7882,36.45269],[136.80282,36.48501],[136.79511,36.51081],[136.81722,36.55214],[136.79101,36.56962],[136.79532,36.58484],[136.78315,36.61683],[136.82378,36.66971],[136.82257,36.681],[136.81003,36.68659],[136.81558,36.70051],[136.78922,36.71903],[136.7961,36.72958],[136.81986,36.73065],[136.84916,36.75923],[136.84799,36.80985],[136.86723,36.85092],[136.86239,36.86033],[136.88303,36.87682],[136.87898,36.90627],[136.93095,36.9506],[136.95379,36.95606],[136.97341,36.94423],[136.98695,36.9673],[137.04511,36.96391],[137.05131,36.95863],[137.02706,36.93926],[137.03256,36.92371],[136.98498,36.87706],[136.99153,36.85325],[137.08232,36.78438],[137.1143,36.78204],[137.10785,36.77932],[137.1136,36.77457],[137.09261,36.76974],[137.13316,36.75689],[137.11832,36.76651],[137.11893,36.78422],[137.13794,36.76945],[137.18013,36.75796],[137.17802,36.74683],[137.1531,36.74166],[137.14588,36.72448],[137.1246,36.71777],[137.12165,36.68603],[137.09993,36.68371],[137.08736,36.6591],[137.08085,36.66507],[137.07166,36.65545],[137.08117,36.64949],[137.06397,36.65685],[137.05166,36.64605],[137.06537,36.6384],[137.03966,36.58022],[137.02818,36.50537],[137.05022,36.50307],[137.0643,36.45237],[137.05468,36.43761],[137.06222,36.42601],[137.04696,36.37323],[137.06212,36.36661],[137.0489,36.34549],[137.05874,36.3425],[137.05228,36.32951],[137.03757,36.31744],[137.01974,36.31828],[137.00609,36.28843],[136.96789,36.27524],[136.95737,36.27998],[136.97329,36.30985],[136.9549,36.33935],[136.90747,36.36084],[136.87476,36.34279],[136.87122,36.36755],[136.8651,36.34966],[136.83715,36.34722],[136.8425,36.33272],[136.83237,36.30681],[136.79229,36.29921],[136.78466,36.34379],[136.80819,36.35869],[136.79514,36.40126],[136.76836,36.42351]]]}},{"type":"Feature","id":"170010","properties":{"region_code":"170010","geometry_key":"170010","name_ja":"加賀","name_en":"Kaga","parent_code":"170000","parent_name_ja":"石川県","display_name_ja":"石川県 加賀","office_name_ja":null,"label_lon":136.546914098407,"label_lat":36.429683806062855,"label_point_semantics":"OFFICIAL_SOURCE_BBOX_CENTER_DISPLAY_ONLY"},"geometry":{"type":"Polygon","coordinates":[[[136.2429,36.29687],[136.2752,36.31876],[136.29935,36.35236],[136.34652,36.36541],[136.42591,36.42925],[136.58528,36.59847],[136.58088,36.60747],[136.58614,36.60097],[136.60893,36.62407],[136.61161,36.64],[136.63747,36.65805],[136.72428,36.78986],[136.77678,36.78681],[136.81645,36.76739],[136.82656,36.77686],[136.81858,36.78347],[136.83435,36.77908],[136.83316,36.76453],[136.84512,36.75568],[136.83947,36.74536],[136.82286,36.74102],[136.81986,36.73065],[136.7961,36.72958],[136.78922,36.71903],[136.81558,36.70051],[136.81003,36.68659],[136.82257,36.681],[136.82378,36.66971],[136.78315,36.61683],[136.79532,36.58484],[136.79101,36.56962],[136.81722,36.55214],[136.79511,36.51081],[136.80282,36.48501],[136.7882,36.45269],[136.79673,36.44469],[136.76836,36.42351],[136.79514,36.40126],[136.80819,36.35869],[136.78466,36.34379],[136.79113,36.30056],[136.81458,36.2664],[136.83367,36.26583],[136.85182,36.2471],[136.79841,36.17256],[136.76645,36.16256],[136.77999,36.13419],[136.75376,36.08586],[136.66229,36.06763],[136.65134,36.09223],[136.61489,36.10816],[136.60172,36.12952],[136.5598,36.15316],[136.51072,36.14612],[136.48805,36.15914],[136.45664,36.13627],[136.44061,36.13726],[136.41429,36.15662],[136.40931,36.17223],[136.35804,36.1651],[136.33567,36.18487],[136.33228,36.22978],[136.31697,36.23476],[136.30121,36.25822],[136.26681,36.2651],[136.25859,36.28932],[136.2429,36.29687]]]}},{"type":"Feature","id":"170020","properties":{"region_code":"170020","geometry_key":"170020","name_ja":"能登","name_en":"Noto","parent_code":"170000","parent_name_ja":"石川県","display_name_ja":"石川県 能登","office_name_ja":null,"label_lon":137.016893061066,"label_lat":37.306796414772776,"label_point_semantics":"OFFICIAL_SOURCE_BBOX_CENTER_DISPLAY_ONLY"},"geometry":{"type":"MultiPolygon","coordinates":[[[[136.66944,37.14988],[136.67974,37.20701],[136.70163,37.22358],[136.69962,37.24244],[136.72088,37.2559],[136.73388,37.2795],[136.7221,37.32387],[136.73865,37.33782],[136.73752,37.34808],[136.75413,37.34668],[136.75647,37.36492],[136.7824,37.36818],[136.86838,37.40705],[136.89193,37.40107],[136.89865,37.40712],[136.9033,37.39747],[136.92594,37.3953],[137.02987,37.43296],[137.11056,37.48672],[137.21028,37.50615],[137.26351,37.53121],[137.3278,37.5293],[137.32875,37.51938],[137.34608,37.51536],[137.35175,37.50136],[137.33966,37.48525],[137.35747,37.46493],[137.35665,37.44647],[137.31105,37.43658],[137.28304,37.44162],[137.25007,37.42307],[137.23766,37.37891],[137.24886,37.35407],[137.26623,37.358],[137.25247,37.34035],[137.26769,37.3367],[137.24697,37.30749],[137.23883,37.30283],[137.2302,37.31163],[137.23404,37.2947],[137.16399,37.30478],[137.15601,37.29713],[137.15114,37.30667],[137.15453,37.29518],[137.14385,37.29886],[137.09823,37.27849],[137.09428,37.25636],[137.06793,37.23157],[137.06948,37.21787],[137.05781,37.20793],[137.02558,37.20471],[137.03376,37.19556],[137.01085,37.18322],[136.98277,37.20527],[136.97109,37.20098],[136.95412,37.21979],[136.94603,37.21632],[136.96214,37.23648],[136.94322,37.22435],[136.92431,37.23383],[136.93234,37.22054],[136.916,37.22776],[136.90634,37.2182],[136.93014,37.20623],[136.92573,37.19862],[136.92444,37.20575],[136.90635,37.20324],[136.91288,37.1944],[136.87322,37.14573],[136.87971,37.1353],[136.88615,37.14436],[136.90069,37.13608],[136.89288,37.11075],[136.86744,37.11123],[136.87195,37.08722],[136.85923,37.07615],[136.88785,37.06832],[136.91549,37.09179],[136.94365,37.0838],[136.93668,37.07114],[136.9625,37.06727],[136.95567,37.05722],[136.96624,37.05025],[136.98576,37.04796],[136.99707,37.06083],[137.00515,37.05709],[137.00068,37.06474],[137.02182,37.10153],[137.05765,37.10887],[137.04945,37.10115],[137.05445,37.075],[137.04559,37.0377],[137.05662,36.96775],[137.0517,36.95917],[137.03767,36.96712],[137.00509,36.96113],[136.98695,36.9673],[136.97341,36.94423],[136.95379,36.95606],[136.93104,36.95063],[136.91561,36.93081],[136.88759,36.91692],[136.87787,36.8995],[136.88303,36.87682],[136.86239,36.86033],[136.86723,36.85092],[136.84881,36.81316],[136.85405,36.79466],[136.84314,36.78231],[136.85269,36.77015],[136.84512,36.75568],[136.83403,36.76268],[136.83193,36.78122],[136.81858,36.78347],[136.82656,36.77686],[136.81645,36.76739],[136.77678,36.78681],[136.72428,36.78986],[136.76767,36.90285],[136.76526,36.91977],[136.7493,36.92937],[136.76194,36.94427],[136.7565,36.95332],[136.76741,36.95986],[136.77021,36.99577],[136.743,37.01242],[136.74659,37.03015],[136.71909,37.05894],[136.71791,37.07843],[136.72795,37.08276],[136.72132,37.08641],[136.72961,37.09811],[136.72737,37.13526],[136.70066,37.14948],[136.69995,37.13881],[136.67697,37.13772],[136.66944,37.14988]]],[[[136.90154,37.14776],[136.91628,37.15318],[136.92668,37.1442],[136.92479,37.13017],[136.94039,37.1462],[136.94886,37.13868],[136.96358,37.1469],[136.97703,37.14],[136.96748,37.15529],[137.0047,37.1352],[137.02205,37.14235],[137.03775,37.1681],[137.05427,37.14874],[137.04055,37.13879],[137.05027,37.12926],[137.04586,37.11968],[137.02172,37.11121],[136.99547,37.11844],[136.97558,37.09687],[136.96346,37.10419],[136.94575,37.09101],[136.94036,37.11432],[136.90622,37.13356],[136.90154,37.14776]]]]}},{"type":"Feature","id":"180010","properties":{"region_code":"180010","geometry_key":"180010","name_ja":"嶺北","name_en":"Reihoku","parent_code":"180000","parent_name_ja":"福井県","display_name_ja":"福井県 嶺北","office_name_ja":null,"label_lon":136.39473414386566,"label_lat":35.977735071866135,"label_point_semantics":"OFFICIAL_SOURCE_BBOX_CENTER_DISPLAY_ONLY"},"geometry":{"type":"Polygon","coordinates":[[[135.95769,35.98177],[135.96381,35.99732],[136.01059,36.03328],[136.02778,36.09584],[136.04851,36.10966],[136.05459,36.12913],[136.09325,36.15304],[136.09039,36.16053],[136.11426,36.19261],[136.11247,36.20538],[136.11442,36.19269],[136.12883,36.1916],[136.13425,36.20475],[136.11856,36.20051],[136.135,36.22218],[136.12225,36.24914],[136.17491,36.25365],[136.24386,36.2953],[136.25859,36.28932],[136.26681,36.2651],[136.30121,36.25822],[136.31697,36.23476],[136.33228,36.22978],[136.33567,36.18487],[136.35804,36.1651],[136.40931,36.17223],[136.41429,36.15662],[136.44061,36.13726],[136.45664,36.13627],[136.48805,36.15914],[136.51072,36.14612],[136.5598,36.15316],[136.60172,36.12952],[136.61489,36.10816],[136.65134,36.09223],[136.66229,36.06763],[136.75517,36.08585],[136.76497,36.06939],[136.73279,36.04888],[136.72675,35.99594],[136.75225,35.98861],[136.75287,35.95646],[136.79324,35.94598],[136.78392,35.92574],[136.8137,35.91092],[136.83236,35.85744],[136.82512,35.84541],[136.80196,35.84367],[136.78745,35.79854],[136.76391,35.81061],[136.7411,35.80107],[136.72338,35.80819],[136.71005,35.79204],[136.67696,35.79325],[136.65767,35.78348],[136.6452,35.80683],[136.62206,35.7868],[136.59915,35.79853],[136.57075,35.77742],[136.52281,35.78817],[136.50593,35.75029],[136.48571,35.77645],[136.43093,35.77499],[136.37666,35.79518],[136.34653,35.77605],[136.32795,35.7751],[136.31839,35.75106],[136.32395,35.71675],[136.29182,35.69052],[136.29891,35.67768],[136.28074,35.65863],[136.23441,35.68246],[136.21261,35.6817],[136.19109,35.70246],[136.14712,35.69927],[136.13087,35.74071],[136.11277,35.76542],[136.09665,35.76741],[136.10013,35.77859],[136.07087,35.82427],[135.99365,35.88759],[135.99737,35.93481],[135.95769,35.98177]]]}},{"type":"Feature","id":"180020","properties":{"region_code":"180020","geometry_key":"180020","name_ja":"嶺南","name_en":"Reinan","parent_code":"180000","parent_name_ja":"福井県","display_name_ja":"福井県 嶺南","office_name_ja":null,"label_lon":135.8134280934318,"label_lat":35.554801567288564,"label_point_semantics":"OFFICIAL_SOURCE_BBOX_CENTER_DISPLAY_ONLY"},"geometry":{"type":"Polygon","coordinates":[[[135.44934,35.52373],[135.46048,35.54846],[135.4866,35.55794],[135.46824,35.53144],[135.48346,35.53435],[135.48088,35.52194],[135.49056,35.53057],[135.50204,35.52411],[135.50989,35.53463],[135.49425,35.53856],[135.50216,35.54238],[135.49904,35.55375],[135.51612,35.55139],[135.50872,35.50301],[135.53318,35.48949],[135.55192,35.49728],[135.56368,35.49023],[135.61908,35.51946],[135.63192,35.53781],[135.66088,35.54774],[135.6695,35.52461],[135.65584,35.53124],[135.63095,35.52218],[135.64177,35.51937],[135.64225,35.50798],[135.62689,35.48869],[135.58101,35.49005],[135.64731,35.47824],[135.66243,35.49371],[135.68157,35.48726],[135.70068,35.4946],[135.71881,35.48421],[135.74071,35.4983],[135.73404,35.50081],[135.74919,35.51381],[135.7508,35.53163],[135.76504,35.534],[135.73909,35.53605],[135.71794,35.51975],[135.71678,35.54074],[135.68862,35.54624],[135.71464,35.56987],[135.74988,35.56661],[135.75706,35.54327],[135.77002,35.54388],[135.76593,35.55731],[135.79333,35.54155],[135.78601,35.53453],[135.79844,35.52496],[135.80475,35.53306],[135.81517,35.52936],[135.81268,35.53766],[135.83373,35.5359],[135.80136,35.57132],[135.81123,35.57742],[135.83978,35.56319],[135.85747,35.58195],[135.85563,35.60033],[135.83184,35.60312],[135.82657,35.6097],[135.83886,35.62087],[135.82383,35.62409],[135.8237,35.63144],[135.8331,35.63046],[135.82432,35.63717],[135.8146,35.63226],[135.81469,35.64228],[135.84621,35.63545],[135.84369,35.62638],[135.85925,35.62374],[135.85681,35.61493],[135.86779,35.60812],[135.88511,35.61785],[135.8936,35.61173],[135.90693,35.62529],[135.91228,35.61007],[135.92622,35.61017],[135.94992,35.63388],[135.96463,35.62175],[135.97876,35.62794],[135.98606,35.64254],[135.96313,35.65706],[135.97564,35.69765],[135.97067,35.71209],[135.96058,35.7052],[135.96624,35.70107],[135.95583,35.70292],[135.95417,35.72175],[136.0184,35.7642],[136.03772,35.73913],[136.02202,35.7488],[136.04435,35.70546],[136.04422,35.69118],[136.03294,35.69273],[136.02547,35.68053],[136.05601,35.65667],[136.07262,35.66107],[136.05796,35.66424],[136.07429,35.6674],[136.07429,35.67806],[136.06338,35.67951],[136.08611,35.68471],[136.07848,35.7034],[136.09866,35.72577],[136.08569,35.73923],[136.09993,35.74668],[136.09831,35.76524],[136.11412,35.7641],[136.13262,35.73733],[136.13199,35.72269],[136.14879,35.71065],[136.15036,35.6913],[136.13473,35.66801],[136.15016,35.65938],[136.17752,35.59536],[136.16638,35.58248],[136.16904,35.56547],[136.11359,35.58278],[136.10645,35.52899],[136.08291,35.54058],[136.06944,35.52627],[136.04862,35.53451],[136.02653,35.5295],[136.00434,35.49097],[135.98116,35.48656],[135.93965,35.52054],[135.91594,35.4709],[135.91416,35.43211],[135.89298,35.41985],[135.89057,35.40318],[135.86469,35.3944],[135.8532,35.41154],[135.81366,35.4133],[135.80753,35.38536],[135.79089,35.38664],[135.76879,35.35601],[135.71839,35.35542],[135.70099,35.34369],[135.64206,35.36691],[135.52759,35.38011],[135.52579,35.42042],[135.50205,35.42003],[135.49794,35.43742],[135.45838,35.46818],[135.47621,35.48945],[135.47622,35.50549],[135.44934,35.52373]]]}},{"type":"Feature","id":"190010","properties":{"region_code":"190010","geometry_key":"190010","name_ja":"中・西部","name_en":"Central Western Region","parent_code":"190000","parent_name_ja":"山梨県","display_name_ja":"山梨県 中・西部","office_name_ja":null,"label_lon":138.52512066813438,"label_lat":35.57004642720091,"label_point_semantics":"OFFICIAL_SOURCE_BBOX_CENTER_DISPLAY_ONLY"},"geometry":{"type":"Polygon","coordinates":[[[138.18009,35.71423],[138.2369,35.75799],[138.18517,35.79108],[138.23277,35.87638],[138.24998,35.8856],[138.28364,35.85932],[138.32647,35.90329],[138.37046,35.97138],[138.45056,35.94541],[138.44434,35.91788],[138.45492,35.89973],[138.49013,35.89637],[138.51057,35.92234],[138.57651,35.91142],[138.59102,35.91977],[138.61226,35.90915],[138.60499,35.89375],[138.61087,35.87361],[138.67618,35.8698],[138.68585,35.89387],[138.70806,35.90975],[138.72901,35.90922],[138.78021,35.89951],[138.792,35.87545],[138.8136,35.86237],[138.84555,35.86738],[138.86433,35.85547],[138.86531,35.84109],[138.85123,35.8239],[138.8699,35.79458],[138.86797,35.78291],[138.81631,35.77561],[138.85996,35.7303],[138.85992,35.68874],[138.847,35.67271],[138.85088,35.64966],[138.82988,35.62892],[138.76699,35.60534],[138.77259,35.5867],[138.78871,35.58033],[138.79163,35.56077],[138.76883,35.56081],[138.67718,35.51988],[138.5951,35.49695],[138.59589,35.48341],[138.58184,35.47868],[138.58347,35.44679],[138.53174,35.40926],[138.53509,35.33056],[138.51209,35.31356],[138.52172,35.28381],[138.51424,35.26223],[138.53319,35.20086],[138.51536,35.1982],[138.49149,35.16838],[138.4779,35.17808],[138.43111,35.18033],[138.41836,35.19933],[138.3987,35.20027],[138.38615,35.24624],[138.36703,35.27019],[138.37248,35.29941],[138.35849,35.31757],[138.32584,35.32761],[138.28527,35.30427],[138.2547,35.31997],[138.25115,35.36379],[138.23202,35.37122],[138.25812,35.40742],[138.25926,35.43208],[138.244,35.45861],[138.25521,35.46891],[138.26899,35.51433],[138.25735,35.53085],[138.25956,35.5529],[138.24047,35.57616],[138.23232,35.6401],[138.19334,35.67215],[138.1936,35.69693],[138.18009,35.71423]]]}},{"type":"Feature","id":"190020","properties":{"region_code":"190020","geometry_key":"190020","name_ja":"東部・富士五湖","name_en":"Eastern Region and Fuji Five Lakes","parent_code":"190000","parent_name_ja":"山梨県","display_name_ja":"山梨県 東部・富士五湖","office_name_ja":null,"label_lon":138.85812920899588,"label_lat":35.60846305392684,"label_point_semantics":"OFFICIAL_SOURCE_BBOX_CENTER_DISPLAY_ONLY"},"geometry":{"type":"Polygon","coordinates":[[[138.58184,35.47868],[138.59589,35.48341],[138.60241,35.50489],[138.62067,35.50217],[138.76883,35.56081],[138.79163,35.56077],[138.78871,35.58033],[138.77259,35.5867],[138.76699,35.60534],[138.82988,35.62892],[138.85088,35.64966],[138.847,35.67271],[138.85992,35.68874],[138.85996,35.7303],[138.81631,35.77561],[138.86797,35.78291],[138.8699,35.79458],[138.85123,35.8239],[138.86536,35.84122],[138.86266,35.85876],[138.89222,35.83978],[138.91095,35.85273],[138.94575,35.85409],[138.9502,35.83935],[138.96977,35.83123],[138.9844,35.76776],[139.02485,35.7197],[139.07221,35.69536],[139.10586,35.69098],[139.13134,35.67199],[139.11717,35.65454],[139.12755,35.64108],[139.12349,35.62395],[139.13441,35.61651],[139.12144,35.58699],[139.12985,35.56637],[139.11196,35.54979],[139.11013,35.53229],[139.08579,35.51209],[139.04611,35.50974],[139.02755,35.48097],[138.98882,35.47364],[138.93737,35.44887],[138.9164,35.40061],[138.87426,35.37917],[138.85121,35.39054],[138.82175,35.37409],[138.68054,35.35768],[138.6636,35.39823],[138.60914,35.39318],[138.59734,35.4327],[138.58189,35.44573],[138.58184,35.47868]]]}},{"type":"Feature","id":"200010","properties":{"region_code":"200010","geometry_key":"200010","name_ja":"北部","name_en":"Northern Region","parent_code":"200000","parent_name_ja":"長野県","display_name_ja":"長野県 北部","office_name_ja":null,"label_lon":138.14112301521504,"label_lat":36.68364380516752,"label_point_semantics":"OFFICIAL_SOURCE_BBOX_CENTER_DISPLAY_ONLY"},"geometry":{"type":"Polygon","coordinates":[[[137.5861,36.37668],[137.60808,36.41942],[137.63654,36.42841],[137.63991,36.44583],[137.65541,36.45917],[137.652,36.4882],[137.66682,36.49382],[137.66875,36.50946],[137.70544,36.51782],[137.71055,36.53574],[137.6846,36.53781],[137.68774,36.56207],[137.72431,36.58649],[137.75104,36.5885],[137.74425,36.61751],[137.76186,36.66601],[137.75003,36.70475],[137.75929,36.74074],[137.752,36.75243],[137.83062,36.80768],[137.83156,36.81945],[137.87646,36.86621],[137.86155,36.89107],[137.87162,36.90111],[137.86208,36.90768],[137.86647,36.9153],[137.89378,36.91],[137.92061,36.92003],[137.95787,36.9028],[137.96958,36.91081],[138.01374,36.90402],[138.0325,36.88097],[138.01368,36.86043],[138.02023,36.84239],[138.00346,36.82641],[138.05415,36.80008],[138.0707,36.8053],[138.08158,36.83007],[138.11239,36.84949],[138.16902,36.84507],[138.20339,36.85714],[138.21379,36.87115],[138.23501,36.86372],[138.25471,36.87002],[138.27165,36.85546],[138.27184,36.84263],[138.28761,36.84571],[138.29611,36.85578],[138.28853,36.86895],[138.29937,36.88672],[138.29029,36.89681],[138.29633,36.91082],[138.31757,36.92519],[138.3432,36.9208],[138.39468,36.99718],[138.45513,37.01961],[138.52467,37.03038],[138.53651,37.02093],[138.56589,37.02126],[138.58666,36.98825],[138.58876,36.91397],[138.62101,36.90408],[138.62542,36.88245],[138.6932,36.85482],[138.67959,36.82105],[138.69585,36.80794],[138.66899,36.77882],[138.68809,36.76575],[138.69593,36.73851],[138.62203,36.72032],[138.61086,36.70638],[138.59573,36.71454],[138.58406,36.7012],[138.55978,36.70704],[138.51434,36.69079],[138.51827,36.67621],[138.53462,36.66564],[138.52944,36.65529],[138.4586,36.63438],[138.45497,36.61385],[138.4266,36.59453],[138.4203,36.57396],[138.42891,36.55645],[138.41809,36.54334],[138.37874,36.55456],[138.33396,36.53735],[138.31117,36.55034],[138.29388,36.5323],[138.2777,36.5357],[138.26649,36.51323],[138.20022,36.51167],[138.20177,36.50098],[138.23077,36.47949],[138.2289,36.46401],[138.24978,36.44414],[138.24869,36.43331],[138.16783,36.41533],[138.12161,36.43683],[138.10595,36.46871],[138.08532,36.47346],[138.07457,36.49075],[138.04614,36.4949],[137.97712,36.4607],[137.96359,36.46347],[137.94642,36.4894],[137.92634,36.47116],[137.93702,36.46705],[137.92889,36.45022],[137.90533,36.43936],[137.92502,36.41221],[137.90977,36.40275],[137.91273,36.38949],[137.90221,36.39339],[137.90978,36.36715],[137.88823,36.36391],[137.85343,36.39379],[137.83107,36.38098],[137.81022,36.39487],[137.76815,36.39249],[137.75063,36.41533],[137.72945,36.42535],[137.71222,36.41689],[137.70901,36.37675],[137.67959,36.33721],[137.63571,36.34242],[137.61865,36.36468],[137.5861,36.37668]]]}},{"type":"Feature","id":"200020","properties":{"region_code":"200020","geometry_key":"200020","name_ja":"中部","name_en":"Central Region","parent_code":"200000","parent_name_ja":"長野県","display_name_ja":"長野県 中部","office_name_ja":null,"label_lon":138.14471717870492,"label_lat":36.1677766801497,"label_point_semantics":"OFFICIAL_SOURCE_BBOX_CENTER_DISPLAY_ONLY"},"geometry":{"type":"Polygon","coordinates":[[[137.55018,36.1126],[137.56055,36.13024],[137.55472,36.1402],[137.59506,36.17205],[137.59509,36.19074],[137.57857,36.19754],[137.57306,36.21865],[137.64782,36.28905],[137.65243,36.32201],[137.64561,36.34126],[137.68133,36.33842],[137.70901,36.37675],[137.71222,36.41689],[137.72681,36.42521],[137.74713,36.41829],[137.76815,36.39249],[137.81022,36.39487],[137.83107,36.38098],[137.85343,36.39379],[137.88823,36.36391],[137.90962,36.3671],[137.90221,36.39339],[137.91273,36.38949],[137.90977,36.40275],[137.92502,36.41221],[137.90533,36.43936],[137.92938,36.45088],[137.93702,36.46705],[137.92634,36.47116],[137.93718,36.48658],[137.95093,36.48813],[137.96359,36.46347],[137.97712,36.4607],[138.04625,36.49492],[138.07457,36.49075],[138.08532,36.47346],[138.10595,36.46871],[138.12161,36.43683],[138.16878,36.41522],[138.24869,36.43331],[138.24978,36.44414],[138.2289,36.46401],[138.23077,36.47949],[138.20177,36.50098],[138.20022,36.51167],[138.26649,36.51323],[138.2777,36.5357],[138.29388,36.5323],[138.31117,36.55034],[138.33396,36.53735],[138.39033,36.55396],[138.41398,36.53261],[138.39709,36.49045],[138.40145,36.43402],[138.45696,36.42024],[138.45965,36.40475],[138.48896,36.40093],[138.49517,36.414],[138.53893,36.4025],[138.55501,36.41777],[138.5924,36.42439],[138.64784,36.40928],[138.65716,36.3689],[138.64783,36.31558],[138.65353,36.30311],[138.60034,36.2784],[138.61176,36.2295],[138.62224,36.21459],[138.63466,36.21367],[138.63671,36.20427],[138.6228,36.19693],[138.63634,36.17207],[138.60954,36.16141],[138.58339,36.17883],[138.57727,36.16807],[138.60077,36.13551],[138.63432,36.13395],[138.64538,36.1202],[138.64518,36.09881],[138.63053,36.09118],[138.64419,36.04969],[138.63185,36.02721],[138.67958,36.01171],[138.6887,35.99177],[138.71279,35.98516],[138.71293,35.96773],[138.73895,35.93129],[138.72901,35.90922],[138.70806,35.90975],[138.68585,35.89387],[138.67618,35.8698],[138.62154,35.87045],[138.60675,35.87848],[138.61218,35.90929],[138.59102,35.91977],[138.57651,35.91142],[138.51057,35.92234],[138.49013,35.89637],[138.4547,35.8998],[138.44434,35.91788],[138.45056,35.94541],[138.37046,35.97138],[138.32647,35.90329],[138.28364,35.85932],[138.25146,35.88501],[138.23867,35.88289],[138.2047,35.82814],[138.20569,35.81573],[138.18559,35.79553],[138.19832,35.78156],[138.18774,35.78152],[138.17225,35.80091],[138.17668,35.84408],[138.18783,35.86309],[138.17705,35.86764],[138.18367,35.87344],[138.16933,35.90477],[138.17371,35.91372],[138.14665,35.94132],[138.15058,35.95412],[138.11315,35.97485],[138.07401,35.95032],[138.044,35.9534],[138.03487,35.96145],[138.04882,35.97136],[138.03733,36.0123],[137.99203,36.01409],[138.00685,36.05319],[137.97818,36.04445],[137.94316,36.06364],[137.92729,36.04237],[137.89595,36.02451],[137.87799,36.04474],[137.8514,36.03862],[137.82363,36.0568],[137.80359,36.05685],[137.79634,36.07838],[137.78194,36.07319],[137.75464,36.08655],[137.73571,36.06956],[137.73792,36.04685],[137.70816,36.01241],[137.66626,36.01066],[137.63374,36.02674],[137.61294,36.01842],[137.59949,36.02594],[137.59786,36.04241],[137.61372,36.05962],[137.61395,36.07639],[137.57343,36.08768],[137.55018,36.1126]]]}},{"type":"Feature","id":"200030","properties":{"region_code":"200030","geometry_key":"200030","name_ja":"南部","name_en":"Southern Region","parent_code":"200000","parent_name_ja":"長野県","display_name_ja":"長野県 南部","office_name_ja":null,"label_lon":137.78072601174614,"label_lat":35.64245605445342,"label_point_semantics":"OFFICIAL_SOURCE_BBOX_CENTER_DISPLAY_ONLY"},"geometry":{"type":"Polygon","coordinates":[[[137.32455,35.81202],[137.33332,35.84197],[137.36113,35.84621],[137.36437,35.87887],[137.38082,35.89242],[137.4349,35.90549],[137.45833,35.88939],[137.47652,35.89417],[137.50356,35.93989],[137.52452,35.94246],[137.54346,35.98287],[137.5903,36.00654],[137.59949,36.02594],[137.70382,36.01012],[137.73792,36.04685],[137.73551,36.06912],[137.75464,36.08655],[137.78194,36.07319],[137.79634,36.07838],[137.80359,36.05685],[137.82363,36.0568],[137.8514,36.03862],[137.87799,36.04474],[137.89595,36.02451],[137.92729,36.04237],[137.94316,36.06364],[137.97818,36.04445],[138.00685,36.05319],[137.99203,36.01409],[138.03733,36.0123],[138.04882,35.97136],[138.03487,35.96145],[138.044,35.9534],[138.07401,35.95032],[138.11315,35.97485],[138.15033,35.95445],[138.14665,35.94132],[138.17371,35.91372],[138.16933,35.90477],[138.18367,35.87344],[138.17705,35.86764],[138.18889,35.85781],[138.17583,35.8396],[138.17599,35.78838],[138.20593,35.7827],[138.2369,35.75799],[138.18015,35.71454],[138.1936,35.69693],[138.19334,35.67215],[138.21867,35.64455],[138.20337,35.63212],[138.20607,35.60818],[138.18949,35.57678],[138.16205,35.58129],[138.14139,35.55508],[138.15944,35.54496],[138.13829,35.52215],[138.14634,35.51851],[138.13952,35.50118],[138.16466,35.49372],[138.15691,35.45998],[138.11979,35.45339],[138.12035,35.4301],[138.1398,35.42265],[138.13478,35.40782],[138.15313,35.39724],[138.14192,35.3706],[138.0969,35.35423],[138.09599,35.33964],[138.06121,35.34715],[138.03756,35.33292],[138.01972,35.3015],[137.99209,35.3017],[137.96698,35.28285],[137.92925,35.27547],[137.91841,35.25425],[137.89543,35.25799],[137.88247,35.2481],[137.88489,35.23625],[137.87234,35.21881],[137.84734,35.22188],[137.83812,35.21247],[137.77919,35.20273],[137.75957,35.2221],[137.72318,35.22163],[137.72164,35.23085],[137.68154,35.23523],[137.65398,35.22678],[137.64458,35.20899],[137.61486,35.21046],[137.57866,35.19847],[137.57873,35.21944],[137.54603,35.25324],[137.55576,35.27455],[137.57081,35.28291],[137.55638,35.29554],[137.55661,35.3094],[137.60391,35.33323],[137.59854,35.37903],[137.57523,35.40001],[137.61811,35.39172],[137.63482,35.40086],[137.59301,35.44703],[137.63175,35.47004],[137.62443,35.49383],[137.63159,35.50991],[137.60781,35.5333],[137.57395,35.54472],[137.56412,35.56861],[137.5713,35.58416],[137.5376,35.58445],[137.51381,35.60802],[137.54545,35.65108],[137.4972,35.68848],[137.4597,35.76135],[137.44018,35.75855],[137.43427,35.77116],[137.39326,35.77773],[137.39179,35.79858],[137.33811,35.79804],[137.32455,35.81202]]]}},{"type":"Feature","id":"210010","properties":{"region_code":"210010","geometry_key":"210010","name_ja":"美濃地方","name_en":"Mino Region","parent_code":"210000","parent_name_ja":"岐阜県","display_name_ja":"岐阜県 美濃地方","office_name_ja":null,"label_lon":136.95562508472995,"label_lat":35.60070574702266,"label_point_semantics":"OFFICIAL_SOURCE_BBOX_CENTER_DISPLAY_ONLY"},"geometry":{"type":"Polygon","coordinates":[[[136.27622,35.65248],[136.29891,35.67768],[136.29182,35.69052],[136.32395,35.71675],[136.31839,35.75106],[136.32795,35.7751],[136.34653,35.77605],[136.37666,35.79518],[136.43093,35.77499],[136.48571,35.77645],[136.50593,35.75029],[136.52281,35.78817],[136.57075,35.77742],[136.59915,35.79853],[136.62206,35.7868],[136.6452,35.80683],[136.65767,35.78348],[136.67696,35.79325],[136.71005,35.79204],[136.72338,35.80819],[136.7411,35.80107],[136.76391,35.81061],[136.78932,35.79944],[136.80196,35.84367],[136.82512,35.84541],[136.83235,35.85927],[136.8137,35.91092],[136.78392,35.92574],[136.79324,35.94598],[136.75287,35.95646],[136.75225,35.98861],[136.72675,35.99594],[136.73279,36.04888],[136.76426,36.06768],[136.77719,36.05268],[136.79593,36.05105],[136.79716,36.03154],[136.8378,36.00144],[136.89453,36.02772],[136.90667,36.01305],[136.93071,36.00586],[136.97153,35.95682],[136.97767,35.9192],[136.99822,35.9288],[136.9977,35.93916],[137.01924,35.95937],[137.03933,35.9537],[137.04975,35.96047],[137.0689,35.93948],[137.06959,35.91734],[137.08461,35.89751],[137.09258,35.90283],[137.09365,35.92815],[137.10004,35.9273],[137.16404,35.86223],[137.16493,35.84704],[137.13525,35.84994],[137.12244,35.83493],[137.13196,35.74105],[137.0737,35.72553],[137.06763,35.70155],[137.04988,35.69874],[137.08244,35.67723],[137.10133,35.67883],[137.08591,35.64968],[137.09591,35.62506],[137.13155,35.62],[137.14281,35.63193],[137.16971,35.63698],[137.17952,35.65042],[137.18824,35.64795],[137.20501,35.67748],[137.24319,35.67467],[137.24953,35.68951],[137.26767,35.69828],[137.28468,35.69121],[137.33047,35.71058],[137.32479,35.74784],[137.36265,35.79798],[137.39179,35.79858],[137.39326,35.77773],[137.43427,35.77116],[137.44018,35.75855],[137.4597,35.76135],[137.4972,35.68848],[137.54545,35.65108],[137.51381,35.60802],[137.5376,35.58445],[137.5713,35.58416],[137.56412,35.56861],[137.57395,35.54472],[137.60781,35.5333],[137.63159,35.50991],[137.62443,35.49383],[137.63175,35.47004],[137.59301,35.44703],[137.63498,35.40135],[137.61811,35.39172],[137.57523,35.40001],[137.59854,35.37903],[137.60391,35.33323],[137.55699,35.30987],[137.5619,35.2833],[137.51894,35.28333],[137.52068,35.27348],[137.4296,35.22286],[137.41708,35.24032],[137.38702,35.24088],[137.38318,35.26021],[137.3441,35.25786],[137.34463,35.27372],[137.30808,35.29116],[137.27509,35.29049],[137.24222,35.26446],[137.19996,35.25146],[137.17647,35.26026],[137.16523,35.28341],[137.1456,35.27983],[137.13171,35.29361],[137.10233,35.30165],[137.09603,35.29055],[137.08131,35.29219],[137.08184,35.30512],[137.06352,35.3182],[137.07298,35.32646],[137.06822,35.33568],[137.04718,35.33678],[137.04695,35.36613],[137.00224,35.38137],[136.97826,35.40318],[136.99309,35.42426],[136.96437,35.42094],[136.96171,35.39977],[136.9242,35.38005],[136.86493,35.37261],[136.83404,35.35594],[136.77287,35.36934],[136.72573,35.29561],[136.67843,35.24297],[136.68337,35.2023],[136.67232,35.18878],[136.66963,35.13373],[136.64638,35.16581],[136.64522,35.14457],[136.61555,35.14993],[136.6023,35.17804],[136.55984,35.20658],[136.55699,35.22063],[136.54737,35.22032],[136.55044,35.23306],[136.53417,35.25709],[136.51601,35.25389],[136.50598,35.23506],[136.46166,35.23623],[136.44083,35.21673],[136.4309,35.2294],[136.41201,35.21845],[136.3774,35.24299],[136.39696,35.25773],[136.39103,35.28997],[136.40685,35.30526],[136.42233,35.34839],[136.41056,35.35254],[136.41197,35.37006],[136.44435,35.38943],[136.41181,35.4186],[136.42622,35.4484],[136.42054,35.46596],[136.40162,35.47002],[136.38672,35.48881],[136.40568,35.51346],[136.4004,35.53008],[136.38425,35.53309],[136.3728,35.55972],[136.34598,35.53613],[136.33732,35.55025],[136.3175,35.5474],[136.32445,35.58418],[136.31498,35.60593],[136.32371,35.61644],[136.31576,35.62342],[136.2887,35.62047],[136.27622,35.65248]]]}},{"type":"Feature","id":"210020","properties":{"region_code":"210020","geometry_key":"210020","name_ja":"飛騨地方","name_en":"Hida Region","parent_code":"210000","parent_name_ja":"岐阜県","display_name_ja":"岐阜県 飛騨地方","office_name_ja":null,"label_lon":137.20351301561323,"label_lat":36.0425164188477,"label_point_semantics":"OFFICIAL_SOURCE_BBOX_CENTER_DISPLAY_ONLY"},"geometry":{"type":"Polygon","coordinates":[[[136.75397,36.09002],[136.77999,36.13419],[136.76645,36.16256],[136.79841,36.17256],[136.85182,36.2471],[136.83367,36.26583],[136.81458,36.2664],[136.7923,36.2985],[136.83237,36.30681],[136.8425,36.33272],[136.83715,36.34722],[136.8651,36.34966],[136.87122,36.36755],[136.87476,36.34279],[136.90747,36.36084],[136.94676,36.3458],[136.97329,36.30985],[136.95773,36.27794],[136.97531,36.27436],[137.0126,36.2931],[137.01974,36.31828],[137.03757,36.31744],[137.05151,36.32813],[137.05936,36.37342],[137.09488,36.38397],[137.09194,36.39654],[137.1597,36.45644],[137.19168,36.45521],[137.20563,36.4276],[137.24761,36.46196],[137.25638,36.45114],[137.27848,36.465],[137.30852,36.46378],[137.31779,36.45118],[137.30501,36.43584],[137.31862,36.42444],[137.35121,36.4329],[137.3615,36.45005],[137.38994,36.45992],[137.39522,36.4364],[137.40972,36.42468],[137.46071,36.41223],[137.47411,36.42541],[137.50424,36.42571],[137.5409,36.39144],[137.58735,36.3898],[137.58709,36.37196],[137.61865,36.36468],[137.64542,36.34172],[137.65243,36.32201],[137.64782,36.28905],[137.57306,36.21865],[137.57857,36.19754],[137.59509,36.19074],[137.59506,36.17205],[137.55472,36.1402],[137.55488,36.10553],[137.578,36.08509],[137.61395,36.07639],[137.59045,36.00666],[137.54346,35.98287],[137.52452,35.94246],[137.50356,35.93989],[137.47652,35.89417],[137.45865,35.88931],[137.43761,35.90505],[137.4194,35.90447],[137.36437,35.87887],[137.36372,35.85022],[137.33332,35.84197],[137.32499,35.81667],[137.33628,35.79883],[137.36029,35.79597],[137.32479,35.74784],[137.33102,35.71097],[137.28468,35.69121],[137.26767,35.69828],[137.24953,35.68951],[137.24319,35.67467],[137.20501,35.67748],[137.18824,35.64795],[137.17952,35.65042],[137.16971,35.63698],[137.14281,35.63193],[137.13155,35.62],[137.09412,35.6262],[137.09561,35.64056],[137.08591,35.64968],[137.10133,35.67883],[137.08244,35.67723],[137.04988,35.69874],[137.06763,35.70155],[137.0737,35.72553],[137.13196,35.74105],[137.12244,35.83493],[137.13525,35.84994],[137.16493,35.84704],[137.16404,35.86223],[137.10004,35.9273],[137.09365,35.92815],[137.09258,35.90283],[137.08461,35.89751],[137.06959,35.91734],[137.0689,35.93948],[137.04959,35.96053],[137.03933,35.9537],[137.01924,35.95937],[136.9977,35.93916],[136.99822,35.9288],[136.97767,35.9192],[136.97153,35.95682],[136.93071,36.00586],[136.90667,36.01305],[136.89595,36.02775],[136.8378,36.00144],[136.81545,36.01168],[136.79705,36.03167],[136.79631,36.05068],[136.76833,36.05749],[136.75397,36.09002]]]}},{"type":"Feature","id":"220010","properties":{"region_code":"220010","geometry_key":"220010","name_ja":"中部","name_en":"Central Region","parent_code":"220000","parent_name_ja":"静岡県","display_name_ja":"静岡県 中部","office_name_ja":null,"label_lon":138.31847489579985,"label_lat":35.13233589183798,"label_point_semantics":"OFFICIAL_SOURCE_BBOX_CENTER_DISPLAY_ONLY"},"geometry":{"type":"Polygon","coordinates":[[[137.99841,35.1557],[138.03636,35.21095],[138.03607,35.22825],[138.01233,35.24174],[138.0131,35.25886],[138.00044,35.26157],[138.01433,35.27369],[138.02606,35.32021],[138.06121,35.34715],[138.09599,35.33964],[138.0969,35.35423],[138.14159,35.36999],[138.15313,35.39724],[138.13478,35.40782],[138.1398,35.42265],[138.12035,35.4301],[138.11979,35.45339],[138.15691,35.45998],[138.16466,35.49372],[138.13952,35.50118],[138.14634,35.51851],[138.13829,35.52215],[138.15944,35.54496],[138.14139,35.55508],[138.16205,35.58129],[138.18949,35.57678],[138.20607,35.60818],[138.20337,35.63212],[138.22837,35.64596],[138.24331,35.59737],[138.24047,35.57616],[138.25956,35.5529],[138.25735,35.53085],[138.269,35.51423],[138.244,35.45861],[138.25926,35.43208],[138.25812,35.40742],[138.23202,35.37122],[138.25115,35.36379],[138.2548,35.31982],[138.28527,35.30427],[138.32584,35.32761],[138.35849,35.31757],[138.37248,35.29941],[138.36703,35.27019],[138.38615,35.24624],[138.3987,35.20027],[138.41836,35.19933],[138.43111,35.18033],[138.4779,35.17808],[138.49149,35.16838],[138.52242,35.19916],[138.51835,35.18433],[138.53858,35.15168],[138.55848,35.15931],[138.58075,35.1436],[138.59979,35.14352],[138.61124,35.12901],[138.62993,35.13368],[138.63854,35.11649],[138.57819,35.11161],[138.55613,35.10103],[138.54003,35.06393],[138.51906,35.04766],[138.52369,35.04267],[138.51109,35.04321],[138.51126,35.03541],[138.50844,35.04442],[138.50845,35.03347],[138.49299,35.02996],[138.50374,34.98568],[138.51153,34.99276],[138.5011,35.00226],[138.50405,35.01541],[138.51772,35.00795],[138.51579,35.02091],[138.53338,35.0138],[138.50747,34.97756],[138.35579,34.9137],[138.33382,34.86787],[138.3244,34.87259],[138.32396,34.8487],[138.33166,34.85395],[138.33765,34.82837],[138.30187,34.77881],[138.2887,34.78124],[138.30577,34.7775],[138.21599,34.71382],[138.1933,34.65068],[138.20688,34.62035],[138.19595,34.6188],[138.1698,34.62342],[138.16852,34.6438],[138.18347,34.66663],[138.14548,34.69778],[138.1419,34.7412],[138.13192,34.7508],[138.14274,34.77683],[138.13362,34.80682],[138.12256,34.79294],[138.1085,34.81228],[138.10073,34.81038],[138.09345,34.83939],[138.07043,34.84359],[138.07014,34.85723],[138.0476,34.85943],[138.04543,34.88134],[138.05779,34.90673],[138.03671,34.93161],[138.01206,34.94044],[138.01149,34.98111],[138.03583,34.99888],[138.01346,35.02306],[138.04734,35.03901],[138.03837,35.06729],[138.0587,35.10514],[138.0286,35.12921],[138.01131,35.12781],[137.99841,35.1557]]]}},{"type":"Feature","id":"220020","properties":{"region_code":"220020","geometry_key":"220020","name_ja":"伊豆","name_en":"Izu","parent_code":"220000","parent_name_ja":"静岡県","display_name_ja":"静岡県 伊豆","office_name_ja":null,"label_lon":138.95727245795769,"label_lat":34.877350026632485,"label_point_semantics":"OFFICIAL_SOURCE_BBOX_CENTER_DISPLAY_ONLY"},"geometry":{"type":"Polygon","coordinates":[[[138.7391,34.72523],[138.76162,34.73928],[138.75499,34.74689],[138.77641,34.75621],[138.7525,34.80054],[138.76484,34.8119],[138.75116,34.8207],[138.7606,34.82953],[138.76899,34.82274],[138.7598,34.84286],[138.77589,34.85356],[138.75286,34.86822],[138.75663,34.88551],[138.78978,34.90803],[138.77602,34.93918],[138.81607,34.94876],[138.83751,34.94343],[138.83703,34.97344],[138.90779,35.0079],[138.90623,35.05939],[138.93389,35.09112],[138.94542,35.08983],[139.01383,35.18237],[139.02912,35.1703],[139.02938,35.14998],[139.1116,35.14137],[139.0768,35.09773],[139.07967,35.06932],[139.06937,35.05373],[139.10048,35.04491],[139.10005,35.00902],[139.08293,35.00096],[139.09377,34.97789],[139.12851,34.96891],[139.13288,34.95204],[139.14676,34.95516],[139.14808,34.93037],[139.1318,34.89844],[139.14076,34.89088],[139.08281,34.85371],[139.07833,34.81952],[139.05829,34.78482],[139.04155,34.77387],[139.04827,34.76816],[139.02769,34.76721],[139.02061,34.75403],[138.99675,34.74298],[138.99833,34.72965],[138.97336,34.69096],[138.98142,34.68126],[138.97274,34.67428],[138.98578,34.66909],[138.98747,34.6582],[138.95804,34.65277],[138.95491,34.66554],[138.96413,34.67287],[138.94825,34.67381],[138.95454,34.66921],[138.91833,34.65265],[138.90773,34.63124],[138.89119,34.63488],[138.88968,34.62425],[138.84904,34.6134],[138.84341,34.60086],[138.8257,34.60581],[138.80991,34.62808],[138.7947,34.62221],[138.78982,34.63854],[138.77666,34.64004],[138.77316,34.65551],[138.79078,34.65975],[138.79038,34.6686],[138.77779,34.66709],[138.75689,34.69163],[138.73912,34.69012],[138.7391,34.72523]]]}},{"type":"Feature","id":"220030","properties":{"region_code":"220030","geometry_key":"220030","name_ja":"東部","name_en":"Eastern Region","parent_code":"220000","parent_name_ja":"静岡県","display_name_ja":"静岡県 東部","office_name_ja":null,"label_lon":138.76555209510315,"label_lat":35.19234708090312,"label_point_semantics":"OFFICIAL_SOURCE_BBOX_CENTER_DISPLAY_ONLY"},"geometry":{"type":"Polygon","coordinates":[[[138.51209,35.31356],[138.53509,35.33056],[138.53177,35.40933],[138.58189,35.44573],[138.59734,35.4327],[138.60914,35.39318],[138.6636,35.39823],[138.68054,35.35768],[138.82175,35.37409],[138.85121,35.39054],[138.87426,35.37917],[138.91536,35.40056],[138.99818,35.40257],[139.01898,35.32906],[139.00461,35.2899],[138.97547,35.26375],[138.9744,35.24814],[138.98768,35.20088],[139.01305,35.17865],[138.94542,35.08983],[138.93389,35.09112],[138.90623,35.05939],[138.90779,35.0079],[138.83703,34.97344],[138.83751,34.94343],[138.81607,34.94876],[138.77602,34.93918],[138.76218,34.97204],[138.76725,34.97771],[138.7644,34.97236],[138.7772,34.97102],[138.76883,34.98253],[138.78721,35.03015],[138.78764,35.02362],[138.82898,35.02362],[138.84497,35.01419],[138.87769,35.02789],[138.87855,35.01953],[138.88495,35.02537],[138.89137,35.01702],[138.89742,35.04385],[138.9071,35.04895],[138.88604,35.04618],[138.84027,35.09912],[138.78491,35.12393],[138.69989,35.13533],[138.7006,35.14294],[138.6856,35.14497],[138.69802,35.13445],[138.63854,35.11649],[138.62993,35.13368],[138.61124,35.12901],[138.59979,35.14352],[138.58075,35.1436],[138.55848,35.15931],[138.53858,35.15168],[138.51828,35.1846],[138.52242,35.19916],[138.53314,35.20069],[138.53228,35.22339],[138.51424,35.26223],[138.52172,35.28381],[138.51209,35.31356]]]}},{"type":"Feature","id":"220040","properties":{"region_code":"220040","geometry_key":"220040","name_ja":"西部","name_en":"Western Region","parent_code":"220000","parent_name_ja":"静岡県","display_name_ja":"静岡県 西部","office_name_ja":null,"label_lon":137.85418648466862,"label_lat":34.949690121451994,"label_point_semantics":"OFFICIAL_SOURCE_BBOX_CENTER_DISPLAY_ONLY"},"geometry":{"type":"Polygon","coordinates":[[[137.47411,34.74994],[137.47672,34.77479],[137.49294,34.78687],[137.48685,34.81141],[137.49999,34.83134],[137.55159,34.85186],[137.58725,34.84958],[137.59745,34.87245],[137.64125,34.89308],[137.65928,34.94436],[137.67582,34.94546],[137.69463,34.97026],[137.70701,34.97179],[137.70103,35.00349],[137.71714,35.03504],[137.77553,35.07761],[137.77827,35.09962],[137.79264,35.09537],[137.80109,35.10583],[137.79314,35.13522],[137.80586,35.13112],[137.81465,35.15238],[137.829,35.15196],[137.82129,35.15844],[137.82547,35.1682],[137.8032,35.18312],[137.81638,35.18799],[137.82779,35.21132],[137.84734,35.22188],[137.87355,35.21948],[137.88402,35.24994],[137.89551,35.25801],[137.91841,35.25425],[137.92925,35.27547],[137.96698,35.28285],[137.99209,35.3017],[138.01877,35.30107],[138.01433,35.27369],[138.00046,35.26137],[138.0131,35.25886],[138.01233,35.24174],[138.03607,35.22825],[138.03636,35.21095],[138.00059,35.16643],[137.99932,35.14617],[138.01131,35.12781],[138.0286,35.12921],[138.0587,35.10514],[138.03837,35.06729],[138.04734,35.03901],[138.01346,35.02306],[138.03583,34.99888],[138.01149,34.98111],[138.01206,34.94044],[138.03671,34.93161],[138.05779,34.90673],[138.04543,34.88134],[138.0476,34.85943],[138.07014,34.85723],[138.07043,34.84359],[138.09345,34.83939],[138.10073,34.81038],[138.1085,34.81228],[138.12256,34.79294],[138.13362,34.80682],[138.14274,34.77683],[138.13192,34.7508],[138.1419,34.7412],[138.14548,34.69778],[138.18347,34.66663],[138.16852,34.6438],[138.1698,34.62342],[138.20911,34.62097],[138.22038,34.60766],[138.2222,34.61454],[138.23136,34.60844],[138.23261,34.59884],[138.19179,34.60079],[138.08569,34.64055],[137.97357,34.66505],[137.89955,34.66718],[137.9075,34.66],[137.89962,34.66604],[137.8002,34.64625],[137.58208,34.6799],[137.48518,34.67355],[137.49179,34.70246],[137.47411,34.74994]]]}},{"type":"Feature","id":"230010","properties":{"region_code":"230010","geometry_key":"230010","name_ja":"西部","name_en":"Western Region","parent_code":"230000","parent_name_ja":"愛知県","display_name_ja":"愛知県 西部","office_name_ja":null,"label_lon":137.0461427371976,"label_lat":35.040650446311105,"label_point_semantics":"OFFICIAL_SOURCE_BBOX_CENTER_DISPLAY_ONLY"},"geometry":{"type":"MultiPolygon","coordinates":[[[[136.67103,35.17449],[136.68313,35.19983],[136.67843,35.24297],[136.72573,35.29561],[136.76812,35.3669],[136.83404,35.35594],[136.86493,35.37261],[136.9242,35.38005],[136.96171,35.39977],[136.96437,35.42094],[136.99309,35.42426],[136.97826,35.40318],[137.00224,35.38137],[137.04695,35.36613],[137.04718,35.33678],[137.06822,35.33568],[137.07298,35.32646],[137.06352,35.3182],[137.08184,35.30512],[137.08131,35.29219],[137.09603,35.29055],[137.10233,35.30165],[137.13171,35.29361],[137.1456,35.27983],[137.16523,35.28341],[137.17647,35.26026],[137.19996,35.25146],[137.24222,35.26446],[137.27579,35.29061],[137.30808,35.29116],[137.34497,35.2734],[137.33047,35.25459],[137.34084,35.22804],[137.32102,35.21907],[137.31404,35.20445],[137.28012,35.19757],[137.24217,35.15962],[137.27992,35.13883],[137.28614,35.12363],[137.26146,35.11645],[137.25722,35.1066],[137.24087,35.10756],[137.23672,35.09612],[137.26456,35.07639],[137.28829,35.07839],[137.30312,35.06806],[137.30052,35.05766],[137.27087,35.05004],[137.26842,35.0303],[137.2834,35.02005],[137.34556,35.0092],[137.37147,35.01512],[137.37507,34.99794],[137.40556,34.97879],[137.39054,34.9653],[137.40799,34.95839],[137.40203,34.94815],[137.41271,34.94286],[137.42076,34.90993],[137.40324,34.90258],[137.39425,34.88331],[137.37552,34.89373],[137.36095,34.88577],[137.34987,34.89827],[137.30347,34.87774],[137.29684,34.88629],[137.2661,34.8844],[137.25543,34.86043],[137.2112,34.86746],[137.1929,34.84848],[137.1996,34.82517],[137.18781,34.81888],[137.17849,34.82623],[137.16369,34.81496],[137.17106,34.81195],[137.16831,34.78495],[137.13875,34.78929],[137.13002,34.78193],[137.10677,34.79125],[137.08834,34.77508],[137.07626,34.78706],[137.02989,34.77497],[137.00048,34.80421],[137.00152,34.8132],[136.96442,34.82276],[136.95674,34.83329],[136.95422,34.84833],[136.96504,34.85223],[136.95529,34.85484],[136.98383,34.89326],[136.97689,34.89776],[136.98104,34.95685],[136.95718,34.88111],[136.96419,34.87652],[136.95876,34.87108],[136.94416,34.88089],[136.93424,34.87461],[136.94601,34.87416],[136.93972,34.86144],[136.9277,34.86495],[136.9366,34.8561],[136.9349,34.84849],[136.92622,34.85146],[136.9354,34.83004],[136.92207,34.82772],[136.93805,34.82087],[136.92006,34.81115],[136.9145,34.77304],[136.96659,34.73207],[136.96207,34.72047],[136.97289,34.7174],[136.96769,34.70979],[136.97781,34.70176],[136.97221,34.69472],[136.93566,34.7082],[136.92984,34.70308],[136.8591,34.73847],[136.84028,34.7639],[136.86653,34.83917],[136.83793,34.88439],[136.83042,34.87186],[136.82074,34.88648],[136.82889,34.96137],[136.82013,34.96644],[136.83867,34.98005],[136.82539,34.99391],[136.83774,34.9867],[136.85456,35.00263],[136.84384,35.00474],[136.84944,35.01092],[136.86756,35.00523],[136.87058,35.01262],[136.85201,35.0164],[136.86909,35.04165],[136.88926,35.04225],[136.87922,35.04739],[136.8966,35.08498],[136.88821,35.09366],[136.86854,35.08821],[136.8626,35.0698],[136.85509,35.07758],[136.85548,35.05659],[136.8426,35.05928],[136.84734,35.08305],[136.82754,35.08245],[136.81866,35.06456],[136.83361,35.06393],[136.83008,35.05025],[136.79693,35.05149],[136.80046,35.02901],[136.78075,35.03351],[136.79693,35.01246],[136.77062,35.02144],[136.75014,35.08025],[136.69507,35.1247],[136.67639,35.12887],[136.67103,35.17449]]],[[[136.79843,34.87578],[136.8222,34.86307],[136.82447,34.84874],[136.81265,34.84675],[136.81418,34.84016],[136.80697,34.84019],[136.79843,34.87578]]],[[[136.80784,35.04851],[136.8309,35.04937],[136.83897,35.0302],[136.81236,35.02567],[136.80784,35.04851]]],[[[136.80022,35.00361],[136.82168,35.01764],[136.81976,34.99759],[136.80022,35.00361]]],[[[136.86525,35.05001],[136.86946,35.06806],[136.88131,35.07156],[136.87645,35.05366],[136.86525,35.05001]]],[[[136.83798,35.05184],[136.85496,35.05531],[136.84584,35.03388],[136.83798,35.05184]]],[[[137.03033,34.72781],[137.03885,34.73325],[137.0563,34.72225],[137.04697,34.7137],[137.04478,34.72603],[137.03703,34.72031],[137.03033,34.72781]]]]}},{"type":"Feature","id":"230020","properties":{"region_code":"230020","geometry_key":"230020","name_ja":"東部","name_en":"Eastern Region","parent_code":"230000","parent_name_ja":"愛知県","display_name_ja":"愛知県 東部","office_name_ja":null,"label_lon":137.42618658234494,"label_lat":34.93184839223957,"label_point_semantics":"OFFICIAL_SOURCE_BBOX_CENTER_DISPLAY_ONLY"},"geometry":{"type":"Polygon","coordinates":[[[137.01514,34.58044],[137.06832,34.66123],[137.09138,34.65792],[137.08508,34.64718],[137.10643,34.64272],[137.10256,34.63281],[137.11926,34.63431],[137.14081,34.64557],[137.12683,34.65495],[137.16273,34.65495],[137.20718,34.67827],[137.22523,34.67646],[137.23267,34.68898],[137.24347,34.68886],[137.23267,34.69914],[137.24548,34.70938],[137.26068,34.69583],[137.26691,34.70862],[137.25847,34.71567],[137.28483,34.73095],[137.30093,34.72807],[137.30088,34.69378],[137.29046,34.69373],[137.28702,34.67956],[137.30732,34.67976],[137.31583,34.68851],[137.31146,34.69627],[137.32297,34.69438],[137.32506,34.70236],[137.30848,34.70211],[137.30834,34.72498],[137.32811,34.72745],[137.33292,34.71898],[137.35176,34.72746],[137.32031,34.73283],[137.32057,34.77023],[137.33104,34.78051],[137.30857,34.77877],[137.30333,34.79298],[137.3168,34.79668],[137.30659,34.80808],[137.28864,34.81293],[137.29353,34.80483],[137.27674,34.8101],[137.28096,34.80367],[137.27304,34.80158],[137.21607,34.82319],[137.22357,34.81555],[137.21445,34.81588],[137.21559,34.80478],[137.19344,34.80885],[137.18951,34.77591],[137.17147,34.76492],[137.16745,34.77198],[137.17829,34.77851],[137.16835,34.78718],[137.17106,34.81195],[137.16369,34.81496],[137.17849,34.82623],[137.18781,34.81888],[137.1996,34.82517],[137.1929,34.84848],[137.21136,34.86753],[137.25543,34.86043],[137.2661,34.8844],[137.29684,34.88629],[137.30347,34.87774],[137.34987,34.89827],[137.36095,34.88577],[137.37552,34.89373],[137.39425,34.88331],[137.40324,34.90258],[137.42076,34.90993],[137.41271,34.94286],[137.40203,34.94815],[137.40799,34.95839],[137.39054,34.9653],[137.40556,34.97879],[137.37507,34.99794],[137.37147,35.01512],[137.34556,35.0092],[137.2834,35.02005],[137.26842,35.0303],[137.27087,35.05004],[137.30052,35.05766],[137.30312,35.06806],[137.28829,35.07839],[137.26456,35.07639],[137.23672,35.09612],[137.24087,35.10756],[137.25722,35.1066],[137.26146,35.11645],[137.28614,35.12363],[137.27992,35.13883],[137.24217,35.15962],[137.28012,35.19757],[137.31404,35.20445],[137.32102,35.21907],[137.34017,35.22733],[137.33047,35.25459],[137.336,35.25969],[137.38318,35.26021],[137.38702,35.24088],[137.41708,35.24032],[137.42981,35.22288],[137.52068,35.27348],[137.51894,35.28333],[137.56152,35.28315],[137.56579,35.29016],[137.57075,35.28273],[137.55576,35.27455],[137.54601,35.25168],[137.57873,35.21944],[137.57874,35.19843],[137.61486,35.21046],[137.64458,35.20899],[137.65398,35.22678],[137.68154,35.23523],[137.72164,35.23085],[137.72318,35.22163],[137.75957,35.2221],[137.77395,35.20325],[137.83812,35.21247],[137.80323,35.18352],[137.82547,35.1682],[137.82129,35.15844],[137.82913,35.15226],[137.81465,35.15238],[137.80586,35.13112],[137.79284,35.13476],[137.80118,35.10596],[137.79264,35.09537],[137.77827,35.09962],[137.77553,35.07761],[137.71714,35.03504],[137.70103,35.00349],[137.70712,34.97195],[137.69463,34.97026],[137.67582,34.94546],[137.65813,34.943],[137.64125,34.89308],[137.59745,34.87245],[137.58725,34.84958],[137.55159,34.85186],[137.50267,34.8335],[137.48701,34.81175],[137.49294,34.78687],[137.47672,34.77479],[137.47411,34.74994],[137.49179,34.70246],[137.48496,34.67411],[137.30822,34.63958],[137.14291,34.59003],[137.01514,34.58044]]]}},{"type":"Feature","id":"240010","properties":{"region_code":"240010","geometry_key":"240010","name_ja":"北中部","name_en":"Northern Central Region","parent_code":"240000","parent_name_ja":"三重県","display_name_ja":"三重県 北中部","office_name_ja":null,"label_lon":136.3963280545961,"label_lat":34.78547214822112,"label_point_semantics":"OFFICIAL_SOURCE_BBOX_CENTER_DISPLAY_ONLY"},"geometry":{"type":"MultiPolygon","coordinates":[[[[136.01995,34.78649],[136.09062,34.81223],[136.08605,34.8376],[136.10447,34.84058],[136.10707,34.85256],[136.12641,34.86185],[136.12399,34.87249],[136.08562,34.87725],[136.08748,34.89062],[136.11085,34.90186],[136.13122,34.88311],[136.17855,34.88712],[136.19807,34.86986],[136.25068,34.85773],[136.36603,34.9049],[136.37269,34.94226],[136.39511,34.95164],[136.4158,34.98053],[136.42447,35.0294],[136.41777,35.04947],[136.44156,35.0663],[136.43527,35.08249],[136.44805,35.12372],[136.43558,35.13078],[136.45454,35.16246],[136.40865,35.18718],[136.41545,35.21962],[136.4306,35.22939],[136.44222,35.21707],[136.46166,35.23623],[136.50598,35.23506],[136.51601,35.25389],[136.53417,35.25709],[136.55044,35.23306],[136.54737,35.22032],[136.55699,35.22063],[136.55984,35.20658],[136.6023,35.17804],[136.61585,35.14969],[136.64522,35.14457],[136.64485,35.16325],[136.65224,35.16312],[136.66963,35.13373],[136.69507,35.1247],[136.75014,35.08025],[136.7534,35.05302],[136.77271,35.02439],[136.76348,35.02112],[136.7495,35.03652],[136.69768,35.02034],[136.7,35.00721],[136.67593,35.0093],[136.65573,34.99792],[136.64614,34.95909],[136.6378,34.95964],[136.64487,34.95397],[136.63384,34.94891],[136.64111,34.93875],[136.64847,34.94684],[136.66687,34.937],[136.64555,34.93424],[136.64696,34.9035],[136.6368,34.88569],[136.54804,34.77982],[136.52883,34.73725],[136.52209,34.68774],[136.55766,34.67138],[136.54846,34.66626],[136.54482,34.62161],[136.52712,34.61051],[136.54877,34.60693],[136.56136,34.61653],[136.56491,34.60768],[136.64787,34.58891],[136.66045,34.5663],[136.64542,34.53631],[136.66129,34.521],[136.61383,34.51763],[136.61295,34.50759],[136.60006,34.50577],[136.57917,34.48054],[136.57849,34.45153],[136.55029,34.44965],[136.54784,34.45966],[136.50628,34.45461],[136.4987,34.43927],[136.46888,34.43572],[136.45268,34.42041],[136.39844,34.41604],[136.37722,34.40278],[136.27301,34.40676],[136.25657,34.38503],[136.27115,34.36858],[136.2527,34.35501],[136.19525,34.34558],[136.18624,34.34005],[136.18844,34.32459],[136.16614,34.3242],[136.15828,34.31345],[136.13286,34.31494],[136.10898,34.32931],[136.08629,34.37938],[136.06914,34.39426],[136.0959,34.43522],[136.15843,34.44908],[136.20625,34.44868],[136.21556,34.48115],[136.22978,34.49329],[136.21467,34.50131],[136.21521,34.52896],[136.16752,34.51998],[136.171,34.53745],[136.1555,34.55973],[136.13806,34.56096],[136.11428,34.54589],[136.11015,34.55671],[136.08362,34.55911],[136.04981,34.58021],[136.04657,34.60056],[136.07357,34.63481],[136.06485,34.65156],[136.03955,34.6614],[136.06441,34.65193],[136.08646,34.67535],[136.07493,34.69786],[136.05377,34.70437],[136.07011,34.7125],[136.0681,34.72379],[136.0286,34.75746],[136.03358,34.77944],[136.01995,34.78649]]],[[[136.65013,34.97735],[136.65237,34.99296],[136.6753,35.00203],[136.66129,34.99347],[136.67758,34.98702],[136.66562,34.97294],[136.65013,34.97735]]]]}},{"type":"Feature","id":"240020","properties":{"region_code":"240020","geometry_key":"240020","name_ja":"南部","name_en":"Southern Region","parent_code":"240000","parent_name_ja":"三重県","display_name_ja":"三重県 南部","office_name_ja":null,"label_lon":136.4216339297122,"label_lat":34.144581166687544,"label_point_semantics":"OFFICIAL_SOURCE_BBOX_CENTER_DISPLAY_ONLY"},"geometry":{"type":"MultiPolygon","coordinates":[[[[135.85318,33.85945],[135.86212,33.87655],[135.86147,33.86406],[135.87138,33.85907],[135.8786,33.87195],[135.89772,33.86985],[135.90147,33.88517],[135.89234,33.89394],[135.89291,33.88196],[135.88607,33.88309],[135.87892,33.90876],[135.89558,33.90664],[135.89435,33.92059],[135.93325,33.91719],[135.91737,33.92354],[135.9216,33.93419],[135.93137,33.93341],[135.9291,33.94142],[135.96696,33.92785],[135.97717,33.96661],[135.99953,33.95574],[136.01194,33.9668],[135.99529,34.001],[136.00464,34.00226],[136.01937,34.03668],[136.03173,34.03187],[136.04346,34.04068],[136.05252,34.03213],[136.10414,34.02587],[136.09203,34.04834],[136.09329,34.08276],[136.11865,34.08232],[136.10226,34.09614],[136.10787,34.1032],[136.0994,34.11885],[136.11469,34.16082],[136.1045,34.17341],[136.10901,34.185],[136.09265,34.19018],[136.11825,34.21428],[136.10969,34.2281],[136.13185,34.2519],[136.09502,34.30177],[136.18844,34.32459],[136.18629,34.34012],[136.20752,34.35013],[136.25292,34.35508],[136.27115,34.36858],[136.25657,34.38503],[136.27301,34.40676],[136.37722,34.40278],[136.39844,34.41604],[136.45268,34.42041],[136.46888,34.43572],[136.4987,34.43927],[136.50628,34.45461],[136.54784,34.45966],[136.55029,34.44965],[136.57885,34.45165],[136.57917,34.48054],[136.60006,34.50577],[136.61295,34.50759],[136.61383,34.51763],[136.66129,34.521],[136.64542,34.53631],[136.66045,34.5663],[136.69425,34.54703],[136.71817,34.54564],[136.77313,34.50994],[136.81002,34.5081],[136.81613,34.48441],[136.8284,34.48688],[136.82299,34.50421],[136.83278,34.50597],[136.84731,34.48052],[136.87735,34.47432],[136.86424,34.46075],[136.88481,34.4499],[136.8758,34.42874],[136.89096,34.43491],[136.88271,34.43998],[136.89963,34.44778],[136.89711,34.45369],[136.91114,34.45569],[136.9248,34.44385],[136.91889,34.42621],[136.92861,34.41357],[136.90939,34.39839],[136.9128,34.37595],[136.89984,34.3764],[136.89637,34.38944],[136.88702,34.38336],[136.88877,34.39163],[136.88049,34.38016],[136.86977,34.38691],[136.87698,34.37122],[136.86643,34.37501],[136.87153,34.37054],[136.85776,34.36375],[136.8469,34.37265],[136.83361,34.36151],[136.81257,34.36815],[136.82657,34.35266],[136.84666,34.37028],[136.85008,34.35633],[136.8643,34.36448],[136.8668,34.34269],[136.89177,34.36574],[136.90935,34.36514],[136.87777,34.33526],[136.89269,34.31556],[136.88416,34.29867],[136.90185,34.27842],[136.86982,34.27338],[136.87262,34.26496],[136.85206,34.26112],[136.84781,34.24654],[136.76537,34.2598],[136.74995,34.27001],[136.78478,34.27881],[136.81374,34.27219],[136.81191,34.26309],[136.81772,34.27381],[136.82729,34.27224],[136.8303,34.25877],[136.82984,34.2665],[136.8353,34.25877],[136.84935,34.27342],[136.84885,34.26346],[136.85936,34.26544],[136.85221,34.26976],[136.8627,34.27051],[136.85253,34.27631],[136.85938,34.27996],[136.8446,34.28154],[136.84329,34.27129],[136.83008,34.27542],[136.82789,34.28533],[136.83846,34.28499],[136.83367,34.29171],[136.8669,34.28674],[136.84771,34.29122],[136.85127,34.30171],[136.84233,34.29457],[136.82687,34.30096],[136.84804,34.30391],[136.84009,34.30996],[136.84782,34.31434],[136.8056,34.3083],[136.81103,34.32803],[136.79205,34.30946],[136.81158,34.29851],[136.7987,34.29004],[136.77778,34.29198],[136.78463,34.29919],[136.77314,34.29574],[136.782,34.30568],[136.77206,34.30868],[136.77804,34.31486],[136.76898,34.3094],[136.76238,34.31594],[136.76541,34.30509],[136.75203,34.29879],[136.7655,34.291],[136.7211,34.30435],[136.6877,34.28402],[136.68269,34.29418],[136.69075,34.29361],[136.69804,34.32409],[136.70938,34.31723],[136.70418,34.32919],[136.71333,34.33115],[136.71667,34.32222],[136.71532,34.33104],[136.73,34.33385],[136.71323,34.3472],[136.7063,34.33627],[136.70783,34.34889],[136.69847,34.34945],[136.68336,34.3237],[136.68817,34.3361],[136.67827,34.33742],[136.69115,34.34541],[136.65692,34.34228],[136.67104,34.33706],[136.66455,34.32923],[136.67269,34.32421],[136.65839,34.32819],[136.66004,34.31994],[136.65113,34.32327],[136.63688,34.30881],[136.67741,34.31551],[136.65011,34.29243],[136.66015,34.28895],[136.63628,34.2852],[136.63588,34.27631],[136.61822,34.27316],[136.60511,34.25849],[136.58592,34.25734],[136.57957,34.27518],[136.59032,34.27164],[136.57117,34.27563],[136.58103,34.28591],[136.58015,34.27911],[136.59566,34.28139],[136.59129,34.29536],[136.55875,34.28526],[136.55995,34.27529],[136.54925,34.28292],[136.55853,34.26738],[136.54823,34.24987],[136.53735,34.25641],[136.54115,34.27845],[136.52681,34.25995],[136.53074,34.27317],[136.52268,34.26665],[136.50595,34.2791],[136.50836,34.25235],[136.51924,34.24072],[136.50077,34.25934],[136.48986,34.25427],[136.50483,34.24311],[136.48471,34.23956],[136.50637,34.23728],[136.50822,34.22926],[136.48113,34.21987],[136.48326,34.22771],[136.46012,34.23812],[136.4737,34.24857],[136.46615,34.25708],[136.45634,34.24582],[136.4399,34.2474],[136.45536,34.24274],[136.45225,34.22829],[136.46021,34.22459],[136.45263,34.21964],[136.42968,34.21972],[136.39847,34.2028],[136.39079,34.21244],[136.40016,34.21898],[136.39072,34.21926],[136.36409,34.18921],[136.35814,34.19907],[136.34954,34.1946],[136.34875,34.20451],[136.36013,34.20781],[136.35291,34.21216],[136.32188,34.19622],[136.34124,34.19999],[136.33614,34.18254],[136.30375,34.18012],[136.28882,34.15688],[136.27761,34.16074],[136.28642,34.14975],[136.27701,34.13642],[136.29283,34.1271],[136.28405,34.11803],[136.31568,34.1155],[136.29789,34.08682],[136.29013,34.09697],[136.26703,34.0816],[136.2728,34.08427],[136.26475,34.09755],[136.27363,34.10223],[136.25933,34.09889],[136.25721,34.0875],[136.24956,34.09423],[136.24807,34.10296],[136.27573,34.12162],[136.26821,34.12912],[136.22821,34.10054],[136.23565,34.08593],[136.20084,34.076],[136.21087,34.06306],[136.25267,34.06176],[136.24309,34.05951],[136.24436,34.03845],[136.28168,34.02235],[136.26344,34.01062],[136.24204,34.01478],[136.27288,34.00482],[136.26575,33.99337],[136.25692,33.99786],[136.26021,33.98843],[136.27307,33.98791],[136.27215,33.97256],[136.25348,33.96432],[136.24903,33.97268],[136.23772,33.96927],[136.23624,33.98164],[136.25156,33.98519],[136.21072,33.99957],[136.2155,33.9833],[136.19172,33.97109],[136.20272,33.96317],[136.22162,33.97453],[136.21651,33.96537],[136.22488,33.96683],[136.23174,33.94623],[136.21735,33.94758],[136.21304,33.93098],[136.20094,33.94486],[136.1821,33.93962],[136.19754,33.93533],[136.19918,33.9202],[136.17982,33.91281],[136.16976,33.91335],[136.1724,33.92605],[136.15039,33.93138],[136.15205,33.91258],[136.13871,33.90854],[136.14928,33.89732],[136.13414,33.89904],[136.13877,33.89159],[136.13047,33.88507],[136.11901,33.89931],[136.09773,33.88227],[136.04593,33.80562],[136.01196,33.72334],[135.98089,33.73679],[135.97227,33.73437],[135.97479,33.72286],[135.94223,33.73456],[135.93868,33.75684],[135.90691,33.7671],[135.8924,33.80035],[135.85689,33.81766],[135.86059,33.84896],[135.85318,33.85945]]],[[[136.846,34.50781],[136.87949,34.52658],[136.86875,34.52931],[136.89821,34.53892],[136.90488,34.5317],[136.90398,34.51957],[136.846,34.50781]]],[[[136.87211,34.48596],[136.90951,34.50131],[136.88814,34.47671],[136.87211,34.48596]]]]}},{"type":"Feature","id":"250010","properties":{"region_code":"250010","geometry_key":"250010","name_ja":"南部","name_en":"Southern Region","parent_code":"250000","parent_name_ja":"滋賀県","display_name_ja":"滋賀県 南部","office_name_ja":null,"label_lon":136.134897918754,"label_lat":35.02572277503609,"label_point_semantics":"OFFICIAL_SOURCE_BBOX_CENTER_DISPLAY_ONLY"},"geometry":{"type":"Polygon","coordinates":[[[135.81476,35.0452],[135.83485,35.05555],[135.83505,35.09133],[135.85017,35.12344],[135.89883,35.11924],[135.89263,35.14294],[135.91048,35.14863],[135.91652,35.13851],[135.94025,35.13752],[135.95931,35.14721],[135.97256,35.18098],[135.99585,35.19021],[136.0163,35.23128],[136.07118,35.2595],[136.0837,35.25885],[136.11212,35.21644],[136.19197,35.18998],[136.20426,35.14805],[136.21435,35.14477],[136.22698,35.14351],[136.23325,35.15966],[136.24683,35.151],[136.25876,35.1592],[136.30356,35.15772],[136.32147,35.14622],[136.31893,35.13862],[136.33364,35.14344],[136.35472,35.1311],[136.39118,35.15093],[136.37448,35.17722],[136.38908,35.1968],[136.45461,35.16206],[136.43558,35.13078],[136.44805,35.12372],[136.43529,35.08271],[136.44099,35.06454],[136.41586,35.04143],[136.42447,35.0294],[136.4158,34.98053],[136.39511,34.95164],[136.37269,34.94226],[136.36603,34.9049],[136.25068,34.85773],[136.19807,34.86986],[136.17855,34.88712],[136.13122,34.88311],[136.11085,34.90186],[136.08748,34.89062],[136.08562,34.87725],[136.12399,34.87249],[136.12641,34.86185],[136.10707,34.85256],[136.10447,34.84058],[136.08605,34.8376],[136.09062,34.81223],[136.02811,34.79059],[136.01125,34.79586],[136.02903,34.81739],[136.01761,34.82841],[136.0055,34.82641],[136.00443,34.84402],[135.96987,34.83778],[135.9614,34.85466],[135.94619,34.85178],[135.94101,34.89368],[135.89789,34.87127],[135.86664,34.89214],[135.86293,34.90339],[135.87875,34.94705],[135.85244,34.97079],[135.84927,34.99173],[135.8269,34.9912],[135.83656,35.00123],[135.82024,35.01519],[135.83546,35.01233],[135.83452,35.02208],[135.81476,35.0452]]]}},{"type":"Feature","id":"250020","properties":{"region_code":"250020","geometry_key":"250020","name_ja":"北部","name_en":"Northern Region","parent_code":"250000","parent_name_ja":"滋賀県","display_name_ja":"滋賀県 北部","office_name_ja":null,"label_lon":136.10404215327287,"label_lat":35.41143796129293,"label_point_semantics":"OFFICIAL_SOURCE_BBOX_CENTER_DISPLAY_ONLY"},"geometry":{"type":"Polygon","coordinates":[[[135.76373,35.34542],[135.79089,35.38664],[135.80753,35.38536],[135.81366,35.4133],[135.8532,35.41154],[135.86469,35.3944],[135.89057,35.40318],[135.89298,35.41985],[135.91416,35.43211],[135.91594,35.4709],[135.93965,35.52054],[135.98116,35.48656],[136.00434,35.49097],[136.02653,35.5295],[136.04862,35.53451],[136.06944,35.52627],[136.08291,35.54058],[136.10645,35.52899],[136.11384,35.5829],[136.16983,35.56594],[136.16638,35.58248],[136.17681,35.59845],[136.15016,35.65938],[136.13447,35.66945],[136.15038,35.69777],[136.16793,35.70341],[136.19109,35.70246],[136.21261,35.6817],[136.26936,35.66873],[136.28058,35.66119],[136.27916,35.63669],[136.28856,35.62059],[136.32171,35.61868],[136.31498,35.60593],[136.32445,35.58418],[136.31781,35.54714],[136.33732,35.55025],[136.34598,35.53613],[136.3728,35.55972],[136.38425,35.53309],[136.3994,35.53127],[136.40568,35.51346],[136.38672,35.48881],[136.40162,35.47002],[136.42054,35.46596],[136.42622,35.4484],[136.41181,35.4186],[136.44435,35.38943],[136.41197,35.37006],[136.41056,35.35254],[136.42233,35.34839],[136.40685,35.30526],[136.39103,35.28997],[136.39696,35.25773],[136.37727,35.24327],[136.41556,35.21741],[136.418,35.20378],[136.40865,35.18718],[136.38908,35.1968],[136.37646,35.18602],[136.37592,35.16951],[136.39135,35.15131],[136.35472,35.1311],[136.33364,35.14344],[136.31893,35.13862],[136.32147,35.14622],[136.30356,35.15772],[136.25876,35.1592],[136.24683,35.151],[136.23325,35.15966],[136.22698,35.14351],[136.20426,35.14805],[136.19197,35.18998],[136.11212,35.21644],[136.07891,35.26087],[136.0163,35.23128],[135.99585,35.19021],[135.97256,35.18098],[135.95931,35.14721],[135.94025,35.13752],[135.91652,35.13851],[135.91048,35.14863],[135.89263,35.14294],[135.89883,35.11924],[135.85017,35.12344],[135.85686,35.15697],[135.84539,35.16536],[135.82931,35.22035],[135.85843,35.28923],[135.82962,35.27674],[135.80929,35.31643],[135.76373,35.34542]]]}},{"type":"Feature","id":"260010","properties":{"region_code":"260010","geometry_key":"260010","name_ja":"南部","name_en":"Southern Region","parent_code":"260000","parent_name_ja":"京都府","display_name_ja":"京都府 南部","office_name_ja":null,"label_lon":135.66692625189506,"label_lat":35.04181109965256,"label_point_semantics":"OFFICIAL_SOURCE_BBOX_CENTER_DISPLAY_ONLY"},"geometry":{"type":"Polygon","coordinates":[[[135.27838,35.15102],[135.29223,35.16108],[135.28343,35.19832],[135.29385,35.19835],[135.29999,35.21052],[135.28875,35.23462],[135.32418,35.25461],[135.31863,35.27385],[135.33225,35.27104],[135.36725,35.292],[135.38461,35.31494],[135.42854,35.3423],[135.45533,35.34854],[135.4981,35.34215],[135.50589,35.34959],[135.50032,35.36014],[135.5345,35.37744],[135.64206,35.36691],[135.70088,35.34368],[135.71839,35.35542],[135.76879,35.35601],[135.76407,35.34456],[135.80929,35.31643],[135.82962,35.27674],[135.85708,35.28904],[135.86076,35.28296],[135.82931,35.22035],[135.84531,35.16554],[135.85676,35.15362],[135.83505,35.09133],[135.83485,35.05555],[135.81476,35.0452],[135.83452,35.02208],[135.83546,35.01233],[135.82024,35.01519],[135.83656,35.00123],[135.8269,34.9912],[135.84927,34.99173],[135.85244,34.97079],[135.87875,34.94705],[135.86293,34.90339],[135.86664,34.89214],[135.89789,34.87127],[135.94101,34.89368],[135.94635,34.85163],[135.9614,34.85466],[135.96987,34.83778],[136.00443,34.84402],[136.0055,34.82641],[136.02835,34.82009],[136.01016,34.79965],[136.03358,34.77944],[136.0286,34.75746],[136.05548,34.73856],[136.043,34.73611],[136.0276,34.70606],[136.00932,34.71661],[135.98626,34.7152],[135.98371,34.73441],[135.95492,34.74829],[135.9429,34.73749],[135.92557,34.74034],[135.92512,34.75774],[135.89739,34.73087],[135.89007,34.70828],[135.87614,34.71388],[135.84902,34.70597],[135.75551,34.72753],[135.75696,34.73612],[135.7332,34.75488],[135.72863,34.778],[135.74602,34.80364],[135.70772,34.84927],[135.69491,34.84828],[135.67577,34.8993],[135.6485,34.90955],[135.64947,34.92513],[135.63281,34.93471],[135.59932,34.92829],[135.61871,34.95814],[135.61326,34.9712],[135.59236,34.96604],[135.58255,34.97676],[135.57093,34.96979],[135.57858,34.95589],[135.56313,34.95366],[135.55719,34.93869],[135.58119,34.93696],[135.57245,34.91641],[135.54131,34.91523],[135.51459,34.94412],[135.49042,34.94179],[135.48117,34.9624],[135.49092,34.96802],[135.48316,34.98187],[135.49306,34.98907],[135.44018,35.00769],[135.42101,35.00216],[135.40977,35.01153],[135.38158,35.01031],[135.3801,35.039],[135.36873,35.05489],[135.40435,35.08885],[135.38803,35.09713],[135.38981,35.12877],[135.34247,35.13587],[135.34046,35.15009],[135.29375,35.14157],[135.27838,35.15102]]]}},{"type":"Feature","id":"260020","properties":{"region_code":"260020","geometry_key":"260020","name_ja":"北部","name_en":"Northern Region","parent_code":"260000","parent_name_ja":"京都府","display_name_ja":"京都府 北部","office_name_ja":null,"label_lon":135.19424783382055,"label_lat":35.46993634633537,"label_point_semantics":"OFFICIAL_SOURCE_BBOX_CENTER_DISPLAY_ONLY"},"geometry":{"type":"Polygon","coordinates":[[[134.85373,35.58908],[134.87388,35.62093],[134.8641,35.65166],[134.87009,35.6598],[134.88562,35.65674],[134.88437,35.64618],[134.93141,35.64834],[134.96337,35.66243],[134.98571,35.6928],[135.02557,35.68951],[135.03256,35.70094],[135.06171,35.70788],[135.08533,35.72585],[135.08576,35.73987],[135.12435,35.74569],[135.13859,35.75765],[135.14626,35.74978],[135.18631,35.76631],[135.20691,35.76388],[135.22398,35.77915],[135.24669,35.75724],[135.25515,35.75899],[135.25697,35.74449],[135.2746,35.74274],[135.27345,35.73095],[135.28887,35.7244],[135.28598,35.70532],[135.30864,35.69359],[135.29845,35.67946],[135.3029,35.66225],[135.28772,35.66461],[135.29501,35.67112],[135.2874,35.67583],[135.266,35.66557],[135.24463,35.62045],[135.19274,35.57099],[135.18659,35.55798],[135.19249,35.54019],[135.20909,35.54308],[135.20417,35.55954],[135.22671,35.56925],[135.22801,35.58556],[135.23776,35.58157],[135.25615,35.5985],[135.25629,35.58824],[135.24747,35.58692],[135.25069,35.57083],[135.27484,35.56018],[135.25382,35.55246],[135.24247,35.56021],[135.24182,35.53807],[135.26911,35.53349],[135.28966,35.51591],[135.31066,35.5123],[135.32337,35.52584],[135.33182,35.51602],[135.33209,35.49517],[135.31091,35.45807],[135.31671,35.45115],[135.34751,35.47526],[135.34897,35.48167],[135.34079,35.47985],[135.34744,35.49446],[135.3795,35.49046],[135.37185,35.47687],[135.39822,35.47889],[135.3951,35.51687],[135.38004,35.50239],[135.3435,35.5041],[135.34975,35.51919],[135.33735,35.52614],[135.34069,35.55028],[135.3482,35.54294],[135.37937,35.56204],[135.39013,35.55655],[135.39856,35.56666],[135.42679,35.56651],[135.4341,35.59081],[135.46273,35.60372],[135.46312,35.59259],[135.45176,35.59077],[135.45118,35.56872],[135.46508,35.5712],[135.47331,35.55704],[135.4866,35.55794],[135.46048,35.54846],[135.44944,35.52605],[135.47622,35.50549],[135.47621,35.48945],[135.45838,35.46818],[135.49794,35.43742],[135.50205,35.42003],[135.52579,35.42042],[135.5344,35.37125],[135.50032,35.36014],[135.50589,35.34959],[135.4981,35.34215],[135.45533,35.34854],[135.42854,35.3423],[135.38461,35.31494],[135.36725,35.292],[135.33225,35.27104],[135.31863,35.27385],[135.32418,35.25461],[135.28875,35.23462],[135.29999,35.21052],[135.29385,35.19835],[135.28343,35.19832],[135.28932,35.17242],[135.23219,35.1775],[135.22801,35.16533],[135.20621,35.16068],[135.18687,35.17317],[135.19706,35.20302],[135.15478,35.2265],[135.16686,35.24034],[135.15753,35.26109],[135.10877,35.26628],[135.06787,35.23735],[135.05679,35.2646],[135.01085,35.26958],[135.01173,35.28112],[134.99912,35.29094],[134.9216,35.31513],[134.92805,35.33044],[134.91715,35.34029],[134.91893,35.36451],[134.93357,35.40707],[134.95955,35.40897],[134.99108,35.38564],[135.01924,35.39412],[135.03003,35.4101],[135.04917,35.40774],[135.05183,35.44254],[135.0351,35.47663],[135.0427,35.49227],[135.03216,35.49716],[135.04511,35.50854],[135.0435,35.51836],[135.03003,35.54027],[134.99313,35.5342],[134.96055,35.51293],[134.9269,35.51253],[134.91457,35.54531],[134.85373,35.58908]]]}},{"type":"Feature","id":"270000","properties":{"region_code":"270000","geometry_key":"270000","name_ja":"大阪府","name_en":"Osaka Prefecture","parent_code":"270000","parent_name_ja":"大阪府","display_name_ja":"大阪府 大阪府","office_name_ja":null,"label_lon":135.41895055752224,"label_lat":34.661556801904936,"label_point_semantics":"OFFICIAL_SOURCE_BBOX_CENTER_DISPLAY_ONLY"},"geometry":{"type":"MultiPolygon","coordinates":[[[[135.09188,34.31437],[135.13056,34.32617],[135.14015,34.3177],[135.18009,34.34078],[135.21875,34.34497],[135.24883,34.377],[135.28789,34.39592],[135.29453,34.41507],[135.31965,34.42094],[135.31377,34.42665],[135.32546,34.42675],[135.32108,34.43314],[135.34674,34.44826],[135.35136,34.46278],[135.35344,34.45084],[135.3608,34.46155],[135.35291,34.46243],[135.37222,34.47167],[135.36522,34.48007],[135.37709,34.4753],[135.36971,34.49012],[135.37865,34.51089],[135.36716,34.51704],[135.37899,34.53294],[135.39009,34.50548],[135.40204,34.51857],[135.40992,34.51362],[135.41036,34.52291],[135.41863,34.51927],[135.4442,34.55247],[135.4312,34.56076],[135.40924,34.55782],[135.40216,34.60002],[135.41575,34.59376],[135.42082,34.56968],[135.42943,34.5707],[135.42619,34.58962],[135.45237,34.5648],[135.45761,34.57572],[135.45011,34.58373],[135.46641,34.58457],[135.44929,34.58705],[135.46233,34.58738],[135.4606,34.59486],[135.42555,34.59334],[135.42359,34.60503],[135.4454,34.59818],[135.42343,34.61898],[135.43296,34.61302],[135.43099,34.62258],[135.4413,34.62618],[135.44716,34.6147],[135.45079,34.64533],[135.42612,34.64992],[135.42046,34.6602],[135.41431,34.65167],[135.42627,34.66782],[135.41728,34.66371],[135.41667,34.67321],[135.40677,34.67384],[135.42226,34.67963],[135.40858,34.69878],[135.44617,34.71834],[135.44771,34.73362],[135.4603,34.73314],[135.44279,34.79117],[135.41599,34.81769],[135.42433,34.83712],[135.41688,34.85222],[135.43136,34.85642],[135.44582,34.89721],[135.43074,34.89243],[135.41865,34.90895],[135.4393,34.9205],[135.4636,34.91831],[135.46838,34.92717],[135.44166,34.93939],[135.41848,34.93389],[135.4091,34.94549],[135.39235,34.94137],[135.38263,34.95599],[135.36038,34.95447],[135.34648,34.9645],[135.35953,34.98252],[135.35256,34.99039],[135.3547,35.02479],[135.3302,35.03522],[135.35948,35.05011],[135.38004,35.03911],[135.38169,35.01025],[135.40977,35.01153],[135.42101,35.00216],[135.44018,35.00769],[135.49261,34.98934],[135.48316,34.98187],[135.49092,34.96802],[135.48194,34.96523],[135.48114,34.94974],[135.49436,34.94085],[135.51459,34.94412],[135.54131,34.91523],[135.58126,34.92245],[135.58105,34.93704],[135.5628,34.93342],[135.56471,34.94236],[135.55733,34.93469],[135.56313,34.95366],[135.57858,34.95589],[135.57273,34.97124],[135.61326,34.9712],[135.61871,34.95814],[135.59932,34.92829],[135.6304,34.93515],[135.64929,34.92535],[135.6485,34.90955],[135.67138,34.90238],[135.68269,34.88784],[135.69491,34.84828],[135.70772,34.84927],[135.7466,34.80159],[135.72728,34.77623],[135.70964,34.78017],[135.71022,34.75387],[135.69679,34.74369],[135.70414,34.72378],[135.67302,34.70164],[135.6787,34.67776],[135.65012,34.60783],[135.67569,34.60174],[135.68176,34.58478],[135.65028,34.54411],[135.67704,34.52537],[135.67302,34.50279],[135.68473,34.48542],[135.68674,34.44876],[135.66429,34.42323],[135.68009,34.4092],[135.6761,34.40002],[135.65383,34.38335],[135.57712,34.37605],[135.50782,34.3365],[135.48538,34.36283],[135.46571,34.34733],[135.43545,34.34867],[135.39705,34.33039],[135.33824,34.33528],[135.33051,34.31675],[135.30397,34.31371],[135.29337,34.29929],[135.28281,34.31791],[135.24896,34.31437],[135.22501,34.30086],[135.20804,34.3082],[135.20508,34.28826],[135.15379,34.27428],[135.14676,34.28381],[135.13662,34.27351],[135.11141,34.27183],[135.09676,34.29664],[135.10607,34.3086],[135.09188,34.31437]]],[[[135.20116,34.42809],[135.24158,34.45522],[135.25421,34.45114],[135.23306,34.43159],[135.25522,34.44621],[135.26513,34.4378],[135.22769,34.41348],[135.21912,34.42222],[135.22943,34.43088],[135.20901,34.42008],[135.20116,34.42809]]],[[[135.39649,34.62868],[135.3977,34.63875],[135.41647,34.64482],[135.4393,34.64121],[135.44186,34.6284],[135.42215,34.6219],[135.40747,34.62943],[135.41228,34.6372],[135.39649,34.62868]]],[[[135.39917,34.53649],[135.40927,34.55504],[135.42023,34.53798],[135.43066,34.55382],[135.44096,34.55426],[135.42169,34.52491],[135.39917,34.53649]]],[[[135.3729,34.65208],[135.37963,34.66092],[135.40452,34.65372],[135.39275,34.64139],[135.3729,34.65208]]],[[[135.38685,34.66268],[135.40262,34.67319],[135.41095,34.66564],[135.40978,34.65904],[135.38685,34.66268]]],[[[135.32707,34.44843],[135.33901,34.47559],[135.34597,34.45469],[135.32707,34.44843]]]]}},{"type":"Feature","id":"280010","properties":{"region_code":"280010","geometry_key":"280010","name_ja":"南部","name_en":"Southern Region","parent_code":"280000","parent_name_ja":"兵庫県","display_name_ja":"兵庫県 南部","office_name_ja":null,"label_lon":134.86066611544896,"label_lat":34.74683835995239,"label_point_semantics":"OFFICIAL_SOURCE_BBOX_CENTER_DISPLAY_ONLY"},"geometry":{"type":"MultiPolygon","coordinates":[[[[134.25274,34.8519],[134.26706,34.87539],[134.26284,34.88431],[134.29494,34.90408],[134.27483,34.93114],[134.25409,34.93766],[134.27697,34.9632],[134.27088,34.98377],[134.28668,34.99611],[134.26526,35.00531],[134.26436,35.01656],[134.28159,35.03723],[134.31687,35.04353],[134.31892,35.08328],[134.35035,35.09104],[134.36739,35.14696],[134.41163,35.15196],[134.41207,35.18546],[134.38299,35.19444],[134.38252,35.22172],[134.40281,35.24102],[134.43497,35.22919],[134.46347,35.23682],[134.46177,35.24403],[134.51537,35.27731],[134.5148,35.30767],[134.50193,35.32631],[134.50684,35.33852],[134.57962,35.296],[134.58311,35.2781],[134.60061,35.26662],[134.62776,35.28075],[134.65379,35.25341],[134.66838,35.25626],[134.68204,35.24165],[134.69443,35.24884],[134.69775,35.21448],[134.72824,35.19327],[134.71753,35.17935],[134.72958,35.14723],[134.75521,35.13661],[134.76751,35.14535],[134.77414,35.12547],[134.79029,35.14249],[134.81689,35.14394],[134.82569,35.13452],[134.8444,35.14903],[134.84433,35.16217],[134.8792,35.17499],[134.88856,35.1948],[134.91544,35.20532],[134.91385,35.21836],[134.89935,35.22618],[134.9091,35.23458],[134.90201,35.2506],[134.94062,35.30873],[134.99929,35.29084],[135.01173,35.28112],[135.01085,35.26958],[135.05679,35.2646],[135.06787,35.23735],[135.10877,35.26628],[135.15725,35.26123],[135.16686,35.24034],[135.15478,35.2265],[135.19706,35.20302],[135.18687,35.17317],[135.20596,35.16082],[135.22801,35.16533],[135.23219,35.1775],[135.27399,35.17726],[135.28978,35.17175],[135.29197,35.16049],[135.27838,35.15102],[135.28777,35.14264],[135.34046,35.15009],[135.34247,35.13587],[135.38981,35.12877],[135.38803,35.09713],[135.40428,35.08899],[135.39969,35.07616],[135.37661,35.06602],[135.37125,35.04529],[135.35003,35.05119],[135.3302,35.03522],[135.3547,35.02479],[135.35256,34.99039],[135.35953,34.98252],[135.34511,34.96672],[135.36038,34.95447],[135.38263,34.95599],[135.39235,34.94137],[135.4091,34.94549],[135.41848,34.93389],[135.44166,34.93939],[135.46859,34.92568],[135.4186,34.90869],[135.43074,34.89243],[135.44589,34.89687],[135.43136,34.85642],[135.41688,34.85222],[135.42433,34.83712],[135.41599,34.81769],[135.44279,34.79117],[135.4447,34.76853],[135.45994,34.751],[135.4603,34.73314],[135.44737,34.73335],[135.44617,34.71834],[135.37618,34.67657],[135.40105,34.69911],[135.37761,34.69266],[135.37123,34.68077],[135.37375,34.69302],[135.36324,34.68846],[135.3539,34.69682],[135.36382,34.70529],[135.33747,34.72711],[135.30615,34.71448],[135.29184,34.7207],[135.28173,34.71244],[135.28798,34.70399],[135.22799,34.70005],[135.23831,34.69327],[135.2189,34.69549],[135.20239,34.67864],[135.18438,34.68204],[135.18875,34.67087],[135.17707,34.66806],[135.18738,34.66688],[135.17741,34.66384],[135.18336,34.6495],[135.1493,34.64902],[135.05598,34.62422],[135.01862,34.64318],[134.96625,34.64395],[134.8437,34.72139],[134.83658,34.70737],[134.82854,34.71016],[134.83159,34.69818],[134.8088,34.71848],[134.81523,34.73132],[134.80638,34.71647],[134.81094,34.73202],[134.79728,34.72983],[134.78945,34.74696],[134.78535,34.74057],[134.75723,34.75184],[134.76611,34.7606],[134.74745,34.76841],[134.70025,34.77775],[134.69284,34.77018],[134.68558,34.77825],[134.67692,34.77343],[134.68112,34.76586],[134.67369,34.77649],[134.65793,34.77394],[134.67028,34.78002],[134.66336,34.78496],[134.65011,34.77067],[134.65583,34.78849],[134.64557,34.76676],[134.62883,34.76386],[134.64392,34.78341],[134.62244,34.78376],[134.62388,34.76942],[134.61139,34.76786],[134.61326,34.77794],[134.60544,34.77948],[134.58484,34.76873],[134.58644,34.76186],[134.56603,34.7573],[134.5595,34.76946],[134.54077,34.7702],[134.52752,34.78292],[134.50892,34.76322],[134.50197,34.7618],[134.49991,34.77453],[134.4742,34.75521],[134.46968,34.7843],[134.47734,34.78743],[134.46549,34.80902],[134.45953,34.80323],[134.46646,34.79061],[134.45663,34.7804],[134.46428,34.76407],[134.45068,34.75371],[134.45545,34.76812],[134.43302,34.76618],[134.42586,34.75436],[134.43434,34.7476],[134.41398,34.7289],[134.38528,34.72612],[134.35883,34.75128],[134.3525,34.74515],[134.36395,34.73946],[134.33974,34.73916],[134.32173,34.72195],[134.32376,34.73225],[134.31303,34.7384],[134.32153,34.76171],[134.33483,34.76913],[134.31583,34.78104],[134.3171,34.80195],[134.28745,34.8288],[134.26382,34.82668],[134.26531,34.84045],[134.25274,34.8519]]],[[[134.65429,34.29333],[134.68736,34.33118],[134.70661,34.32108],[134.73009,34.32997],[134.74938,34.37705],[134.7654,34.38916],[134.79794,34.44915],[134.81869,34.46944],[134.84157,34.47135],[134.87797,34.52545],[134.87532,34.5181],[134.8876,34.53139],[134.93507,34.54942],[134.98407,34.60357],[135.00324,34.60891],[135.02292,34.59025],[135.02567,34.57612],[134.99832,34.55086],[134.98878,34.51166],[134.89494,34.41678],[134.89366,34.35224],[134.91422,34.33794],[134.92097,34.31144],[134.94334,34.2991],[134.94893,34.27432],[134.95518,34.27701],[134.95162,34.2665],[134.84607,34.23091],[134.79739,34.19732],[134.72975,34.189],[134.73029,34.20713],[134.69978,34.2222],[134.71074,34.24018],[134.72174,34.24149],[134.72275,34.25548],[134.70098,34.24134],[134.68102,34.2484],[134.65816,34.24066],[134.676,34.25588],[134.66901,34.27176],[134.65942,34.27236],[134.66303,34.28806],[134.65429,34.29333]]],[[[135.20144,34.67363],[135.22,34.68278],[135.22552,34.67789],[135.21778,34.67268],[135.23189,34.67343],[135.22099,34.66729],[135.24537,34.67068],[135.22815,34.65797],[135.23889,34.66125],[135.24947,34.6508],[135.21715,34.65008],[135.20427,34.65622],[135.20144,34.67363]]],[[[134.45846,34.64544],[134.46592,34.66567],[134.48219,34.65832],[134.48444,34.67132],[134.496,34.668],[134.49005,34.65842],[134.50006,34.64404],[134.45846,34.64544]]],[[[135.25221,34.6933],[135.28802,34.69676],[135.27877,34.68967],[135.29051,34.6817],[135.25446,34.67776],[135.25221,34.6933]]],[[[134.5081,34.67726],[134.53559,34.68655],[134.52753,34.67723],[134.54591,34.67983],[134.54567,34.66124],[134.5359,34.65845],[134.5081,34.67726]]],[[[134.56155,34.66874],[134.57338,34.6771],[134.59107,34.66274],[134.57421,34.651],[134.56155,34.66874]]],[[[135.20886,34.63376],[135.2357,34.64173],[135.24049,34.63311],[135.20886,34.63376]]],[[[134.81107,34.15757],[134.82425,34.17867],[134.83058,34.16441],[134.81107,34.15757]]],[[[134.85733,34.69209],[134.86897,34.69579],[134.86491,34.70284],[134.88621,34.68949],[134.85733,34.69209]]],[[[134.83649,34.69729],[134.85315,34.70573],[134.84788,34.71225],[134.86212,34.70744],[134.85326,34.69415],[134.83649,34.69729]]],[[[134.50084,34.64374],[134.51766,34.65863],[134.51832,34.64895],[134.50972,34.64783],[134.51591,34.63565],[134.50084,34.64374]]]]}},{"type":"Feature","id":"280020","properties":{"region_code":"280020","geometry_key":"280020","name_ja":"北部","name_en":"Northern Region","parent_code":"280000","parent_name_ja":"兵庫県","display_name_ja":"兵庫県 北部","office_name_ja":null,"label_lon":134.7108895788411,"label_lat":35.400145085327495,"label_point_semantics":"OFFICIAL_SOURCE_BBOX_CENTER_DISPLAY_ONLY"},"geometry":{"type":"Polygon","coordinates":[[[134.36994,35.61458],[134.43343,35.62068],[134.43867,35.63578],[134.45268,35.62877],[134.50487,35.66123],[134.53877,35.67039],[134.55989,35.6505],[134.56983,35.65772],[134.57695,35.65228],[134.57822,35.66094],[134.60659,35.65587],[134.6163,35.63928],[134.66383,35.6668],[134.66285,35.64811],[134.67446,35.66093],[134.68651,35.65569],[134.68826,35.66546],[134.70479,35.65294],[134.70759,35.66691],[134.75762,35.6612],[134.7636,35.67471],[134.76521,35.66069],[134.7996,35.67027],[134.83923,35.65575],[134.83356,35.64879],[134.84065,35.64244],[134.85233,35.65961],[134.86552,35.65928],[134.87388,35.62093],[134.85373,35.58908],[134.91457,35.54531],[134.9269,35.51253],[134.96055,35.51293],[134.99342,35.53431],[135.03695,35.53857],[135.04516,35.50869],[135.03216,35.49716],[135.0427,35.49227],[135.0351,35.47663],[135.0507,35.44803],[135.04982,35.40956],[135.03003,35.4101],[135.01924,35.39412],[134.99108,35.38564],[134.95955,35.40897],[134.93242,35.40617],[134.92341,35.39428],[134.91709,35.34072],[134.92805,35.33044],[134.9216,35.31513],[134.9387,35.302],[134.90299,35.2542],[134.9091,35.23458],[134.89933,35.22628],[134.91385,35.21836],[134.91544,35.20532],[134.88856,35.1948],[134.8792,35.17499],[134.84433,35.16217],[134.8444,35.14903],[134.82569,35.13452],[134.81689,35.14394],[134.79029,35.14249],[134.77414,35.12547],[134.76751,35.14535],[134.75521,35.13661],[134.72958,35.14723],[134.71753,35.17935],[134.72824,35.19327],[134.69775,35.21448],[134.69443,35.24884],[134.68204,35.24165],[134.66838,35.25626],[134.65379,35.25341],[134.62776,35.28075],[134.60061,35.26662],[134.58311,35.2781],[134.57962,35.296],[134.50684,35.33852],[134.51391,35.35346],[134.50287,35.36596],[134.47475,35.37471],[134.48009,35.42704],[134.44,35.44293],[134.43088,35.50247],[134.4127,35.5149],[134.4256,35.54181],[134.4218,35.56255],[134.40504,35.5705],[134.4083,35.58907],[134.36994,35.61458]]]}},{"type":"Feature","id":"290010","properties":{"region_code":"290010","geometry_key":"290010","name_ja":"北部","name_en":"Northern Region","parent_code":"290000","parent_name_ja":"奈良県","display_name_ja":"奈良県 北部","office_name_ja":null,"label_lon":135.87855889132982,"label_lat":34.50467612025679,"label_point_semantics":"OFFICIAL_SOURCE_BBOX_CENTER_DISPLAY_ONLY"},"geometry":{"type":"Polygon","coordinates":[[[135.65012,34.60783],[135.6787,34.67776],[135.67302,34.70164],[135.70414,34.72378],[135.69679,34.74369],[135.71022,34.75387],[135.70984,34.78047],[135.72916,34.77746],[135.7332,34.75488],[135.75696,34.73612],[135.75551,34.72753],[135.85104,34.70575],[135.87614,34.71388],[135.89017,34.70832],[135.89739,34.73087],[135.9253,34.75772],[135.92557,34.74034],[135.9429,34.73749],[135.95478,34.7483],[135.95865,34.74026],[135.97611,34.74114],[135.98626,34.7152],[136.00932,34.71661],[136.01387,34.7078],[136.02876,34.70631],[136.043,34.73611],[136.05747,34.7371],[136.07108,34.71475],[136.05371,34.70449],[136.07493,34.69786],[136.08646,34.67526],[136.06441,34.65193],[136.04011,34.66283],[136.06485,34.65156],[136.07357,34.63481],[136.04657,34.60056],[136.04647,34.58536],[136.06467,34.5672],[136.107,34.55631],[136.09777,34.54076],[136.10196,34.52789],[136.08985,34.52605],[136.08769,34.50526],[136.06864,34.4885],[136.07269,34.47713],[136.03763,34.47963],[136.04998,34.47036],[136.04202,34.46305],[135.97551,34.43659],[135.97951,34.42893],[135.95829,34.41458],[135.95959,34.40575],[135.93884,34.39708],[135.93274,34.36931],[135.92184,34.37642],[135.92512,34.36495],[135.91225,34.36329],[135.88043,34.33319],[135.86795,34.34579],[135.85252,34.32998],[135.82162,34.32299],[135.81499,34.31193],[135.82379,34.30443],[135.82152,34.27708],[135.84451,34.26454],[135.80513,34.23469],[135.79034,34.23152],[135.77336,34.24131],[135.73105,34.228],[135.71621,34.26558],[135.69247,34.27827],[135.68725,34.27077],[135.67713,34.27463],[135.66813,34.32575],[135.66009,34.32694],[135.66353,34.35544],[135.65113,34.38321],[135.67623,34.40024],[135.68009,34.4092],[135.66429,34.42323],[135.68698,34.45146],[135.68473,34.48542],[135.67302,34.50279],[135.67714,34.52516],[135.65028,34.54411],[135.68174,34.58486],[135.67569,34.60174],[135.65012,34.60783]]]}},{"type":"Feature","id":"290020","properties":{"region_code":"290020","geometry_key":"290020","name_ja":"南部","name_en":"Southern Region","parent_code":"290000","parent_name_ja":"奈良県","display_name_ja":"奈良県 南部","office_name_ja":null,"label_lon":135.8847726396457,"label_lat":34.209977220522376,"label_point_semantics":"OFFICIAL_SOURCE_BBOX_CENTER_DISPLAY_ONLY"},"geometry":{"type":"Polygon","coordinates":[[[135.53968,34.07581],[135.54979,34.08498],[135.54729,34.10033],[135.57844,34.11581],[135.58865,34.14713],[135.62192,34.15842],[135.6206,34.16852],[135.64179,34.18292],[135.63444,34.20446],[135.64808,34.21899],[135.67769,34.22344],[135.70803,34.2082],[135.74071,34.23388],[135.77893,34.24124],[135.79034,34.23152],[135.81702,34.24082],[135.8451,34.26613],[135.82152,34.27708],[135.82379,34.30443],[135.81499,34.31193],[135.82162,34.32299],[135.85252,34.32998],[135.86795,34.34579],[135.88043,34.33319],[135.91225,34.36329],[135.92512,34.36495],[135.92184,34.37642],[135.93274,34.36931],[135.93884,34.39708],[135.95959,34.40575],[135.95829,34.41458],[135.97951,34.42893],[135.97551,34.43659],[136.04202,34.46305],[136.04998,34.47036],[136.03763,34.47963],[136.07269,34.47713],[136.06864,34.4885],[136.08769,34.50526],[136.08985,34.52605],[136.10196,34.52789],[136.09777,34.54076],[136.107,34.55631],[136.11428,34.54589],[136.13806,34.56096],[136.1555,34.55973],[136.171,34.53745],[136.17182,34.51815],[136.21658,34.52821],[136.21467,34.50131],[136.22976,34.49186],[136.21556,34.48115],[136.20625,34.44868],[136.15843,34.44908],[136.0959,34.43522],[136.0691,34.3941],[136.08936,34.37434],[136.1021,34.33636],[136.12951,34.31617],[136.0949,34.30145],[136.13185,34.2519],[136.10969,34.2281],[136.11825,34.21428],[136.09265,34.19018],[136.10901,34.185],[136.1045,34.17341],[136.11469,34.16082],[136.0994,34.11885],[136.10787,34.1032],[136.10226,34.09614],[136.11865,34.08232],[136.09329,34.08276],[136.09203,34.04834],[136.10414,34.02587],[136.05252,34.03213],[136.04346,34.04068],[136.03173,34.03187],[136.01963,34.03679],[135.98502,33.99184],[135.9414,33.97569],[135.92191,33.9784],[135.89245,33.94582],[135.90908,33.91847],[135.89435,33.92059],[135.89285,33.90622],[135.86576,33.92194],[135.85973,33.88913],[135.88269,33.87887],[135.87311,33.85904],[135.85343,33.87674],[135.85133,33.89432],[135.8086,33.90647],[135.80168,33.89571],[135.75612,33.88517],[135.72411,33.90329],[135.68596,33.90395],[135.6606,33.89757],[135.64799,33.8769],[135.61786,33.87211],[135.62657,33.88336],[135.62287,33.89796],[135.59997,33.90834],[135.61053,33.91333],[135.61693,33.95382],[135.63723,33.95065],[135.63868,33.98515],[135.62219,34.00967],[135.59385,34.01298],[135.59966,34.03202],[135.58049,34.05791],[135.53968,34.07581]]]}},{"type":"Feature","id":"300010","properties":{"region_code":"300010","geometry_key":"300010","name_ja":"北部","name_en":"Northern Region","parent_code":"300000","parent_name_ja":"和歌山県","display_name_ja":"和歌山県 北部","office_name_ja":null,"label_lon":135.36437457862394,"label_lat":34.06145194080446,"label_point_semantics":"OFFICIAL_SOURCE_BBOX_CENTER_DISPLAY_ONLY"},"geometry":{"type":"Polygon","coordinates":[[[135.05639,33.8881],[135.06471,33.8923],[135.05894,33.90488],[135.084,33.91036],[135.06791,33.93147],[135.1181,33.96022],[135.10202,33.96682],[135.07955,33.95579],[135.07179,33.95908],[135.0857,33.96871],[135.06768,33.97687],[135.08817,33.97927],[135.09307,33.99319],[135.10949,33.98904],[135.15093,34.00676],[135.13698,34.01695],[135.17152,34.02769],[135.15846,34.03797],[135.16092,34.04615],[135.14611,34.04537],[135.13599,34.06465],[135.07854,34.07382],[135.08876,34.07273],[135.09645,34.0932],[135.11092,34.09697],[135.11563,34.11989],[135.14604,34.11083],[135.13297,34.11817],[135.1325,34.13434],[135.1214,34.13004],[135.12585,34.13666],[135.17013,34.13324],[135.2096,34.14947],[135.18279,34.1471],[135.1936,34.15866],[135.18267,34.15822],[135.17997,34.18691],[135.17218,34.18368],[135.18044,34.16924],[135.16572,34.18717],[135.14022,34.18793],[135.13652,34.2027],[135.15034,34.19481],[135.14446,34.21212],[135.13479,34.21434],[135.14379,34.21906],[135.1276,34.21693],[135.13953,34.22541],[135.10039,34.23561],[135.12825,34.22733],[135.12322,34.24178],[135.08952,34.26083],[135.06144,34.26343],[135.06712,34.28057],[135.07419,34.27826],[135.06796,34.29106],[135.07638,34.30719],[135.10592,34.30886],[135.09676,34.29664],[135.11141,34.27183],[135.13662,34.27351],[135.14676,34.28381],[135.15379,34.27428],[135.20508,34.28826],[135.20804,34.3082],[135.22501,34.30086],[135.24896,34.31437],[135.28281,34.31791],[135.29337,34.29929],[135.30397,34.31371],[135.33051,34.31675],[135.33824,34.33528],[135.39705,34.33039],[135.43545,34.34867],[135.46571,34.34733],[135.48538,34.36283],[135.50782,34.3365],[135.57712,34.37605],[135.65113,34.38321],[135.66353,34.35544],[135.65895,34.33288],[135.66894,34.3229],[135.67268,34.28157],[135.68081,34.27062],[135.69247,34.27827],[135.71621,34.26558],[135.73018,34.2283],[135.70803,34.2082],[135.67238,34.22432],[135.64352,34.21562],[135.63408,34.19867],[135.64511,34.19067],[135.64179,34.18292],[135.6206,34.16852],[135.62192,34.15842],[135.58865,34.14713],[135.57827,34.11565],[135.54729,34.10033],[135.54979,34.08498],[135.53968,34.07581],[135.54822,34.06814],[135.5356,34.05102],[135.50581,34.04451],[135.50833,34.02399],[135.52849,34.0224],[135.53814,34.01176],[135.52959,33.999],[135.54774,33.97307],[135.54195,33.96199],[135.46825,33.9361],[135.45588,33.94626],[135.43232,33.93992],[135.42469,33.94612],[135.41554,33.93111],[135.39771,33.92958],[135.39315,33.89554],[135.40697,33.88142],[135.42896,33.87998],[135.42859,33.86426],[135.46501,33.85313],[135.46065,33.83802],[135.39098,33.83771],[135.34779,33.80995],[135.34642,33.76633],[135.32922,33.74117],[135.3166,33.76795],[135.29616,33.76374],[135.27057,33.78266],[135.2347,33.78158],[135.23497,33.79891],[135.21702,33.81418],[135.20786,33.8089],[135.18609,33.81951],[135.14192,33.88482],[135.11256,33.89344],[135.05837,33.87954],[135.05639,33.8881]]]}},{"type":"Feature","id":"300020","properties":{"region_code":"300020","geometry_key":"300020","name_ja":"南部","name_en":"Southern Region","parent_code":"300000","parent_name_ja":"和歌山県","display_name_ja":"和歌山県 南部","office_name_ja":null,"label_lon":135.66959152407964,"label_lat":33.75054222969021,"label_point_semantics":"OFFICIAL_SOURCE_BBOX_CENTER_DISPLAY_ONLY"},"geometry":{"type":"MultiPolygon","coordinates":[[[[135.32954,33.67057],[135.34432,33.68114],[135.33574,33.69528],[135.35625,33.69538],[135.3605,33.67956],[135.37782,33.68275],[135.37252,33.68968],[135.38295,33.69121],[135.38242,33.70308],[135.38815,33.6946],[135.40013,33.72048],[135.387,33.71466],[135.36828,33.73147],[135.35335,33.72657],[135.34804,33.73433],[135.35145,33.72933],[135.35669,33.741],[135.33627,33.74554],[135.34918,33.7774],[135.34681,33.80919],[135.39098,33.83771],[135.46044,33.83793],[135.46501,33.85313],[135.42859,33.86426],[135.42896,33.87998],[135.40697,33.88142],[135.39321,33.89546],[135.39771,33.92958],[135.41554,33.93111],[135.42469,33.94612],[135.43232,33.93992],[135.45588,33.94626],[135.46825,33.9361],[135.54195,33.96199],[135.54774,33.97307],[135.52959,33.999],[135.53814,34.01176],[135.52849,34.0224],[135.50833,34.02399],[135.50466,34.03951],[135.53241,34.0487],[135.55065,34.06849],[135.58049,34.05791],[135.59966,34.03202],[135.59385,34.01298],[135.62219,34.00967],[135.63868,33.98515],[135.63723,33.95065],[135.61693,33.95382],[135.61053,33.91333],[135.59997,33.90834],[135.62287,33.89796],[135.62657,33.88336],[135.61786,33.87211],[135.64799,33.8769],[135.6606,33.89757],[135.68688,33.90407],[135.72411,33.90329],[135.75612,33.88517],[135.80168,33.89571],[135.8086,33.90647],[135.84705,33.8966],[135.85889,33.86848],[135.85803,33.8162],[135.8924,33.80035],[135.90691,33.7671],[135.93843,33.75709],[135.94506,33.73249],[135.97523,33.7229],[135.97227,33.73437],[135.98089,33.73679],[136.01189,33.7233],[135.99243,33.70106],[135.99013,33.67978],[135.97179,33.67259],[135.977,33.65915],[135.98704,33.66525],[135.98615,33.65518],[135.93696,33.64237],[135.95374,33.62191],[135.94491,33.62793],[135.94602,33.61732],[135.9361,33.61845],[135.92613,33.6048],[135.93422,33.59311],[135.94507,33.60488],[135.94546,33.59078],[135.96199,33.59523],[135.95962,33.582],[135.92354,33.57642],[135.89097,33.55686],[135.92403,33.55919],[135.87836,33.52859],[135.87147,33.53525],[135.85497,33.51733],[135.82443,33.51436],[135.79904,33.49968],[135.78106,33.46393],[135.79662,33.46191],[135.78928,33.45785],[135.79798,33.4452],[135.79084,33.44837],[135.78759,33.43779],[135.76963,33.44697],[135.76251,33.43301],[135.75002,33.44935],[135.77588,33.46137],[135.77494,33.47813],[135.76596,33.47235],[135.7666,33.48187],[135.73869,33.47655],[135.73623,33.48604],[135.7247,33.47727],[135.7131,33.48573],[135.70882,33.47794],[135.70178,33.49327],[135.67526,33.48778],[135.62957,33.50912],[135.58995,33.50248],[135.57431,33.51609],[135.51764,33.52204],[135.51038,33.53482],[135.48701,33.54282],[135.49369,33.54481],[135.48793,33.55061],[135.44623,33.54896],[135.44292,33.56395],[135.4196,33.56913],[135.4181,33.58051],[135.40876,33.57581],[135.40375,33.58895],[135.39114,33.59102],[135.3875,33.6074],[135.3978,33.61641],[135.38977,33.62172],[135.39955,33.63126],[135.39336,33.62723],[135.39192,33.64247],[135.32954,33.67057]]],[[[135.89244,33.94555],[135.92603,33.98127],[135.9414,33.97569],[135.9746,33.98597],[136.00679,34.00813],[135.99529,34.001],[136.01284,33.96799],[135.99953,33.95574],[135.97717,33.96661],[135.96791,33.92827],[135.92863,33.94133],[135.93137,33.93341],[135.9216,33.93419],[135.91737,33.92354],[135.93458,33.91958],[135.92203,33.91416],[135.89921,33.92526],[135.89244,33.94555]]],[[[135.85838,33.8968],[135.86586,33.92207],[135.88043,33.91779],[135.88471,33.88476],[135.89291,33.88196],[135.89234,33.89394],[135.90147,33.88517],[135.89772,33.86985],[135.8786,33.87195],[135.87483,33.8616],[135.88269,33.87887],[135.86109,33.88714],[135.85838,33.8968]]],[[[135.79757,33.46369],[135.81143,33.48139],[135.86296,33.47169],[135.85358,33.45989],[135.82917,33.45616],[135.83176,33.44888],[135.82173,33.45213],[135.82323,33.46167],[135.79757,33.46369]]]]}},{"type":"Feature","id":"310010","properties":{"region_code":"310010","geometry_key":"310010","name_ja":"東部","name_en":"Eastern Region","parent_code":"310000","parent_name_ja":"鳥取県","display_name_ja":"鳥取県 東部","office_name_ja":null,"label_lon":134.23072097274473,"label_lat":35.39186805841422,"label_point_semantics":"OFFICIAL_SOURCE_BBOX_CENTER_DISPLAY_ONLY"},"geometry":{"type":"Polygon","coordinates":[[[133.94603,35.46176],[133.95622,35.49743],[133.9711,35.5125],[133.9652,35.52284],[133.99512,35.52321],[134.00778,35.53791],[134.01782,35.52164],[134.03376,35.51849],[134.18377,35.5416],[134.1961,35.53271],[134.18729,35.53979],[134.19162,35.54705],[134.20933,35.54187],[134.2694,35.55901],[134.28775,35.58131],[134.29675,35.58014],[134.28572,35.58246],[134.29364,35.58927],[134.33511,35.59238],[134.33974,35.60825],[134.36595,35.6019],[134.36994,35.61458],[134.4083,35.58907],[134.40504,35.5705],[134.4218,35.56255],[134.4256,35.54181],[134.4127,35.5149],[134.43088,35.50247],[134.44,35.44293],[134.48009,35.42704],[134.4723,35.37825],[134.51388,35.35359],[134.50192,35.32654],[134.5148,35.30767],[134.51537,35.27731],[134.46177,35.24403],[134.46347,35.23682],[134.43497,35.22919],[134.39031,35.25231],[134.32122,35.20182],[134.27846,35.19687],[134.26047,35.21098],[134.2218,35.19045],[134.19347,35.18912],[134.18994,35.17587],[134.17245,35.16974],[134.15295,35.19628],[134.16418,35.22798],[134.13734,35.23865],[134.15058,35.25796],[134.13559,35.28245],[134.11571,35.28355],[134.09776,35.3057],[134.05205,35.29809],[133.99947,35.31465],[134.01551,35.33408],[134.01901,35.36369],[134.0423,35.37753],[133.99185,35.39305],[134.00087,35.40654],[133.99577,35.42298],[133.95153,35.42797],[133.94603,35.46176]]]}},{"type":"Feature","id":"310020","properties":{"region_code":"310020","geometry_key":"310020","name_ja":"中・西部","name_en":"Central Western Region","parent_code":"310000","parent_name_ja":"鳥取県","display_name_ja":"鳥取県 中・西部","office_name_ja":null,"label_lon":133.5890886121498,"label_lat":35.30506915296908,"label_point_semantics":"OFFICIAL_SOURCE_BBOX_CENTER_DISPLAY_ONLY"},"geometry":{"type":"Polygon","coordinates":[[[133.13588,35.07052],[133.14845,35.13998],[133.1949,35.16983],[133.18203,35.20136],[133.16882,35.20935],[133.15274,35.20381],[133.15257,35.21899],[133.25328,35.26003],[133.31056,35.26799],[133.2995,35.29188],[133.30695,35.30337],[133.29252,35.32064],[133.29605,35.34937],[133.32451,35.37403],[133.31357,35.38735],[133.32161,35.40768],[133.30869,35.43088],[133.2225,35.48022],[133.19812,35.52873],[133.22193,35.54763],[133.27183,35.55234],[133.24505,35.53083],[133.25578,35.52828],[133.26058,35.51973],[133.25104,35.51532],[133.26094,35.50289],[133.29401,35.47749],[133.40181,35.45279],[133.42712,35.46181],[133.43104,35.48036],[133.44735,35.4949],[133.56387,35.53068],[133.59366,35.53127],[133.66879,35.5066],[133.77025,35.50058],[133.92638,35.50886],[133.96114,35.52555],[133.97113,35.51268],[133.95622,35.49743],[133.94604,35.46183],[133.95109,35.42865],[133.99577,35.42298],[134.00087,35.40654],[133.99185,35.39305],[134.0423,35.37753],[134.01901,35.36369],[134.01282,35.34935],[133.96963,35.34783],[133.93265,35.33425],[133.92522,35.3069],[133.86214,35.2925],[133.86594,35.27226],[133.84364,35.24932],[133.81802,35.25271],[133.80001,35.29265],[133.74525,35.31951],[133.69711,35.32714],[133.67835,35.31894],[133.64963,35.33622],[133.59651,35.34495],[133.57679,35.31441],[133.56077,35.24675],[133.53483,35.23672],[133.51675,35.24066],[133.50554,35.22817],[133.5216,35.21043],[133.52619,35.18293],[133.50797,35.19312],[133.44756,35.1713],[133.41557,35.18472],[133.39646,35.18086],[133.39322,35.16769],[133.41183,35.12115],[133.35487,35.10077],[133.33822,35.10656],[133.32552,35.09347],[133.29314,35.1016],[133.29082,35.07094],[133.26914,35.05768],[133.24958,35.07904],[133.23234,35.07742],[133.23007,35.06802],[133.13588,35.07052]]]}},{"type":"Feature","id":"320010","properties":{"region_code":"320010","geometry_key":"320010","name_ja":"東部","name_en":"Eastern Region","parent_code":"320000","parent_name_ja":"島根県","display_name_ja":"島根県 東部","office_name_ja":null,"label_lon":132.96320083639955,"label_lat":35.27724559925505,"label_point_semantics":"OFFICIAL_SOURCE_BBOX_CENTER_DISPLAY_ONLY"},"geometry":{"type":"Polygon","coordinates":[[[132.5755,35.27205],[132.62852,35.28787],[132.66487,35.33639],[132.6726,35.39933],[132.62268,35.41884],[132.62913,35.43516],[132.64614,35.43311],[132.64187,35.44143],[132.66535,35.43909],[132.6757,35.4478],[132.6866,35.44066],[132.68481,35.45173],[132.70984,35.44126],[132.75343,35.44756],[132.7592,35.45648],[132.72677,35.47062],[132.80053,35.4835],[132.81312,35.49717],[132.86495,35.51319],[132.971,35.51581],[132.96801,35.54347],[133.02819,35.53843],[133.0287,35.55565],[133.04807,35.55394],[133.05997,35.56465],[133.0477,35.57804],[133.09821,35.5801],[133.09012,35.58665],[133.09823,35.58875],[133.09309,35.59837],[133.08391,35.6009],[133.09014,35.60375],[133.11208,35.59764],[133.12494,35.57624],[133.14045,35.58098],[133.12994,35.57717],[133.14181,35.56072],[133.15662,35.56066],[133.16118,35.57203],[133.16627,35.56322],[133.18012,35.56906],[133.19202,35.56219],[133.19181,35.58027],[133.19522,35.5677],[133.21168,35.56715],[133.21715,35.5816],[133.23495,35.57915],[133.22455,35.5706],[133.25609,35.56971],[133.27013,35.57898],[133.32678,35.56795],[133.30892,35.55796],[133.22193,35.54763],[133.19817,35.52899],[133.2225,35.48022],[133.30869,35.43088],[133.32161,35.40768],[133.31365,35.38692],[133.32451,35.37403],[133.29514,35.34678],[133.29256,35.31894],[133.30695,35.30337],[133.2995,35.29188],[133.31055,35.26792],[133.25328,35.26003],[133.15251,35.21891],[133.15274,35.20381],[133.16882,35.20935],[133.18203,35.20136],[133.19491,35.16989],[133.14845,35.13998],[133.14081,35.07564],[133.09642,35.08542],[133.03311,35.06824],[132.99085,35.10132],[132.97467,35.08296],[132.95024,35.07538],[132.90948,35.08622],[132.89532,35.10481],[132.87319,35.10232],[132.8281,35.06208],[132.83674,35.04697],[132.81372,35.04055],[132.78775,35.00479],[132.76559,34.99671],[132.7687,34.98395],[132.74513,34.97683],[132.74972,34.96026],[132.73861,34.96231],[132.72039,34.94799],[132.70728,34.95509],[132.68509,34.95056],[132.68533,34.96635],[132.65716,34.9686],[132.64907,34.98604],[132.66524,34.98673],[132.66405,35.00836],[132.68632,35.02497],[132.71712,35.02295],[132.71186,35.04021],[132.72241,35.05116],[132.65774,35.08558],[132.67191,35.11764],[132.65377,35.11835],[132.62895,35.13648],[132.66623,35.17035],[132.66639,35.1858],[132.649,35.21087],[132.6416,35.20038],[132.63116,35.20194],[132.58167,35.23166],[132.5755,35.27205]]]}},{"type":"Feature","id":"320020","properties":{"region_code":"320020","geometry_key":"320020","name_ja":"西部","name_en":"Western Region","parent_code":"320000","parent_name_ja":"島根県","display_name_ja":"島根県 西部","office_name_ja":null,"label_lon":132.1951630546813,"label_lat":34.78747361326671,"label_point_semantics":"OFFICIAL_SOURCE_BBOX_CENTER_DISPLAY_ONLY"},"geometry":{"type":"Polygon","coordinates":[[[131.66791,34.50538],[131.70656,34.53263],[131.70283,34.56507],[131.7132,34.56281],[131.72761,34.57644],[131.71841,34.6134],[131.69482,34.62068],[131.70049,34.64918],[131.68386,34.6688],[131.69062,34.68105],[131.70421,34.67246],[131.74707,34.67572],[131.84931,34.71133],[131.87471,34.74266],[131.86477,34.75551],[131.88998,34.75791],[131.89712,34.77562],[131.91449,34.77408],[131.92979,34.79466],[131.9258,34.78094],[131.94615,34.7924],[131.95464,34.81636],[131.98908,34.82772],[131.99423,34.84167],[132.00802,34.84721],[132.01533,34.8591],[132.00835,34.86847],[132.02142,34.87273],[132.02128,34.86648],[132.03595,34.88207],[132.05667,34.87285],[132.05578,34.89342],[132.07063,34.89219],[132.06347,34.90507],[132.07756,34.90519],[132.08254,34.91163],[132.07459,34.90849],[132.07288,34.91832],[132.10576,34.93505],[132.11246,34.95314],[132.18277,34.98982],[132.23463,35.0376],[132.23132,35.03163],[132.26925,35.03934],[132.31005,35.05716],[132.32765,35.07755],[132.32396,35.08948],[132.33272,35.0975],[132.34509,35.09195],[132.34008,35.10249],[132.389,35.1314],[132.38144,35.14646],[132.40408,35.15912],[132.40148,35.16793],[132.42205,35.18321],[132.41764,35.1907],[132.44999,35.19871],[132.48698,35.23049],[132.501,35.22835],[132.52738,35.24216],[132.52984,35.25269],[132.57464,35.27229],[132.58167,35.23166],[132.63116,35.20194],[132.6416,35.20038],[132.649,35.21087],[132.65971,35.19958],[132.66633,35.17048],[132.62895,35.13648],[132.65377,35.11835],[132.67191,35.11764],[132.65783,35.08545],[132.72241,35.0511],[132.71186,35.04021],[132.71712,35.02295],[132.68632,35.02497],[132.66405,35.00836],[132.66524,34.98673],[132.64907,34.98604],[132.65716,34.9686],[132.68533,34.96635],[132.68503,34.94914],[132.63336,34.90153],[132.70078,34.8819],[132.7106,34.84986],[132.69805,34.84276],[132.68038,34.85173],[132.66753,34.83228],[132.61459,34.84301],[132.61225,34.83302],[132.59917,34.83358],[132.56778,34.80615],[132.55408,34.80828],[132.53806,34.79499],[132.51969,34.804],[132.50558,34.79603],[132.45426,34.8007],[132.45668,34.80741],[132.43536,34.82067],[132.4209,34.81377],[132.42482,34.79916],[132.39668,34.77942],[132.37431,34.80099],[132.33448,34.79],[132.31831,34.80161],[132.29787,34.77656],[132.28021,34.78351],[132.2781,34.79898],[132.24167,34.80614],[132.24266,34.783],[132.22511,34.76992],[132.22238,34.74954],[132.20255,34.74867],[132.18917,34.73363],[132.17802,34.73677],[132.13077,34.70803],[132.12955,34.69937],[132.15832,34.69243],[132.16193,34.68314],[132.12775,34.64178],[132.13081,34.62917],[132.11635,34.61246],[132.12968,34.59548],[132.12553,34.58315],[132.08395,34.53753],[132.0513,34.52849],[132.03646,34.50115],[132.05974,34.49227],[132.06858,34.46767],[132.02507,34.46238],[132.01623,34.43747],[131.99752,34.42791],[131.98985,34.41342],[132.01347,34.37133],[131.97413,34.34137],[131.95925,34.30646],[131.91926,34.33814],[131.89954,34.31816],[131.88755,34.32724],[131.88565,34.31082],[131.86958,34.30497],[131.83566,34.31137],[131.82035,34.30244],[131.79765,34.31763],[131.77463,34.33732],[131.77902,34.35021],[131.76355,34.37727],[131.78478,34.39986],[131.79382,34.43621],[131.76139,34.43367],[131.75538,34.44036],[131.73783,34.4286],[131.69743,34.43531],[131.69912,34.47703],[131.68234,34.479],[131.68207,34.49318],[131.66791,34.50538]]]}},{"type":"Feature","id":"320030","properties":{"region_code":"320030","geometry_key":"320030","name_ja":"隠岐","name_en":"Oki","parent_code":"320000","parent_name_ja":"島根県","display_name_ja":"島根県 隠岐","office_name_ja":null,"label_lon":132.62596154334057,"label_lat":36.619436410012355,"label_point_semantics":"OFFICIAL_SOURCE_BBOX_CENTER_DISPLAY_ONLY"},"geometry":{"type":"MultiPolygon","coordinates":[[[[133.17653,36.2551],[133.18784,36.27451],[133.1793,36.28804],[133.20446,36.27958],[133.19954,36.28751],[133.21596,36.28971],[133.19169,36.28971],[133.19601,36.30176],[133.21019,36.3005],[133.20707,36.30873],[133.23193,36.31791],[133.22465,36.32867],[133.2708,36.33212],[133.2804,36.34136],[133.27613,36.3489],[133.29762,36.32757],[133.30987,36.32849],[133.30895,36.31921],[133.32101,36.32777],[133.32453,36.30882],[133.34377,36.31089],[133.33683,36.30662],[133.34471,36.29731],[133.36389,36.29732],[133.35601,36.29146],[133.36374,36.29019],[133.36269,36.27911],[133.38599,36.26995],[133.37256,36.25073],[133.37786,36.232],[133.37009,36.20565],[133.33946,36.19601],[133.35201,36.21224],[133.34516,36.22468],[133.33622,36.20104],[133.30639,36.19905],[133.33572,36.1972],[133.34201,36.17066],[133.32556,36.16711],[133.29075,36.17977],[133.28755,36.17078],[133.2799,36.18815],[133.27802,36.16961],[133.26017,36.16333],[133.25821,36.17289],[133.24961,36.15919],[133.24947,36.17548],[133.24309,36.16596],[133.23034,36.16939],[133.24486,36.19016],[133.22413,36.18839],[133.20862,36.1979],[133.20827,36.20959],[133.18244,36.21194],[133.19273,36.24514],[133.17653,36.2551]]],[[[132.9458,36.07978],[132.96844,36.09252],[132.9617,36.09695],[132.98204,36.11729],[132.98506,36.1079],[132.99456,36.11441],[133.00708,36.10829],[133.01451,36.13762],[133.05534,36.12669],[133.06891,36.14272],[133.09295,36.13926],[133.07029,36.11364],[133.0411,36.10969],[133.05712,36.08293],[133.04579,36.06068],[133.00751,36.0742],[133.01299,36.09785],[133.00634,36.10569],[133.00558,36.09336],[132.9897,36.09217],[132.99224,36.08379],[132.98682,36.09338],[132.97921,36.08873],[132.99835,36.03797],[132.94625,36.0647],[132.95382,36.07657],[132.9458,36.07978]]],[[[133.06415,36.09907],[133.08133,36.10247],[133.08277,36.11432],[133.09106,36.09629],[133.09352,36.11768],[133.1131,36.12009],[133.13598,36.10203],[133.11894,36.08151],[133.13536,36.08633],[133.15266,36.0746],[133.13798,36.08234],[133.13165,36.07343],[133.11305,36.07865],[133.11712,36.0642],[133.09695,36.07226],[133.10835,36.06421],[133.09611,36.05709],[133.10391,36.0501],[133.08751,36.05282],[133.06882,36.03472],[133.07003,36.05818],[133.07985,36.06868],[133.06749,36.07579],[133.07492,36.08081],[133.06415,36.09907]]],[[[132.99972,36.03129],[133.02704,36.03252],[133.07317,36.01031],[133.061,35.99392],[133.04173,36.01308],[133.03845,36.00079],[133.00953,36.00184],[132.99972,36.03129]]]]}},{"type":"Feature","id":"330010","properties":{"region_code":"330010","geometry_key":"330010","name_ja":"南部","name_en":"Southern Region","parent_code":"330000","parent_name_ja":"岡山県","display_name_ja":"岡山県 南部","office_name_ja":null,"label_lon":133.85539786012322,"label_lat":34.62927055409287,"label_point_semantics":"OFFICIAL_SOURCE_BBOX_CENTER_DISPLAY_ONLY"},"geometry":{"type":"MultiPolygon","coordinates":[[[[133.32886,34.85305],[133.35312,34.87772],[133.39017,34.86921],[133.42457,34.88649],[133.45076,34.87411],[133.47255,34.88594],[133.48195,34.87184],[133.49225,34.87859],[133.51427,34.86591],[133.52388,34.87676],[133.56447,34.88616],[133.56838,34.92904],[133.58599,34.92948],[133.58418,34.94707],[133.60102,34.95287],[133.61809,34.92987],[133.6193,34.9002],[133.65007,34.91534],[133.64974,34.94252],[133.69481,34.94881],[133.70555,34.95992],[133.74222,34.94564],[133.76189,34.95249],[133.76649,34.93718],[133.79054,34.92779],[133.82169,34.95296],[133.85024,34.93438],[133.85045,34.94319],[133.86117,34.94359],[133.86927,34.93242],[133.88294,34.94834],[133.90767,34.94879],[133.90627,34.91822],[133.8941,34.90969],[133.92316,34.90135],[133.92077,34.89473],[133.93867,34.88448],[133.92802,34.87247],[133.94521,34.86963],[134.00455,34.89478],[134.00184,34.91097],[134.02517,34.95087],[134.04923,34.93668],[134.0892,34.9422],[134.088,34.92939],[134.10964,34.91099],[134.1276,34.91335],[134.12436,34.89056],[134.16548,34.88089],[134.1721,34.8992],[134.19803,34.89135],[134.19626,34.91487],[134.22715,34.90893],[134.22633,34.92347],[134.25015,34.94931],[134.29501,34.90746],[134.26276,34.88415],[134.26706,34.87539],[134.25274,34.8519],[134.26531,34.84045],[134.26223,34.82924],[134.28828,34.82835],[134.3171,34.80195],[134.31771,34.77811],[134.33483,34.76913],[134.32153,34.76171],[134.31303,34.7384],[134.32376,34.73225],[134.32149,34.7218],[134.29811,34.73654],[134.27545,34.73456],[134.26859,34.71918],[134.24377,34.71528],[134.22532,34.71973],[134.22901,34.73129],[134.18251,34.74032],[134.17944,34.73305],[134.20495,34.7268],[134.19454,34.71686],[134.2142,34.71622],[134.19743,34.70777],[134.23561,34.71486],[134.24494,34.69815],[134.21369,34.68497],[134.22317,34.68082],[134.20452,34.67435],[134.20993,34.66637],[134.19219,34.66527],[134.19853,34.65921],[134.19112,34.65197],[134.17056,34.65286],[134.17393,34.63132],[134.18721,34.63133],[134.17001,34.6135],[134.14642,34.61719],[134.13436,34.60782],[134.13814,34.59919],[134.11997,34.58863],[134.0858,34.5803],[134.06016,34.5846],[134.05321,34.59603],[134.06306,34.60857],[134.04788,34.59731],[134.04215,34.60833],[133.99605,34.61356],[133.98165,34.60016],[133.94606,34.59915],[133.95951,34.58365],[133.97399,34.59451],[134.02882,34.59879],[134.04718,34.57659],[134.03119,34.57041],[134.03154,34.55073],[134.00107,34.54543],[133.99556,34.526],[134.00342,34.51148],[133.97939,34.53285],[133.95947,34.52272],[133.95648,34.50597],[133.96486,34.49501],[133.94741,34.49313],[133.93541,34.47857],[133.94362,34.46429],[133.93492,34.45091],[133.8819,34.45619],[133.82994,34.47579],[133.80754,34.45769],[133.82243,34.42973],[133.78662,34.43549],[133.76663,34.47232],[133.75814,34.46852],[133.75958,34.48585],[133.74833,34.48947],[133.73977,34.52512],[133.73504,34.49857],[133.71898,34.50388],[133.71896,34.4964],[133.73718,34.49058],[133.7434,34.4706],[133.72449,34.47155],[133.73361,34.46865],[133.70403,34.47783],[133.70533,34.52306],[133.68763,34.5256],[133.67866,34.52307],[133.69067,34.51964],[133.69028,34.50483],[133.69046,34.51238],[133.67019,34.50735],[133.67698,34.51833],[133.65944,34.52081],[133.64866,34.50404],[133.59346,34.49052],[133.58873,34.48248],[133.60116,34.47275],[133.54054,34.46139],[133.51863,34.47878],[133.50941,34.49988],[133.48581,34.51387],[133.52696,34.47125],[133.52747,34.45389],[133.4738,34.44146],[133.47331,34.45068],[133.49029,34.45996],[133.48438,34.46595],[133.45632,34.45454],[133.45522,34.4774],[133.44587,34.48306],[133.45644,34.49993],[133.44494,34.50589],[133.45439,34.53151],[133.44621,34.55634],[133.42673,34.56914],[133.42218,34.58657],[133.39701,34.59488],[133.38358,34.61979],[133.40338,34.67192],[133.38275,34.68029],[133.36975,34.72282],[133.3582,34.73327],[133.37038,34.74686],[133.36185,34.7556],[133.37685,34.78175],[133.36969,34.78916],[133.37809,34.80836],[133.33596,34.83479],[133.32886,34.85305]]],[[[134.27468,34.71362],[134.29742,34.73034],[134.32287,34.7141],[134.33512,34.72241],[134.34719,34.70917],[134.34176,34.70319],[134.32623,34.71229],[134.31671,34.70286],[134.30585,34.71528],[134.28971,34.7062],[134.27468,34.71362]]],[[[133.51617,34.38436],[133.54501,34.40216],[133.55815,34.39335],[133.545,34.37737],[133.55974,34.37697],[133.56024,34.37004],[133.5452,34.36669],[133.51617,34.38436]]],[[[133.50486,34.4068],[133.52712,34.41583],[133.52579,34.39916],[133.51377,34.38969],[133.50486,34.4068]]],[[[134.1642,34.60482],[134.20186,34.61586],[134.19102,34.60552],[134.1642,34.60482]]],[[[134.24946,34.69569],[134.25859,34.70728],[134.27163,34.69635],[134.24946,34.69569]]],[[[133.66884,34.48753],[133.66919,34.50203],[133.68442,34.50427],[133.68354,34.49053],[133.66906,34.49071],[133.68123,34.48736],[133.66884,34.48753]]],[[[134.24263,34.68036],[134.25589,34.68799],[134.27363,34.68171],[134.26198,34.67476],[134.24263,34.68036]]],[[[134.21835,34.67445],[134.24578,34.67512],[134.22467,34.66778],[134.21835,34.67445]]]]}},{"type":"Feature","id":"330020","properties":{"region_code":"330020","geometry_key":"330020","name_ja":"北部","name_en":"Northern Region","parent_code":"330000","parent_name_ja":"岡山県","display_name_ja":"岡山県 北部","office_name_ja":null,"label_lon":133.83997722411965,"label_lat":35.10441263973158,"label_point_semantics":"OFFICIAL_SOURCE_BBOX_CENTER_DISPLAY_ONLY"},"geometry":{"type":"Polygon","coordinates":[[[133.26679,35.05297],[133.29082,35.07094],[133.29314,35.1016],[133.32552,35.09347],[133.33822,35.10656],[133.35487,35.10077],[133.41183,35.12115],[133.39322,35.16769],[133.39646,35.18086],[133.41557,35.18472],[133.44756,35.1713],[133.50797,35.19312],[133.52619,35.18293],[133.5216,35.21043],[133.50554,35.22817],[133.51675,35.24066],[133.53483,35.23672],[133.56077,35.24675],[133.57679,35.31441],[133.5968,35.34502],[133.64963,35.33622],[133.67835,35.31894],[133.69711,35.32714],[133.74525,35.31951],[133.80001,35.29265],[133.81802,35.25271],[133.83208,35.24883],[133.84457,35.24949],[133.86594,35.27226],[133.86214,35.2925],[133.92522,35.3069],[133.9341,35.33513],[134.01481,35.35039],[134.01551,35.33408],[133.99942,35.3148],[134.00812,35.30817],[134.07022,35.29727],[134.09776,35.3057],[134.11571,35.28355],[134.1398,35.27882],[134.1377,35.26935],[134.15058,35.25796],[134.13734,35.23865],[134.16418,35.22798],[134.15295,35.19628],[134.17216,35.16985],[134.18994,35.17587],[134.19347,35.18912],[134.2218,35.19045],[134.26047,35.21098],[134.27846,35.19687],[134.32122,35.20182],[134.39307,35.25269],[134.40291,35.24143],[134.38201,35.22071],[134.38294,35.19455],[134.41249,35.18422],[134.40869,35.14787],[134.36739,35.14696],[134.35035,35.09104],[134.31892,35.08328],[134.31687,35.04353],[134.28159,35.03723],[134.26444,35.01669],[134.26526,35.00531],[134.28668,34.99611],[134.27065,34.9833],[134.27686,34.96305],[134.24389,34.94693],[134.22633,34.92347],[134.22715,34.90893],[134.19626,34.91487],[134.19803,34.89135],[134.1721,34.8992],[134.16548,34.88089],[134.12436,34.89056],[134.1276,34.91335],[134.10964,34.91099],[134.088,34.92939],[134.0892,34.9422],[134.04923,34.93668],[134.02517,34.95087],[134.00184,34.91097],[134.00447,34.8947],[133.95996,34.8727],[133.92802,34.87247],[133.93867,34.88448],[133.92077,34.89473],[133.92316,34.90135],[133.8941,34.90969],[133.90627,34.91822],[133.9005,34.92243],[133.91113,34.94775],[133.88294,34.94834],[133.86927,34.93242],[133.86117,34.94359],[133.85045,34.94319],[133.85024,34.93438],[133.82169,34.95296],[133.79054,34.92779],[133.76649,34.93718],[133.76189,34.95249],[133.74222,34.94564],[133.70846,34.96021],[133.69481,34.94881],[133.64974,34.94252],[133.65007,34.91534],[133.6193,34.9002],[133.61733,34.93199],[133.60407,34.9525],[133.59081,34.95117],[133.58414,34.94684],[133.58941,34.93364],[133.56838,34.92904],[133.56159,34.91441],[133.56976,34.89793],[133.56447,34.88616],[133.52388,34.87676],[133.51427,34.86591],[133.49225,34.87859],[133.48195,34.87184],[133.47255,34.88594],[133.45076,34.87411],[133.42457,34.88649],[133.39017,34.86921],[133.35312,34.87772],[133.33001,34.85602],[133.29405,34.90314],[133.30945,34.93705],[133.29726,34.956],[133.32017,34.98364],[133.32176,35.00615],[133.26679,35.05297]]]}},{"type":"Feature","id":"340010","properties":{"region_code":"340010","geometry_key":"340010","name_ja":"南部","name_en":"Southern Region","parent_code":"340000","parent_name_ja":"広島県","display_name_ja":"広島県 南部","office_name_ja":null,"label_lon":132.75356499992483,"label_lat":34.444611527200266,"label_point_semantics":"OFFICIAL_SOURCE_BBOX_CENTER_DISPLAY_ONLY"},"geometry":{"type":"MultiPolygon","coordinates":[[[[132.03645,34.50126],[132.05238,34.53028],[132.08395,34.53753],[132.12553,34.58315],[132.16342,34.5424],[132.18497,34.54257],[132.16671,34.52242],[132.19633,34.4964],[132.21541,34.51465],[132.24039,34.50785],[132.24936,34.52981],[132.29539,34.54859],[132.35845,34.5523],[132.36051,34.55906],[132.36516,34.53925],[132.38668,34.55425],[132.38729,34.58311],[132.3996,34.60414],[132.42576,34.60321],[132.43894,34.592],[132.47242,34.61477],[132.49947,34.5936],[132.52454,34.60667],[132.53082,34.58807],[132.56919,34.57256],[132.57377,34.56274],[132.59056,34.58201],[132.6082,34.58604],[132.61333,34.60108],[132.63395,34.5959],[132.67409,34.61073],[132.69354,34.58947],[132.68312,34.56579],[132.69156,34.55953],[132.68815,34.5357],[132.69993,34.53625],[132.70948,34.55431],[132.78348,34.58007],[132.79978,34.62248],[132.83644,34.60532],[132.8763,34.61405],[132.86733,34.62116],[132.8785,34.63135],[132.87252,34.64655],[132.8814,34.64536],[132.87809,34.66349],[132.89052,34.68349],[132.92554,34.67555],[132.9384,34.68239],[132.94062,34.66345],[132.95408,34.65172],[132.95826,34.66006],[132.97093,34.65435],[132.96947,34.66492],[132.9852,34.67712],[133.01513,34.68001],[133.0624,34.65196],[133.0847,34.66038],[133.08592,34.67604],[133.10159,34.69311],[133.1022,34.73183],[133.11923,34.73539],[133.13514,34.75568],[133.16606,34.7551],[133.16777,34.76686],[133.1353,34.79443],[133.14501,34.80979],[133.13494,34.82405],[133.14208,34.83873],[133.16349,34.85414],[133.1947,34.85124],[133.21559,34.86157],[133.23437,34.83441],[133.2302,34.82266],[133.24527,34.81077],[133.24661,34.82065],[133.27607,34.83573],[133.27779,34.85391],[133.30809,34.84739],[133.32886,34.85305],[133.33596,34.83479],[133.37451,34.81391],[133.37759,34.79708],[133.36969,34.78916],[133.37685,34.78175],[133.36185,34.7556],[133.37038,34.74686],[133.3582,34.73327],[133.36975,34.72282],[133.38275,34.68029],[133.40338,34.67192],[133.38358,34.61979],[133.39701,34.59488],[133.42218,34.58657],[133.42673,34.56914],[133.44621,34.55634],[133.45439,34.53151],[133.44494,34.50589],[133.45644,34.49993],[133.4429,34.48267],[133.44364,34.44558],[133.41452,34.45922],[133.41522,34.47835],[133.40847,34.47846],[133.40818,34.45724],[133.44053,34.43626],[133.4313,34.4241],[133.41049,34.4379],[133.40769,34.42827],[133.38656,34.42258],[133.38391,34.38169],[133.36683,34.36867],[133.34611,34.3655],[133.34422,34.37832],[133.32278,34.37647],[133.30592,34.38757],[133.29047,34.38334],[133.28146,34.40158],[133.27886,34.39412],[133.24632,34.38977],[133.24366,34.40018],[133.25959,34.39712],[133.27398,34.41758],[133.27033,34.4327],[133.2516,34.44153],[133.25559,34.42482],[133.24209,34.43589],[133.24548,34.42388],[133.23406,34.41156],[133.12747,34.38256],[133.08488,34.39565],[133.09674,34.37936],[133.08627,34.37862],[133.07683,34.34407],[133.01553,34.32861],[132.95081,34.34033],[132.92889,34.3257],[132.91671,34.33289],[132.88861,34.32404],[132.86919,34.31229],[132.87405,34.30219],[132.84707,34.29169],[132.83426,34.31612],[132.79895,34.31256],[132.78852,34.278],[132.75424,34.28234],[132.75975,34.26745],[132.753,34.25949],[132.7734,34.25534],[132.76041,34.24037],[132.70132,34.23752],[132.68439,34.21032],[132.66025,34.21928],[132.66097,34.20841],[132.64091,34.20177],[132.59562,34.23114],[132.59249,34.21162],[132.54359,34.19327],[132.54327,34.21119],[132.53156,34.22217],[132.5484,34.22504],[132.55853,34.23823],[132.53965,34.24775],[132.53155,34.24153],[132.52447,34.24627],[132.52992,34.2553],[132.51457,34.25695],[132.51885,34.28262],[132.49432,34.31624],[132.50436,34.33642],[132.4917,34.33672],[132.50296,34.35059],[132.51643,34.34376],[132.50873,34.35271],[132.52486,34.3594],[132.51743,34.36521],[132.48256,34.35312],[132.47561,34.36709],[132.47851,34.35672],[132.45249,34.3528],[132.44982,34.34084],[132.43785,34.3454],[132.43991,34.35232],[132.39926,34.36536],[132.37556,34.36038],[132.37686,34.35238],[132.36473,34.34747],[132.36449,34.36031],[132.33828,34.35421],[132.35654,34.3494],[132.33571,34.34742],[132.33892,34.34196],[132.35875,34.34529],[132.33676,34.33768],[132.32678,34.34412],[132.31899,34.3233],[132.27889,34.2828],[132.23013,34.25464],[132.22066,34.23276],[132.23889,34.22714],[132.2456,34.21067],[132.19511,34.20451],[132.20486,34.22861],[132.17191,34.22512],[132.17089,34.23358],[132.15691,34.22924],[132.14422,34.23697],[132.14635,34.25678],[132.13357,34.27201],[132.14005,34.28494],[132.124,34.29665],[132.12736,34.33292],[132.10753,34.32805],[132.08526,34.35788],[132.0698,34.3563],[132.0778,34.3879],[132.06975,34.39099],[132.06879,34.41605],[132.08102,34.44347],[132.05738,34.48182],[132.05983,34.49216],[132.03645,34.50126]]],[[[132.37208,34.2583],[132.37727,34.26464],[132.38033,34.25651],[132.41981,34.25799],[132.43918,34.22497],[132.45776,34.23094],[132.47412,34.20846],[132.47973,34.23168],[132.47092,34.24455],[132.45609,34.25674],[132.45026,34.24697],[132.4331,34.25031],[132.44578,34.26662],[132.43415,34.28603],[132.47475,34.2835],[132.47972,34.29626],[132.49893,34.26712],[132.49018,34.20386],[132.47332,34.19457],[132.47132,34.17888],[132.48806,34.16071],[132.48924,34.14134],[132.44618,34.13235],[132.44603,34.13958],[132.42845,34.12864],[132.44557,34.15232],[132.44484,34.17918],[132.45719,34.17786],[132.43758,34.19595],[132.42879,34.1731],[132.42009,34.19804],[132.38442,34.22634],[132.38907,34.24015],[132.37208,34.2583]]],[[[132.44728,34.10826],[132.50446,34.1336],[132.5086,34.14298],[132.49409,34.14891],[132.49509,34.16885],[132.50295,34.18533],[132.52743,34.20028],[132.5377,34.19979],[132.53373,34.18901],[132.55209,34.18725],[132.55902,34.17323],[132.54678,34.17663],[132.52147,34.15752],[132.53202,34.14664],[132.54841,34.15146],[132.54875,34.14126],[132.55779,34.1506],[132.53762,34.12111],[132.53909,34.10756],[132.57594,34.12784],[132.58302,34.11206],[132.59304,34.11515],[132.58511,34.10607],[132.57014,34.11551],[132.56784,34.09705],[132.55079,34.0789],[132.54568,34.0979],[132.53526,34.09533],[132.53228,34.10392],[132.51295,34.09103],[132.50194,34.1034],[132.49852,34.09096],[132.46046,34.08231],[132.44728,34.10826]]],[[[132.83808,34.24187],[132.85778,34.23989],[132.85577,34.24905],[132.88355,34.24412],[132.877,34.25171],[132.88747,34.2623],[132.90055,34.24753],[132.92675,34.28268],[132.94221,34.27739],[132.92983,34.24797],[132.91335,34.23489],[132.91611,34.21192],[132.85597,34.20816],[132.83808,34.24187]]],[[[133.13401,34.33313],[133.15448,34.35938],[133.17358,34.35795],[133.17846,34.34167],[133.19729,34.33802],[133.2115,34.31401],[133.19352,34.30054],[133.21023,34.29755],[133.19688,34.27591],[133.15574,34.29884],[133.13401,34.33313]]],[[[133.06716,34.26703],[133.08905,34.31293],[133.10239,34.30629],[133.13372,34.31691],[133.14866,34.30255],[133.14697,34.28747],[133.09373,34.25661],[133.06716,34.26703]]],[[[132.26221,34.25189],[132.29009,34.28739],[132.32015,34.29541],[132.33173,34.31107],[132.34859,34.29292],[132.3403,34.27285],[132.29414,34.23914],[132.27419,34.23144],[132.26221,34.25189]]],[[[133.16996,34.38734],[133.21304,34.40915],[133.23576,34.40639],[133.23947,34.39823],[133.21904,34.38042],[133.21206,34.35618],[133.18372,34.35846],[133.16996,34.38734]]],[[[132.68577,34.18319],[132.68652,34.19643],[132.70982,34.20447],[132.75734,34.19362],[132.75404,34.18206],[132.76548,34.17742],[132.73871,34.1578],[132.73849,34.17337],[132.72252,34.16926],[132.71321,34.18097],[132.68577,34.18319]]],[[[132.79959,34.15863],[132.80676,34.17805],[132.84618,34.19579],[132.86938,34.177],[132.82003,34.15092],[132.79959,34.15863]]],[[[133.09469,34.33065],[133.1034,34.32631],[133.09722,34.34014],[133.10352,34.35634],[133.11732,34.36012],[133.12709,34.33768],[133.12009,34.32369],[133.11008,34.3172],[133.09469,34.33065]]],[[[133.28873,34.35603],[133.30457,34.36981],[133.31944,34.37258],[133.32511,34.35997],[133.34255,34.37057],[133.33805,34.35648],[133.30268,34.34235],[133.28873,34.35603]]],[[[132.6443,34.17109],[132.65609,34.19635],[132.67733,34.20291],[132.68446,34.18771],[132.67595,34.17471],[132.6443,34.17109]]],[[[132.38151,34.17143],[132.38529,34.17757],[132.41314,34.16972],[132.41685,34.15631],[132.38751,34.14953],[132.38151,34.17143]]],[[[132.77069,34.17038],[132.78614,34.18874],[132.79983,34.17664],[132.78211,34.16086],[132.77221,34.16111],[132.77069,34.17038]]],[[[133.06191,34.31466],[133.08085,34.33236],[133.08196,34.30363],[133.06684,34.30364],[133.06191,34.31466]]],[[[133.26198,34.34443],[133.28852,34.35721],[133.27921,34.33494],[133.26237,34.33231],[133.26198,34.34443]]],[[[132.41451,34.30065],[132.4441,34.3253],[132.44283,34.29696],[132.41451,34.30065]]],[[[133.25694,34.37501],[133.26088,34.38445],[133.27943,34.38024],[133.27016,34.36082],[133.25694,34.37501]]],[[[132.51951,34.05161],[132.53132,34.07348],[132.53925,34.06991],[132.53391,34.04683],[132.51951,34.05161]]],[[[133.15159,34.38184],[133.16772,34.39007],[133.17281,34.37425],[133.15159,34.38184]]],[[[132.29233,34.18952],[132.29623,34.19962],[132.31955,34.18988],[132.29233,34.18952]]],[[[132.90489,34.28482],[132.91492,34.30015],[132.91668,34.29037],[132.92564,34.29668],[132.91973,34.28091],[132.90489,34.28482]]],[[[133.42735,34.34956],[133.45472,34.33776],[133.43051,34.33909],[133.42735,34.34956]]],[[[132.78972,34.27368],[132.80535,34.28224],[132.81131,34.27677],[132.80287,34.26844],[132.78972,34.27368]]]]}},{"type":"Feature","id":"340020","properties":{"region_code":"340020","geometry_key":"340020","name_ja":"北部","name_en":"Northern Region","parent_code":"340000","parent_name_ja":"広島県","display_name_ja":"広島県 北部","office_name_ja":null,"label_lon":132.723849027111,"label_lat":34.80104041423377,"label_point_semantics":"OFFICIAL_SOURCE_BBOX_CENTER_DISPLAY_ONLY"},"geometry":{"type":"Polygon","coordinates":[[[132.11635,34.61236],[132.13081,34.62917],[132.12775,34.64178],[132.16193,34.68314],[132.15832,34.69243],[132.12955,34.69937],[132.13077,34.70803],[132.17802,34.73677],[132.18917,34.73363],[132.20255,34.74867],[132.22238,34.74954],[132.22511,34.76992],[132.24266,34.783],[132.24246,34.8066],[132.2781,34.79898],[132.28021,34.78351],[132.29787,34.77656],[132.31831,34.80161],[132.33448,34.79],[132.37431,34.80099],[132.39668,34.77942],[132.42482,34.79916],[132.4209,34.81377],[132.43536,34.82067],[132.45668,34.80741],[132.45426,34.8007],[132.50558,34.79603],[132.51969,34.804],[132.53806,34.79499],[132.55408,34.80828],[132.56778,34.80615],[132.59917,34.83358],[132.61225,34.83302],[132.61459,34.84301],[132.66753,34.83228],[132.68038,34.85173],[132.69805,34.84276],[132.7106,34.84986],[132.70078,34.8819],[132.63403,34.9048],[132.67576,34.9326],[132.6852,34.95063],[132.70728,34.95509],[132.72039,34.94799],[132.73861,34.96231],[132.74972,34.96026],[132.74513,34.97683],[132.7687,34.98395],[132.76559,34.99671],[132.78775,35.00479],[132.81372,35.04055],[132.83674,35.04697],[132.8281,35.06208],[132.87319,35.10232],[132.89532,35.10481],[132.90948,35.08622],[132.95042,35.07538],[132.97467,35.08296],[132.99085,35.10132],[133.03398,35.06816],[133.09642,35.08542],[133.12217,35.08399],[133.14214,35.06473],[133.16104,35.07418],[133.16826,35.06745],[133.21092,35.07421],[133.23007,35.06802],[133.23234,35.07742],[133.24958,35.07904],[133.26897,35.04998],[133.32176,35.00615],[133.32017,34.98364],[133.29726,34.956],[133.30945,34.93705],[133.29405,34.90314],[133.33096,34.85397],[133.30984,34.84737],[133.27745,34.85384],[133.27607,34.83573],[133.24661,34.82065],[133.24527,34.81077],[133.2302,34.82266],[133.23437,34.83441],[133.21574,34.86155],[133.1947,34.85124],[133.16349,34.85414],[133.14375,34.84027],[133.13494,34.82405],[133.14501,34.80979],[133.1353,34.79443],[133.16777,34.76686],[133.16606,34.7551],[133.13514,34.75568],[133.11923,34.73539],[133.1022,34.73183],[133.10159,34.69311],[133.08592,34.67604],[133.0848,34.6605],[133.06929,34.65348],[133.01536,34.68003],[132.9852,34.67712],[132.96947,34.66492],[132.97093,34.65435],[132.95826,34.66006],[132.95408,34.65172],[132.94062,34.66345],[132.9384,34.68239],[132.92554,34.67555],[132.89052,34.68349],[132.87809,34.66349],[132.8814,34.64536],[132.87252,34.64655],[132.8785,34.63135],[132.86733,34.62116],[132.8763,34.61405],[132.83644,34.60532],[132.79978,34.62248],[132.78348,34.58007],[132.70948,34.55431],[132.70188,34.53752],[132.68934,34.53479],[132.69156,34.55953],[132.68312,34.56579],[132.69354,34.58947],[132.67315,34.61099],[132.63395,34.5959],[132.61333,34.60108],[132.6082,34.58604],[132.59056,34.58201],[132.57377,34.56274],[132.56919,34.57256],[132.53082,34.58807],[132.5243,34.60673],[132.49947,34.5936],[132.4792,34.61265],[132.46442,34.61384],[132.43894,34.592],[132.42576,34.60321],[132.39965,34.60417],[132.38729,34.58311],[132.38668,34.55425],[132.3669,34.54],[132.35992,34.53815],[132.36051,34.55906],[132.35845,34.5523],[132.29539,34.54859],[132.24936,34.52981],[132.24039,34.50785],[132.21541,34.51465],[132.19609,34.49639],[132.16671,34.52242],[132.18497,34.54257],[132.15616,34.5492],[132.12553,34.58315],[132.12968,34.59548],[132.11635,34.61236]]]}},{"type":"Feature","id":"350010","properties":{"region_code":"350010","geometry_key":"350010","name_ja":"西部","name_en":"Western Region","parent_code":"350000","parent_name_ja":"山口県","display_name_ja":"山口県 西部","office_name_ja":null,"label_lon":131.07747499977148,"label_lat":34.1433029863438,"label_point_semantics":"OFFICIAL_SOURCE_BBOX_CENTER_DISPLAY_ONLY"},"geometry":{"type":"MultiPolygon","coordinates":[[[[130.86039,34.11081],[130.86668,34.13681],[130.90065,34.13868],[130.90456,34.14741],[130.89588,34.15313],[130.91605,34.15989],[130.93354,34.18906],[130.92981,34.21153],[130.91624,34.21495],[130.92147,34.23974],[130.86686,34.28783],[130.8976,34.31728],[130.88968,34.34436],[130.90539,34.36359],[130.92769,34.34132],[130.93502,34.35212],[130.98043,34.36347],[130.9934,34.35812],[131.03552,34.31156],[131.07469,34.29328],[131.09771,34.26304],[131.13946,34.27231],[131.17247,34.26407],[131.16002,34.23103],[131.1071,34.20539],[131.09873,34.18743],[131.11686,34.15977],[131.0915,34.16686],[131.08261,34.14719],[131.08431,34.13084],[131.10135,34.1231],[131.12527,34.08299],[131.16452,34.09253],[131.18099,34.11823],[131.21027,34.11327],[131.23753,34.12698],[131.24138,34.14116],[131.27453,34.14156],[131.29373,34.1667],[131.31828,34.16684],[131.32524,34.16073],[131.31845,34.1503],[131.36959,34.13771],[131.37932,34.12137],[131.36962,34.1073],[131.3452,34.10769],[131.34968,34.07493],[131.30666,34.03185],[131.29202,34.00121],[131.30895,33.99387],[131.34865,34.00274],[131.36218,33.9976],[131.36152,33.98686],[131.34773,33.98077],[131.35579,33.96642],[131.24491,33.91897],[131.24665,33.93138],[131.25593,33.93193],[131.23255,33.92708],[131.24887,33.94294],[131.23901,33.95143],[131.23138,33.93765],[131.21533,33.93672],[131.23322,33.95402],[131.22608,33.94671],[131.22771,33.96432],[131.224,33.94907],[131.20892,33.95893],[131.21049,33.9445],[131.17845,33.93141],[131.15772,33.95331],[131.16973,33.96358],[131.16198,33.96987],[131.17328,33.96937],[131.1692,33.97837],[131.16104,33.97387],[131.17008,33.99686],[131.15597,33.98881],[131.14619,33.99516],[131.15065,34.00352],[131.13419,34.0043],[131.13964,33.99256],[131.13343,33.99046],[131.10033,34.03287],[131.04744,34.04228],[131.04283,34.0575],[131.0122,34.02697],[131.02126,34.02012],[131.01464,34.01204],[131.00336,34.01652],[131.00627,34.00308],[130.99756,34.00408],[130.99676,33.98976],[130.92462,33.94741],[130.92837,33.93842],[130.91532,33.93876],[130.92002,33.95259],[130.90584,33.95421],[130.91686,33.97849],[130.90869,33.99252],[130.91632,34.01972],[130.90356,34.02535],[130.91211,34.05901],[130.89557,34.07073],[130.88836,34.06535],[130.86039,34.11081]]],[[[130.8745,33.94639],[130.91425,33.95351],[130.91469,33.93834],[130.92835,33.92674],[130.92344,33.91433],[130.90264,33.91462],[130.91013,33.92617],[130.8992,33.92182],[130.89349,33.93926],[130.8745,33.94639]]],[[[130.83808,34.35132],[130.86577,34.3594],[130.86696,34.37386],[130.88049,34.36376],[130.87758,34.35343],[130.85887,34.35312],[130.84734,34.34096],[130.83808,34.35132]]],[[[130.77487,34.1122],[130.7958,34.10469],[130.79988,34.09337],[130.78218,34.0978],[130.77487,34.1122]]]]}},{"type":"Feature","id":"350020","properties":{"region_code":"350020","geometry_key":"350020","name_ja":"中部","name_en":"Central Region","parent_code":"350000","parent_name_ja":"山口県","display_name_ja":"山口県 中部","office_name_ja":null,"label_lon":131.66139236036918,"label_lat":34.215967635248234,"label_point_semantics":"OFFICIAL_SOURCE_BBOX_CENTER_DISPLAY_ONLY"},"geometry":{"type":"MultiPolygon","coordinates":[[[[131.29202,34.00121],[131.30666,34.03185],[131.34968,34.07493],[131.3452,34.10769],[131.36107,34.10489],[131.37597,34.11499],[131.36959,34.13771],[131.3775,34.14489],[131.36931,34.15108],[131.39065,34.17963],[131.4012,34.18098],[131.40492,34.20964],[131.48151,34.24482],[131.49918,34.24041],[131.51388,34.2779],[131.5264,34.28162],[131.52171,34.28908],[131.55793,34.30811],[131.56636,34.32808],[131.55379,34.36159],[131.53404,34.36902],[131.54828,34.38879],[131.53663,34.41049],[131.60668,34.40983],[131.6342,34.44487],[131.63837,34.46424],[131.64996,34.46987],[131.64628,34.499],[131.65751,34.50451],[131.67551,34.50096],[131.68234,34.479],[131.69912,34.47703],[131.69743,34.43531],[131.73783,34.4286],[131.75538,34.44036],[131.76139,34.43367],[131.79382,34.43621],[131.78478,34.39986],[131.76346,34.38094],[131.76525,34.36407],[131.77902,34.35021],[131.77691,34.33345],[131.82035,34.30244],[131.83417,34.31126],[131.88156,34.30836],[131.87843,34.2746],[131.89417,34.25143],[131.89138,34.23504],[131.91968,34.22159],[131.93727,34.22992],[131.94481,34.20064],[131.96029,34.19761],[131.95815,34.18149],[131.96584,34.17647],[131.95665,34.16939],[131.95255,34.12802],[131.96474,34.11367],[131.967,34.08906],[131.99575,34.07952],[131.99753,34.06438],[132.02369,34.06965],[132.03068,34.04702],[132.02228,34.02551],[131.98271,34.02454],[131.96527,34.03285],[131.96087,34.0155],[131.90879,33.99694],[131.89159,33.97844],[131.87516,33.99045],[131.86153,33.98813],[131.86848,33.99365],[131.86417,34.00705],[131.85921,34.00081],[131.85623,34.0084],[131.83066,34.01099],[131.8184,33.99305],[131.79468,33.98773],[131.82099,33.97765],[131.8103,33.96777],[131.77049,33.98079],[131.82761,34.02938],[131.80234,34.04323],[131.78847,34.02468],[131.7811,34.02751],[131.80081,34.04847],[131.79283,34.05054],[131.79691,34.05914],[131.7636,34.05876],[131.7583,34.04827],[131.74244,34.05243],[131.73723,34.04569],[131.76138,34.06788],[131.74226,34.07201],[131.73972,34.06174],[131.70937,34.06043],[131.69778,34.04649],[131.67879,34.0545],[131.67681,34.04255],[131.6447,34.03709],[131.64512,34.04731],[131.63456,34.04687],[131.60987,34.02079],[131.59942,34.03861],[131.54017,33.99751],[131.52267,34.00774],[131.50908,34.00361],[131.51586,34.01401],[131.50874,34.02293],[131.47484,34.0378],[131.46556,34.02752],[131.47971,34.01184],[131.45518,34.00385],[131.46099,33.98786],[131.45116,33.99551],[131.44187,33.98281],[131.42411,33.98919],[131.43188,34.00644],[131.42034,34.01559],[131.39654,33.98425],[131.39447,33.99768],[131.41713,34.0213],[131.39444,34.02554],[131.40432,34.04253],[131.39421,34.05129],[131.38464,34.05],[131.38644,34.03194],[131.37085,34.0268],[131.38339,34.02189],[131.36967,33.99816],[131.34865,34.00274],[131.30895,33.99387],[131.29202,34.00121]]],[[[131.80426,33.94661],[131.8215,33.95925],[131.82068,33.94478],[131.83327,33.94796],[131.83353,33.95658],[131.84738,33.94999],[131.84901,33.96751],[131.84138,33.9667],[131.85775,33.98999],[131.87771,33.97059],[131.8599,33.96558],[131.86189,33.95069],[131.83536,33.93347],[131.81964,33.9307],[131.80426,33.94661]]],[[[131.55564,33.99086],[131.58272,34.02386],[131.60146,34.0149],[131.58195,33.99275],[131.55564,33.99086]]],[[[131.72635,34.02835],[131.73412,34.03793],[131.75271,34.03269],[131.76274,34.04808],[131.78022,34.04856],[131.74362,34.02218],[131.72635,34.02835]]],[[[131.6914,34.00813],[131.70501,34.00803],[131.7059,34.03222],[131.71493,34.032],[131.71101,33.99995],[131.73274,33.98234],[131.71887,33.97951],[131.71939,33.98964],[131.6914,34.00813]]]]}},{"type":"Feature","id":"350030","properties":{"region_code":"350030","geometry_key":"350030","name_ja":"東部","name_en":"Eastern Region","parent_code":"350000","parent_name_ja":"山口県","display_name_ja":"山口県 東部","office_name_ja":null,"label_lon":132.1853108301308,"label_lat":34.09107930656481,"label_point_semantics":"OFFICIAL_SOURCE_BBOX_CENTER_DISPLAY_ONLY"},"geometry":{"type":"MultiPolygon","coordinates":[[[[131.87843,34.2746],[131.88755,34.32724],[131.89954,34.31816],[131.91946,34.3381],[131.96098,34.30802],[131.97413,34.34137],[132.01347,34.37133],[131.98985,34.41342],[131.99752,34.42791],[132.01623,34.43747],[132.02507,34.46238],[132.06418,34.46888],[132.08104,34.44335],[132.06879,34.41605],[132.06975,34.39099],[132.0778,34.3879],[132.0698,34.3563],[132.08526,34.35788],[132.10753,34.32805],[132.12736,34.33292],[132.124,34.29665],[132.14005,34.28494],[132.13357,34.27201],[132.14635,34.25678],[132.14431,34.23682],[132.15691,34.22924],[132.17089,34.23358],[132.17191,34.22512],[132.20486,34.22861],[132.19543,34.20439],[132.2456,34.21067],[132.24668,34.20091],[132.2323,34.19611],[132.23139,34.18734],[132.23927,34.18756],[132.23086,34.18553],[132.24576,34.17896],[132.24417,34.17101],[132.24922,34.17722],[132.24845,34.13787],[132.25841,34.13654],[132.24764,34.13343],[132.25735,34.13147],[132.22246,34.13104],[132.19896,34.11852],[132.2112,34.08324],[132.20883,34.05465],[132.22074,34.04682],[132.21288,34.00206],[132.18474,33.96136],[132.128,33.95764],[132.1246,33.94699],[132.11878,33.9531],[132.13217,33.90962],[132.12786,33.88798],[132.15827,33.85972],[132.15795,33.84543],[132.14413,33.83331],[132.1165,33.83228],[132.11988,33.87575],[132.07829,33.89204],[132.07426,33.90536],[132.04489,33.90868],[132.05667,33.91411],[132.05422,33.92194],[132.02526,33.90174],[131.98087,33.92967],[131.96874,33.92236],[131.97575,33.91743],[131.96551,33.91835],[131.96296,33.94588],[131.93637,33.94722],[131.93026,33.96189],[131.92544,33.95225],[131.91909,33.96769],[131.89159,33.97844],[131.90879,33.99694],[131.96087,34.0155],[131.96527,34.03285],[131.98271,34.02454],[132.02228,34.02551],[132.03077,34.04525],[132.02425,34.06927],[131.99753,34.06438],[131.99575,34.07952],[131.967,34.08906],[131.96474,34.11367],[131.95255,34.12802],[131.95665,34.16939],[131.96584,34.17647],[131.95815,34.18149],[131.96029,34.19761],[131.94481,34.20064],[131.93727,34.22992],[131.91968,34.22159],[131.89138,34.23504],[131.89417,34.25143],[131.87843,34.2746]]],[[[132.17268,33.92367],[132.18853,33.93448],[132.18448,33.95366],[132.20553,33.94913],[132.2127,33.96411],[132.22972,33.95884],[132.23361,33.96764],[132.26347,33.94858],[132.28597,33.95536],[132.30086,33.9205],[132.31242,33.91482],[132.31981,33.92273],[132.31673,33.90602],[132.33118,33.90126],[132.35399,33.90714],[132.35331,33.91762],[132.36984,33.92842],[132.40202,33.92868],[132.40194,33.94125],[132.41653,33.95292],[132.43869,33.9518],[132.44537,33.94198],[132.47205,33.95017],[132.44264,33.92772],[132.42117,33.92518],[132.40816,33.9096],[132.39896,33.91782],[132.37562,33.91398],[132.36234,33.89626],[132.37216,33.86198],[132.3471,33.86969],[132.33171,33.85777],[132.32493,33.86432],[132.33614,33.8843],[132.301,33.89655],[132.28967,33.89076],[132.28856,33.90214],[132.26809,33.88956],[132.26824,33.87626],[132.27932,33.87085],[132.22012,33.87451],[132.20811,33.85676],[132.20393,33.87907],[132.17607,33.89454],[132.17268,33.92367]]],[[[132.17216,33.80329],[132.22111,33.81579],[132.25961,33.7796],[132.27395,33.78118],[132.25625,33.76649],[132.23999,33.78228],[132.21533,33.78109],[132.19891,33.80348],[132.17427,33.79483],[132.17216,33.80329]]],[[[132.02775,33.7942],[132.05472,33.7985],[132.0604,33.81934],[132.07862,33.82757],[132.07105,33.85849],[132.11849,33.83015],[132.08786,33.82562],[132.04987,33.78457],[132.02775,33.7942]]],[[[131.94711,33.78075],[131.96149,33.78224],[131.96216,33.79431],[131.97204,33.79813],[131.99356,33.77989],[131.96194,33.76843],[131.94711,33.78075]]],[[[132.12661,33.71951],[132.14489,33.73054],[132.13903,33.74646],[132.15181,33.76381],[132.15167,33.7248],[132.13396,33.7129],[132.12661,33.71951]]],[[[132.40179,34.02332],[132.41512,34.03031],[132.43081,34.01479],[132.40602,34.01411],[132.40179,34.02332]]],[[[132.33643,33.94932],[132.35128,33.96076],[132.35662,33.94152],[132.33643,33.94932]]],[[[131.99709,33.85905],[132.01612,33.85946],[132.0172,33.87149],[132.02464,33.85305],[131.99709,33.85905]]]]}},{"type":"Feature","id":"350040","properties":{"region_code":"350040","geometry_key":"350040","name_ja":"北部","name_en":"Northern Region","parent_code":"350000","parent_name_ja":"山口県","display_name_ja":"山口県 北部","office_name_ja":null,"label_lon":131.32751154322324,"label_lat":34.44057208103675,"label_point_semantics":"OFFICIAL_SOURCE_BBOX_CENTER_DISPLAY_ONLY"},"geometry":{"type":"MultiPolygon","coordinates":[[[[130.93461,34.39242],[130.93743,34.40369],[130.95878,34.41182],[130.97405,34.44233],[131.01988,34.411],[131.04641,34.41092],[131.07438,34.42458],[131.11279,34.40924],[131.13194,34.41781],[131.13747,34.39085],[131.15584,34.37246],[131.18801,34.3806],[131.19927,34.39764],[131.20512,34.37487],[131.21463,34.37093],[131.22536,34.39329],[131.2482,34.38154],[131.27533,34.39024],[131.30635,34.38283],[131.32523,34.39265],[131.33727,34.41821],[131.35657,34.41047],[131.41627,34.42779],[131.40928,34.433],[131.42105,34.44184],[131.39608,34.44828],[131.3969,34.46015],[131.41675,34.44909],[131.43194,34.47234],[131.44737,34.47659],[131.44084,34.48355],[131.46201,34.48597],[131.46714,34.50113],[131.45006,34.50699],[131.45539,34.5255],[131.46683,34.53839],[131.50213,34.53298],[131.51979,34.55714],[131.539,34.56301],[131.55478,34.57986],[131.56031,34.61841],[131.60304,34.623],[131.60266,34.6341],[131.58898,34.63324],[131.60382,34.66206],[131.63457,34.66451],[131.64373,34.65574],[131.63822,34.64599],[131.65043,34.64089],[131.64593,34.65321],[131.67485,34.6647],[131.66789,34.676],[131.69035,34.68125],[131.68386,34.6688],[131.70049,34.64918],[131.69482,34.62068],[131.71885,34.61225],[131.72761,34.57644],[131.7132,34.56281],[131.70283,34.56507],[131.70673,34.53293],[131.66706,34.50311],[131.64628,34.499],[131.64996,34.46987],[131.63837,34.46424],[131.6342,34.44487],[131.60668,34.40983],[131.53663,34.41049],[131.54828,34.38879],[131.53404,34.36902],[131.55379,34.36159],[131.56636,34.32808],[131.55789,34.30806],[131.52171,34.28908],[131.5264,34.28162],[131.51388,34.2779],[131.49918,34.24041],[131.48151,34.24482],[131.40492,34.20964],[131.4012,34.18098],[131.37872,34.16648],[131.36959,34.13771],[131.31845,34.1503],[131.32524,34.16073],[131.31828,34.16684],[131.29373,34.1667],[131.27453,34.14156],[131.24138,34.14116],[131.23753,34.12698],[131.21027,34.11327],[131.18099,34.11823],[131.16452,34.09253],[131.12527,34.08299],[131.10135,34.1231],[131.08431,34.13084],[131.08261,34.14719],[131.0915,34.16686],[131.11686,34.15977],[131.09873,34.18743],[131.1071,34.20539],[131.16002,34.23103],[131.17247,34.26407],[131.13946,34.27231],[131.09771,34.26304],[131.07469,34.29328],[131.03552,34.31156],[131.00104,34.3526],[130.98018,34.36218],[131.00086,34.37404],[131.0359,34.37127],[131.01609,34.40518],[131.00283,34.39754],[130.95855,34.40793],[130.9499,34.40277],[130.95508,34.38892],[130.93461,34.39242]]],[[[131.16664,34.42905],[131.2174,34.42565],[131.25238,34.4382],[131.26137,34.41839],[131.24837,34.42574],[131.22247,34.41662],[131.22465,34.42739],[131.20767,34.41184],[131.21474,34.4007],[131.18869,34.39864],[131.17281,34.40838],[131.16664,34.42905]]],[[[131.12696,34.79326],[131.13085,34.79864],[131.14897,34.7898],[131.14617,34.77917],[131.16369,34.77821],[131.16079,34.76343],[131.13692,34.75832],[131.12696,34.79326]]],[[[131.40063,34.49747],[131.41578,34.51238],[131.41831,34.49314],[131.40757,34.48928],[131.40063,34.49747]]],[[[131.27087,34.50604],[131.27759,34.51801],[131.29402,34.51129],[131.27854,34.49714],[131.27087,34.50604]]]]}},{"type":"Feature","id":"360010","properties":{"region_code":"360010","geometry_key":"360010","name_ja":"北部","name_en":"Northern Region","parent_code":"360000","parent_name_ja":"徳島県","display_name_ja":"徳島県 北部","office_name_ja":null,"label_lon":134.15646413711028,"label_lat":34.02160037380824,"label_point_semantics":"OFFICIAL_SOURCE_BBOX_CENTER_DISPLAY_ONLY"},"geometry":{"type":"MultiPolygon","coordinates":[[[[133.66075,33.88181],[133.69052,33.91629],[133.67568,33.92638],[133.6928,33.94683],[133.69236,33.96246],[133.67511,33.9836],[133.68574,34.00366],[133.67955,34.01252],[133.72132,34.02229],[133.72899,34.04416],[133.77847,34.07946],[133.79783,34.06976],[133.81769,34.07224],[133.82294,34.09304],[133.85515,34.10428],[133.89285,34.1082],[133.90309,34.10007],[133.93912,34.1154],[133.9456,34.09217],[133.97305,34.07302],[133.99393,34.07262],[134.01002,34.08669],[134.02626,34.08509],[134.05111,34.11795],[134.0615,34.11101],[134.07956,34.12114],[134.12231,34.11877],[134.13931,34.13408],[134.13524,34.15158],[134.14632,34.16529],[134.17375,34.177],[134.19506,34.17187],[134.26608,34.18321],[134.29223,34.17914],[134.29791,34.16864],[134.31456,34.17726],[134.34419,34.17238],[134.35553,34.18529],[134.4153,34.15705],[134.43334,34.1684],[134.4292,34.18319],[134.44021,34.20785],[134.4716,34.2087],[134.50617,34.22581],[134.57226,34.22248],[134.56683,34.23413],[134.58765,34.24021],[134.58538,34.20175],[134.6419,34.18016],[134.61624,34.14443],[134.62472,34.14238],[134.6234,34.12816],[134.60547,34.1222],[134.60797,34.09067],[134.58398,34.04282],[134.59341,34.04321],[134.58851,34.02873],[134.60109,34.01792],[134.58828,34.00807],[134.61474,33.99724],[134.60507,33.9938],[134.60636,33.98323],[134.61076,33.99181],[134.63447,33.99336],[134.62487,34.00388],[134.63192,34.01142],[134.65099,33.99339],[134.63575,33.96373],[134.62214,33.96846],[134.60888,33.94943],[134.56523,33.93789],[134.56667,33.96258],[134.53541,33.95523],[134.49637,33.97008],[134.47653,33.96644],[134.46436,33.95128],[134.4082,33.95332],[134.34069,33.92498],[134.32649,33.93446],[134.30645,33.92804],[134.29435,33.90666],[134.28611,33.91525],[134.24995,33.91696],[134.23144,33.90794],[134.23904,33.89169],[134.20868,33.88085],[134.19074,33.88551],[134.16929,33.86725],[134.09536,33.85502],[134.08537,33.84397],[134.01265,33.82183],[133.99593,33.82193],[133.98515,33.84078],[133.95978,33.83466],[133.94747,33.80374],[133.91339,33.79118],[133.89338,33.80494],[133.87236,33.80619],[133.83842,33.84527],[133.748,33.83678],[133.738,33.84986],[133.67729,33.85858],[133.66075,33.88181]]],[[[134.58772,34.20731],[134.61051,34.21593],[134.62136,34.21039],[134.61671,34.23209],[134.64378,34.23953],[134.62572,34.18664],[134.58772,34.20731]]],[[[134.58782,34.23078],[134.6056,34.25189],[134.61596,34.24822],[134.61714,34.23292],[134.59124,34.21399],[134.58782,34.23078]]]]}},{"type":"Feature","id":"360020","properties":{"region_code":"360020","geometry_key":"360020","name_ja":"南部","name_en":"Southern Region","parent_code":"360000","parent_name_ja":"徳島県","display_name_ja":"徳島県 南部","office_name_ja":null,"label_lon":134.42757365095326,"label_lat":33.76219995071722,"label_point_semantics":"OFFICIAL_SOURCE_BBOX_CENTER_DISPLAY_ONLY"},"geometry":{"type":"MultiPolygon","coordinates":[[[[134.03283,33.8284],[134.14369,33.86883],[134.16929,33.86725],[134.19074,33.88551],[134.20868,33.88085],[134.23904,33.89169],[134.23144,33.90794],[134.24995,33.91696],[134.28611,33.91525],[134.29435,33.90666],[134.30343,33.9258],[134.32512,33.93431],[134.34069,33.92498],[134.4082,33.95332],[134.46808,33.95211],[134.47653,33.96644],[134.49575,33.97006],[134.53541,33.95523],[134.56667,33.96258],[134.56523,33.93789],[134.61187,33.95062],[134.62469,33.96974],[134.63575,33.96373],[134.65208,33.98582],[134.6683,33.96209],[134.6991,33.95429],[134.71156,33.92447],[134.70163,33.92211],[134.69902,33.90636],[134.67523,33.87973],[134.67462,33.88669],[134.66631,33.87876],[134.65333,33.88244],[134.66077,33.87584],[134.63736,33.87302],[134.62879,33.85695],[134.64667,33.86659],[134.64332,33.8429],[134.69252,33.85438],[134.72026,33.84503],[134.69638,33.84279],[134.68019,33.83032],[134.71966,33.83134],[134.74154,33.84217],[134.7502,33.83396],[134.6406,33.78903],[134.64136,33.78063],[134.62003,33.78657],[134.60206,33.7641],[134.58198,33.77166],[134.58071,33.76231],[134.57003,33.76205],[134.57549,33.7539],[134.56679,33.73263],[134.55469,33.73412],[134.55492,33.74189],[134.54515,33.73759],[134.54327,33.71904],[134.51686,33.70137],[134.4416,33.6633],[134.3959,33.65612],[134.37816,33.6298],[134.36252,33.62808],[134.38993,33.62332],[134.3643,33.60201],[134.36389,33.5886],[134.33173,33.58311],[134.36365,33.5801],[134.31141,33.57665],[134.31185,33.56254],[134.30465,33.56198],[134.31994,33.55509],[134.31286,33.54548],[134.28171,33.56102],[134.23776,33.55205],[134.21848,33.56761],[134.19317,33.56163],[134.18472,33.58869],[134.17052,33.59709],[134.17593,33.60733],[134.15596,33.61179],[134.14925,33.62714],[134.18417,33.64902],[134.17131,33.6575],[134.17465,33.68429],[134.12601,33.69591],[134.05806,33.69103],[134.0701,33.7112],[134.06836,33.72933],[134.05608,33.75148],[134.05813,33.78114],[134.03331,33.80928],[134.03283,33.8284]]],[[[134.48104,33.63652],[134.48801,33.63573],[134.4853,33.64534],[134.50498,33.64079],[134.49649,33.63002],[134.48104,33.63652]]]]}},{"type":"Feature","id":"370000","properties":{"region_code":"370000","geometry_key":"370000","name_ja":"香川県","name_en":"Kagawa Prefecture","parent_code":"370000","parent_name_ja":"香川県","display_name_ja":"香川県 香川県","office_name_ja":null,"label_lon":133.94701375478104,"label_lat":34.28856759456889,"label_point_semantics":"OFFICIAL_SOURCE_BBOX_CENTER_DISPLAY_ONLY"},"geometry":{"type":"MultiPolygon","coordinates":[[[[133.55688,34.26163],[133.59156,34.26063],[133.62231,34.23556],[133.65472,34.23369],[133.67285,34.24696],[133.66701,34.23437],[133.67174,34.22655],[133.6785,34.23632],[133.674,34.22199],[133.68158,34.23399],[133.70189,34.23606],[133.73596,34.26162],[133.73011,34.27346],[133.73637,34.2826],[133.74365,34.27173],[133.7404,34.28194],[133.77265,34.28842],[133.76188,34.29992],[133.76844,34.30492],[133.77753,34.28928],[133.78331,34.30001],[133.77214,34.30598],[133.78275,34.31076],[133.79294,34.29399],[133.78894,34.30807],[133.82717,34.3201],[133.81929,34.35319],[133.84068,34.36059],[133.82892,34.34215],[133.85372,34.36051],[133.85762,34.3458],[133.83084,34.33145],[133.83658,34.32372],[133.86594,34.32765],[133.89495,34.35459],[133.88805,34.37516],[133.89422,34.38258],[133.91756,34.37685],[133.92974,34.38953],[133.93923,34.3752],[133.95921,34.37763],[133.96551,34.36243],[133.97648,34.37326],[134.0004,34.35136],[134.00341,34.35924],[134.03325,34.35341],[134.02941,34.34852],[134.05173,34.36154],[134.04729,34.35551],[134.05975,34.34774],[134.06397,34.35359],[134.05496,34.35633],[134.06954,34.36458],[134.06948,34.35134],[134.075,34.36178],[134.07867,34.35],[134.08566,34.35174],[134.09164,34.38482],[134.12235,34.36067],[134.11639,34.3762],[134.12902,34.38707],[134.11942,34.39706],[134.13632,34.4004],[134.16376,34.38241],[134.15328,34.34351],[134.16432,34.32681],[134.19053,34.33117],[134.18276,34.3528],[134.19221,34.34389],[134.2118,34.34784],[134.2068,34.36969],[134.23377,34.33717],[134.2515,34.35129],[134.26674,34.33391],[134.2655,34.31901],[134.24637,34.30695],[134.25701,34.28592],[134.26825,34.28295],[134.27097,34.29021],[134.29153,34.27424],[134.30583,34.27865],[134.34322,34.25233],[134.3692,34.24983],[134.37858,34.26166],[134.4407,34.19966],[134.4292,34.18319],[134.43334,34.1684],[134.41433,34.15692],[134.35553,34.18529],[134.34419,34.17238],[134.31456,34.17726],[134.29791,34.16864],[134.29223,34.17914],[134.26608,34.18321],[134.19506,34.17187],[134.17375,34.177],[134.14632,34.16529],[134.13524,34.15158],[134.13931,34.13408],[134.12231,34.11877],[134.07956,34.12114],[134.0615,34.11101],[134.05111,34.11795],[134.02626,34.08509],[134.01002,34.08669],[133.99393,34.07262],[133.97305,34.07302],[133.9456,34.09217],[133.93912,34.1154],[133.90309,34.10007],[133.89285,34.1082],[133.85854,34.10527],[133.82294,34.09304],[133.81769,34.07224],[133.79783,34.06976],[133.77847,34.07946],[133.72899,34.04416],[133.72132,34.02229],[133.67955,34.01252],[133.6652,34.02724],[133.63946,34.02593],[133.62688,34.03777],[133.61375,34.03224],[133.59887,34.04269],[133.6312,34.06015],[133.63314,34.09477],[133.63913,34.09298],[133.63712,34.11345],[133.62797,34.11895],[133.63916,34.12479],[133.63096,34.12457],[133.63988,34.13129],[133.64863,34.19319],[133.60571,34.23348],[133.57304,34.24305],[133.57973,34.2487],[133.57449,34.25798],[133.55688,34.26163]]],[[[134.14086,34.46971],[134.15705,34.49295],[134.18096,34.48748],[134.16495,34.50712],[134.15595,34.50491],[134.17172,34.52893],[134.18684,34.51582],[134.23894,34.5296],[134.26437,34.55327],[134.28397,34.54576],[134.32909,34.56393],[134.35136,34.56403],[134.3474,34.55581],[134.36691,34.56133],[134.34356,34.54502],[134.36221,34.54161],[134.34734,34.50104],[134.35196,34.49172],[134.34276,34.48834],[134.35385,34.47631],[134.33549,34.44811],[134.33779,34.4329],[134.31963,34.45801],[134.30181,34.45726],[134.28415,34.44187],[134.27826,34.44686],[134.28672,34.44758],[134.28425,34.4608],[134.31666,34.45964],[134.31021,34.47746],[134.26778,34.46813],[134.24664,34.43003],[134.25127,34.42441],[134.23557,34.41478],[134.22456,34.42524],[134.23731,34.4373],[134.22347,34.4384],[134.24295,34.45882],[134.22839,34.48065],[134.21631,34.4732],[134.20956,34.48282],[134.18884,34.48336],[134.18873,34.47448],[134.17578,34.47663],[134.15145,34.45976],[134.14086,34.46971]]],[[[134.03597,34.4812],[134.08351,34.50014],[134.10458,34.48701],[134.08132,34.45917],[134.03597,34.4812]]],[[[133.68442,34.36153],[133.69125,34.37957],[133.70915,34.38725],[133.70874,34.40038],[133.71695,34.3985],[133.72997,34.36842],[133.70292,34.35164],[133.68442,34.36153]]],[[[133.96493,34.47546],[133.98253,34.47686],[134.00194,34.45093],[134.0122,34.45116],[133.98175,34.44497],[133.96493,34.47546]]],[[[133.75164,34.39462],[133.76381,34.39035],[133.77766,34.401],[133.7954,34.38849],[133.76321,34.36872],[133.75489,34.37041],[133.76026,34.37878],[133.75164,34.39462]]],[[[133.6173,34.25909],[133.62752,34.27253],[133.62375,34.28665],[133.63529,34.27267],[133.6567,34.28062],[133.65108,34.26761],[133.64003,34.27195],[133.6173,34.25909]]],[[[133.65084,34.40845],[133.6758,34.40992],[133.67695,34.39273],[133.66564,34.38278],[133.65084,34.40845]]],[[[134.03558,34.38326],[134.05666,34.40737],[134.05465,34.3897],[134.03558,34.38326]]],[[[133.66167,34.32403],[133.6824,34.30819],[133.67071,34.30795],[133.66167,34.32403]]],[[[133.61736,34.35093],[133.63172,34.33898],[133.62632,34.33074],[133.61736,34.35093]]],[[[134.00756,34.49804],[134.01658,34.4959],[134.02388,34.50684],[134.02204,34.47916],[134.00756,34.49804]]]]}},{"type":"Feature","id":"380010","properties":{"region_code":"380010","geometry_key":"380010","name_ja":"中予","name_en":"Chuyo","parent_code":"380000","parent_name_ja":"愛媛県","display_name_ja":"愛媛県 中予","office_name_ja":null,"label_lon":132.8260531977969,"label_lat":33.781832085782185,"label_point_semantics":"OFFICIAL_SOURCE_BBOX_CENTER_DISPLAY_ONLY"},"geometry":{"type":"MultiPolygon","coordinates":[[[[132.53126,33.63766],[132.58575,33.65347],[132.64701,33.69251],[132.67703,33.74498],[132.69361,33.76033],[132.69845,33.7549],[132.69217,33.78636],[132.70221,33.78778],[132.68804,33.79327],[132.68503,33.81547],[132.6961,33.81108],[132.68733,33.83412],[132.69475,33.83444],[132.69232,33.84783],[132.70079,33.83881],[132.69963,33.86244],[132.70576,33.85253],[132.71253,33.85881],[132.70648,33.86689],[132.71894,33.86485],[132.69858,33.87773],[132.70035,33.88654],[132.7098,33.90707],[132.73108,33.89953],[132.75523,33.91132],[132.77175,33.96227],[132.7748,33.99088],[132.76558,33.99851],[132.80849,34.01862],[132.83225,33.99921],[132.84243,34.00543],[132.88982,33.9884],[132.8871,33.95114],[132.92042,33.93651],[132.92559,33.90554],[132.95914,33.90459],[132.95968,33.87519],[132.9746,33.85614],[132.96779,33.84637],[132.97321,33.83006],[132.98621,33.81186],[133.01292,33.81347],[133.02325,33.78555],[133.01943,33.76593],[133.08292,33.75639],[133.10918,33.77282],[133.15784,33.7503],[133.1612,33.73169],[133.13982,33.71569],[133.14439,33.70445],[133.12028,33.69061],[133.11661,33.66022],[133.07502,33.65062],[133.06723,33.62167],[133.07962,33.6087],[133.05661,33.59575],[133.04659,33.57633],[133.06233,33.56162],[133.06414,33.54251],[133.0378,33.52623],[133.01329,33.49044],[133.01529,33.4808],[132.95964,33.46631],[132.89815,33.47273],[132.90047,33.51446],[132.92141,33.53361],[132.92634,33.56049],[132.89685,33.58833],[132.8484,33.5926],[132.8443,33.60747],[132.85754,33.61953],[132.83974,33.63997],[132.79643,33.61873],[132.78502,33.62437],[132.76905,33.60743],[132.75031,33.62751],[132.73402,33.62694],[132.70849,33.60575],[132.67627,33.62103],[132.6538,33.62018],[132.65187,33.65211],[132.6394,33.65477],[132.61863,33.64968],[132.60314,33.62295],[132.58096,33.62623],[132.56046,33.60196],[132.53126,33.63766]]],[[[132.57788,33.9685],[132.59017,33.97091],[132.60964,33.99533],[132.62263,33.993],[132.64405,34.01784],[132.65253,34.01357],[132.64089,34.00477],[132.64411,33.97915],[132.62981,33.97457],[132.64215,33.96812],[132.64064,33.95532],[132.61401,33.95698],[132.59947,33.94291],[132.57788,33.9685]]],[[[132.65297,33.90008],[132.66005,33.91084],[132.67787,33.90997],[132.67939,33.92102],[132.70256,33.92674],[132.69066,33.91361],[132.69321,33.90394],[132.67232,33.89564],[132.68955,33.87563],[132.66357,33.87274],[132.66888,33.89627],[132.65297,33.90008]]],[[[132.53349,33.96912],[132.54131,33.97421],[132.53491,33.98887],[132.56704,33.99468],[132.54142,33.96108],[132.53349,33.96912]]],[[[132.64858,33.96098],[132.66067,33.97492],[132.67296,33.97239],[132.67499,33.95223],[132.6566,33.95083],[132.64858,33.96098]]],[[[132.4909,33.97032],[132.4996,33.97201],[132.50289,33.98959],[132.52293,33.98948],[132.50533,33.97066],[132.4909,33.97032]]],[[[132.51556,33.93248],[132.5545,33.93614],[132.52975,33.92606],[132.51556,33.93248]]]]}},{"type":"Feature","id":"380020","properties":{"region_code":"380020","geometry_key":"380020","name_ja":"東予","name_en":"Toyo","parent_code":"380000","parent_name_ja":"愛媛県","display_name_ja":"愛媛県 東予","office_name_ja":null,"label_lon":133.2506402592906,"label_lat":34.025974747736456,"label_point_semantics":"OFFICIAL_SOURCE_BBOX_CENTER_DISPLAY_ONLY"},"geometry":{"type":"MultiPolygon","coordinates":[[[[132.80848,34.01869],[132.86509,34.05922],[132.92225,34.06603],[132.91939,34.08638],[132.93161,34.09235],[132.92698,34.11012],[132.89851,34.10927],[132.89139,34.11836],[132.92509,34.11669],[132.94187,34.14289],[132.96909,34.10704],[132.97859,34.11586],[133.00679,34.06591],[133.00594,34.07447],[133.0251,34.05002],[133.03262,34.05684],[133.02996,34.04576],[133.06072,33.99564],[133.06264,33.97535],[133.08682,33.95753],[133.08828,33.94542],[133.10113,33.94919],[133.09361,33.94037],[133.10776,33.94776],[133.11932,33.94108],[133.11234,33.93052],[133.11899,33.9245],[133.1258,33.9415],[133.13341,33.92717],[133.16673,33.94096],[133.17141,33.92758],[133.17088,33.9416],[133.18594,33.94946],[133.20164,33.93566],[133.19931,33.94621],[133.25433,33.95592],[133.24848,33.97527],[133.25555,33.98072],[133.26215,33.98059],[133.26363,33.96088],[133.26688,33.97265],[133.27913,33.97417],[133.26541,33.98065],[133.27875,33.98144],[133.27873,33.98896],[133.28578,33.98027],[133.30199,33.98206],[133.32116,33.99444],[133.33397,33.99305],[133.32793,33.98204],[133.33626,33.98032],[133.33609,33.9925],[133.35839,33.97905],[133.41114,33.99065],[133.5123,33.96987],[133.53878,33.98375],[133.53814,33.99499],[133.54387,33.98581],[133.5524,33.99514],[133.54124,34.00351],[133.55559,34.001],[133.54902,34.01055],[133.56128,34.00901],[133.56944,34.02626],[133.57221,34.01715],[133.5985,34.04363],[133.61331,34.03232],[133.62672,34.03781],[133.63946,34.02593],[133.65678,34.03003],[133.67823,34.01819],[133.68574,34.00366],[133.67511,33.9836],[133.69236,33.96246],[133.6928,33.94683],[133.67568,33.92638],[133.69052,33.91629],[133.67758,33.90955],[133.67774,33.89293],[133.62764,33.87211],[133.60695,33.88151],[133.58303,33.86765],[133.55687,33.88233],[133.5402,33.87868],[133.49928,33.82913],[133.41531,33.83991],[133.39141,33.82431],[133.35562,33.83431],[133.32569,33.81468],[133.28108,33.83178],[133.26768,33.82407],[133.25111,33.7889],[133.22052,33.78029],[133.20571,33.79451],[133.19297,33.79392],[133.18262,33.76656],[133.15784,33.7503],[133.10898,33.77284],[133.09375,33.75852],[133.05811,33.75523],[133.0193,33.76604],[133.02325,33.78555],[133.01236,33.81401],[132.98345,33.81451],[132.96786,33.84605],[132.97419,33.85795],[132.95673,33.8845],[132.9592,33.90449],[132.92559,33.90554],[132.92042,33.93651],[132.88727,33.95091],[132.88728,33.99127],[132.84243,34.00543],[132.83383,33.99866],[132.80848,34.01869]]],[[[132.94121,34.20436],[132.95426,34.22305],[132.96549,34.21942],[132.96415,34.22757],[132.99013,34.22403],[132.99127,34.26079],[132.96446,34.26403],[132.98474,34.26974],[132.98412,34.2905],[133.02683,34.29587],[133.04421,34.2616],[133.0575,34.25796],[133.05164,34.24132],[133.05856,34.22007],[133.05023,34.21417],[133.00058,34.20936],[132.96293,34.19133],[132.94845,34.19291],[132.95103,34.20402],[132.94121,34.20436]]],[[[133.01266,34.11108],[133.02307,34.12447],[133.01454,34.12727],[133.01515,34.14178],[133.02539,34.15711],[133.04104,34.14996],[133.03467,34.17096],[133.0207,34.1785],[133.03021,34.19339],[133.06857,34.19173],[133.08332,34.16938],[133.11353,34.17861],[133.10144,34.15906],[133.08681,34.15726],[133.03525,34.10754],[133.01266,34.11108]]],[[[133.05388,34.21214],[133.06705,34.21889],[133.05894,34.22749],[133.0642,34.23531],[133.08085,34.22992],[133.10788,34.24199],[133.10741,34.2211],[133.13339,34.21443],[133.14056,34.22086],[133.13814,34.21074],[133.1173,34.20566],[133.12649,34.19541],[133.11014,34.19091],[133.09845,34.20439],[133.08142,34.19268],[133.07268,34.20732],[133.05388,34.21214]]],[[[133.12998,34.25708],[133.15224,34.28071],[133.16648,34.26023],[133.13437,34.24079],[133.12998,34.25708]]],[[[133.19884,34.2688],[133.22863,34.29223],[133.23745,34.28074],[133.20894,34.25861],[133.21926,34.24944],[133.20585,34.23815],[133.19884,34.2688]]],[[[133.1652,34.28114],[133.1721,34.2856],[133.18149,34.27705],[133.18619,34.25858],[133.17197,34.25809],[133.1652,34.28114]]],[[[132.86133,34.19332],[132.87318,34.19737],[132.8941,34.18458],[132.88045,34.17464],[132.86133,34.19332]]],[[[133.17615,34.23099],[133.18496,34.25276],[133.19869,34.25436],[133.18842,34.22924],[133.17615,34.23099]]],[[[133.35047,33.99686],[133.35469,34.00545],[133.37059,34.00609],[133.36285,33.98962],[133.35047,33.99686]]],[[[133.1503,34.23995],[133.17215,34.24161],[133.16205,34.23288],[133.1503,34.23995]]],[[[132.91764,34.18908],[132.92411,34.20206],[132.93435,34.18413],[132.91764,34.18908]]]]}},{"type":"Feature","id":"380030","properties":{"region_code":"380030","geometry_key":"380030","name_ja":"南予","name_en":"Nan-yo","parent_code":"380000","parent_name_ja":"愛媛県","display_name_ja":"愛媛県 南予","office_name_ja":null,"label_lon":132.46934042132347,"label_lat":33.311923194250085,"label_point_semantics":"OFFICIAL_SOURCE_BBOX_CENTER_DISPLAY_ONLY"},"geometry":{"type":"MultiPolygon","coordinates":[[[[132.01267,33.3443],[132.12044,33.42001],[132.13497,33.40275],[132.13838,33.42133],[132.15332,33.40712],[132.16573,33.41134],[132.16911,33.41951],[132.14798,33.43251],[132.15676,33.44009],[132.1738,33.42635],[132.17281,33.44621],[132.1945,33.44213],[132.19959,33.45609],[132.22478,33.44452],[132.22578,33.45922],[132.24206,33.46564],[132.26078,33.45029],[132.26571,33.46747],[132.25852,33.47371],[132.27743,33.47314],[132.41861,33.54498],[132.47958,33.61889],[132.53085,33.63776],[132.56046,33.60196],[132.58096,33.62623],[132.60314,33.62295],[132.61863,33.64968],[132.6394,33.65477],[132.65187,33.65211],[132.6538,33.62018],[132.67627,33.62103],[132.70849,33.60575],[132.72898,33.62531],[132.74596,33.62779],[132.76989,33.60755],[132.78502,33.62437],[132.81372,33.62374],[132.83694,33.64071],[132.85754,33.61953],[132.8443,33.60747],[132.8484,33.5926],[132.89685,33.58833],[132.92634,33.56049],[132.92141,33.53361],[132.90047,33.51446],[132.90067,33.47035],[132.84694,33.47918],[132.82037,33.47254],[132.80646,33.45704],[132.82645,33.4458],[132.82484,33.423],[132.83401,33.42015],[132.83703,33.39905],[132.85451,33.3983],[132.86002,33.36846],[132.8838,33.36235],[132.90044,33.34374],[132.89855,33.3147],[132.84956,33.28957],[132.79264,33.27458],[132.77196,33.24128],[132.77559,33.20597],[132.74079,33.20148],[132.73777,33.18178],[132.69584,33.13759],[132.68642,33.13505],[132.66238,33.15442],[132.6345,33.17841],[132.63566,33.1864],[132.61944,33.18088],[132.61488,33.16904],[132.63229,33.14924],[132.6285,33.13363],[132.66397,33.10823],[132.6695,33.07118],[132.65767,33.05706],[132.67823,33.03771],[132.67688,33.01064],[132.69152,32.97357],[132.68113,32.96412],[132.68339,32.94683],[132.65249,32.93945],[132.65553,32.9252],[132.59881,32.91263],[132.58604,32.9385],[132.6023,32.94764],[132.57774,32.93858],[132.5732,32.94685],[132.54816,32.94512],[132.56749,32.9293],[132.54003,32.93562],[132.53615,32.94837],[132.51267,32.95013],[132.50478,32.94151],[132.52702,32.93283],[132.49697,32.91861],[132.52699,32.91502],[132.49093,32.89789],[132.47207,32.90617],[132.47775,32.92187],[132.46048,32.93809],[132.49219,32.93975],[132.50282,32.95595],[132.46985,32.9696],[132.48417,32.97155],[132.49726,32.98778],[132.49358,32.98217],[132.5053,32.97967],[132.49621,32.97479],[132.50471,32.97272],[132.49273,32.96464],[132.55391,32.96031],[132.53759,32.97489],[132.53735,32.96838],[132.51123,32.97674],[132.50059,32.99348],[132.50611,33.00489],[132.49498,33.0184],[132.48469,33.01098],[132.48468,33.04722],[132.47061,33.03945],[132.47025,33.04983],[132.45008,33.04828],[132.45214,33.03517],[132.43887,33.05122],[132.43024,33.0455],[132.41655,33.05788],[132.40706,33.05301],[132.411,33.02669],[132.39988,33.02675],[132.39582,33.01327],[132.37872,33.0215],[132.40299,33.03982],[132.39695,33.05429],[132.40367,33.06938],[132.42525,33.06728],[132.43327,33.05286],[132.44728,33.06589],[132.44888,33.05536],[132.47866,33.06493],[132.48413,33.05656],[132.48891,33.0659],[132.47876,33.08415],[132.47238,33.06997],[132.46152,33.07609],[132.47058,33.0816],[132.46281,33.09335],[132.48137,33.09735],[132.47092,33.09938],[132.46703,33.11803],[132.44664,33.12418],[132.46918,33.12677],[132.47061,33.11473],[132.48386,33.12481],[132.49916,33.12038],[132.50283,33.12974],[132.47812,33.14192],[132.4754,33.13492],[132.45331,33.14254],[132.45189,33.13176],[132.44068,33.13803],[132.44299,33.14864],[132.42483,33.15606],[132.43343,33.15381],[132.43162,33.16963],[132.46463,33.17212],[132.44763,33.19279],[132.43842,33.18533],[132.4221,33.20869],[132.40335,33.20526],[132.40741,33.19573],[132.41881,33.19632],[132.39939,33.18484],[132.39307,33.20491],[132.42023,33.21495],[132.4467,33.20059],[132.45939,33.21035],[132.45814,33.18433],[132.47113,33.17632],[132.48301,33.1857],[132.47702,33.17009],[132.48675,33.16443],[132.49716,33.1718],[132.49259,33.1846],[132.50472,33.17993],[132.5009,33.17027],[132.51543,33.17102],[132.50874,33.19389],[132.48901,33.19973],[132.5024,33.19405],[132.49996,33.20437],[132.51554,33.21635],[132.54391,33.21383],[132.53958,33.22697],[132.55769,33.22019],[132.55268,33.2362],[132.52007,33.24867],[132.54086,33.25862],[132.54223,33.27159],[132.50926,33.25917],[132.48301,33.27492],[132.47574,33.26984],[132.48395,33.26603],[132.46778,33.25431],[132.48238,33.28948],[132.50812,33.3061],[132.52517,33.30453],[132.52287,33.31573],[132.49811,33.31179],[132.49171,33.32548],[132.49018,33.31595],[132.46845,33.31935],[132.47087,33.31326],[132.45417,33.30891],[132.43119,33.31998],[132.42125,33.30341],[132.39413,33.31921],[132.37021,33.31921],[132.37714,33.33779],[132.39221,33.33966],[132.39222,33.34719],[132.41105,33.34314],[132.40877,33.35318],[132.42004,33.35553],[132.40613,33.36019],[132.41938,33.38305],[132.38443,33.36209],[132.38907,33.37193],[132.37871,33.38584],[132.39681,33.3993],[132.38945,33.40453],[132.39412,33.41327],[132.37917,33.41624],[132.39669,33.42984],[132.40586,33.42461],[132.41621,33.44286],[132.38218,33.44255],[132.40822,33.44657],[132.42088,33.46338],[132.39176,33.45497],[132.38929,33.4668],[132.402,33.4712],[132.39021,33.47705],[132.37316,33.46048],[132.35341,33.48874],[132.34183,33.48506],[132.35388,33.47425],[132.32429,33.47301],[132.31695,33.45169],[132.29991,33.47473],[132.28066,33.44715],[132.18206,33.41192],[132.15408,33.39032],[132.15313,33.37276],[132.10358,33.36184],[132.10283,33.37207],[132.11738,33.37232],[132.11173,33.37877],[132.12079,33.38835],[132.09456,33.38759],[132.04799,33.36617],[132.05163,33.35761],[132.01267,33.3443]]],[[[132.50747,33.22892],[132.51775,33.24116],[132.53453,33.22649],[132.51992,33.2179],[132.50747,33.22892]]],[[[132.34103,33.20657],[132.36552,33.20774],[132.37505,33.22163],[132.38301,33.21191],[132.36101,33.20234],[132.36365,33.1878],[132.35431,33.20381],[132.34103,33.20657]]],[[[132.26102,33.18418],[132.26886,33.17266],[132.29448,33.18004],[132.29627,33.17161],[132.28991,33.1629],[132.26604,33.16834],[132.26102,33.18418]]]]}},{"type":"Feature","id":"390010","properties":{"region_code":"390010","geometry_key":"390010","name_ja":"中部","name_en":"Central Region","parent_code":"390000","parent_name_ja":"高知県","display_name_ja":"高知県 中部","office_name_ja":null,"label_lon":133.54085236039816,"label_lat":33.604293054031274,"label_point_semantics":"OFFICIAL_SOURCE_BBOX_CENTER_DISPLAY_ONLY"},"geometry":{"type":"Polygon","coordinates":[[[133.01328,33.49016],[133.03794,33.52641],[133.06414,33.54251],[133.06233,33.56162],[133.04659,33.57633],[133.05661,33.59575],[133.07962,33.6087],[133.06723,33.62167],[133.07533,33.65105],[133.11661,33.66022],[133.12028,33.69061],[133.14458,33.70465],[133.13982,33.71569],[133.16121,33.73153],[133.15781,33.75025],[133.18262,33.76656],[133.19274,33.79378],[133.20571,33.79451],[133.22052,33.78029],[133.24988,33.78833],[133.27736,33.83092],[133.32569,33.81468],[133.35562,33.83431],[133.39141,33.82431],[133.41531,33.83991],[133.49906,33.82909],[133.5402,33.87868],[133.55687,33.88233],[133.58312,33.86765],[133.59764,33.88024],[133.62731,33.87203],[133.64342,33.88336],[133.66075,33.88181],[133.67729,33.85858],[133.738,33.84986],[133.748,33.83678],[133.83842,33.84527],[133.87236,33.80619],[133.89338,33.80494],[133.91339,33.79118],[133.94747,33.80374],[133.95783,33.83386],[133.98515,33.84078],[133.99735,33.82117],[134.03306,33.82825],[134.03331,33.80928],[134.05813,33.78114],[134.06504,33.71945],[134.00184,33.71248],[133.96016,33.66609],[133.91931,33.64394],[133.90335,33.64508],[133.89844,33.65819],[133.88645,33.65301],[133.8764,33.6413],[133.87597,33.61218],[133.85692,33.6038],[133.86458,33.59341],[133.84335,33.57674],[133.82054,33.57999],[133.81544,33.55817],[133.79362,33.54924],[133.77,33.51577],[133.75386,33.52057],[133.74975,33.53586],[133.72064,33.53974],[133.59876,33.51899],[133.56591,33.50079],[133.5648,33.512],[133.57334,33.5151],[133.56478,33.51463],[133.56538,33.53118],[133.57327,33.53663],[133.55262,33.5408],[133.56154,33.53168],[133.54589,33.51742],[133.55967,33.50848],[133.55786,33.49897],[133.58319,33.50094],[133.45702,33.44322],[133.4472,33.45172],[133.43056,33.43721],[133.42499,33.44932],[133.40573,33.44758],[133.39561,33.44244],[133.40792,33.43921],[133.40541,33.43198],[133.36388,33.42816],[133.35043,33.41586],[133.36453,33.41582],[133.35857,33.40892],[133.36645,33.40665],[133.3716,33.42509],[133.38412,33.41074],[133.38417,33.42101],[133.39296,33.4171],[133.39494,33.42457],[133.40414,33.4146],[133.41725,33.43952],[133.4321,33.42673],[133.44195,33.44022],[133.46282,33.43058],[133.4574,33.41996],[133.42889,33.41499],[133.42954,33.40784],[133.41222,33.41088],[133.40961,33.39797],[133.39027,33.406],[133.3763,33.40138],[133.3786,33.39276],[133.37148,33.40215],[133.34561,33.40067],[133.32935,33.38692],[133.3314,33.36229],[133.31903,33.35488],[133.31139,33.36657],[133.32376,33.36493],[133.32449,33.37919],[133.29958,33.37391],[133.28967,33.38167],[133.30474,33.39131],[133.29488,33.40598],[133.28813,33.40256],[133.29565,33.38964],[133.25908,33.36612],[133.26397,33.3406],[133.22766,33.37933],[133.17599,33.37746],[133.17552,33.39873],[133.20959,33.40465],[133.20811,33.42875],[133.2566,33.43793],[133.24953,33.45454],[133.19682,33.47428],[133.10121,33.44275],[133.07342,33.45255],[133.05886,33.47971],[133.01536,33.48101],[133.01328,33.49016]]]}},{"type":"Feature","id":"390020","properties":{"region_code":"390020","geometry_key":"390020","name_ja":"東部","name_en":"Eastern Region","parent_code":"390000","parent_name_ja":"高知県","display_name_ja":"高知県 東部","office_name_ja":null,"label_lon":134.04239334682552,"label_lat":33.48053282862719,"label_point_semantics":"OFFICIAL_SOURCE_BBOX_CENTER_DISPLAY_ONLY"},"geometry":{"type":"Polygon","coordinates":[[[133.77,33.51577],[133.79362,33.54924],[133.81544,33.55817],[133.82054,33.57999],[133.84335,33.57674],[133.86458,33.59341],[133.85692,33.6038],[133.87597,33.61218],[133.8764,33.6413],[133.88645,33.65301],[133.89844,33.65819],[133.90321,33.64517],[133.91825,33.64394],[133.93531,33.65101],[133.99059,33.69353],[133.99757,33.71018],[134.02528,33.71875],[134.03571,33.71182],[134.06504,33.71945],[134.0701,33.7112],[134.0566,33.69391],[134.06588,33.68869],[134.12257,33.69606],[134.17465,33.68429],[134.17131,33.6575],[134.18417,33.64902],[134.14925,33.62714],[134.15596,33.61179],[134.17593,33.60733],[134.17052,33.59709],[134.18472,33.58869],[134.19317,33.56163],[134.21848,33.56761],[134.23776,33.55205],[134.28171,33.56102],[134.30684,33.55341],[134.24208,33.46392],[134.20885,33.39569],[134.21335,33.38222],[134.18648,33.29439],[134.1868,33.26206],[134.17562,33.24402],[134.16483,33.26731],[134.16011,33.2629],[134.14191,33.28635],[134.14947,33.28636],[134.12958,33.29898],[134.11083,33.29364],[134.10188,33.3284],[134.08053,33.33731],[134.05242,33.36938],[134.03658,33.37113],[134.03112,33.41234],[133.95777,33.44183],[133.93464,33.48696],[133.83013,33.51392],[133.77,33.51577]]]}},{"type":"Feature","id":"390030","properties":{"region_code":"390030","geometry_key":"390030","name_ja":"西部","name_en":"Western Region","parent_code":"390000","parent_name_ja":"高知県","display_name_ja":"高知県 西部","office_name_ja":null,"label_lon":132.8729033334721,"label_lat":33.09204416645517,"label_point_semantics":"OFFICIAL_SOURCE_BBOX_CENTER_DISPLAY_ONLY"},"geometry":{"type":"MultiPolygon","coordinates":[[[[132.61486,33.16929],[132.62023,33.18161],[132.63566,33.1864],[132.6345,33.17841],[132.66238,33.15442],[132.68642,33.13505],[132.69584,33.13759],[132.73777,33.18178],[132.74079,33.20148],[132.77559,33.20597],[132.77196,33.24128],[132.79264,33.27458],[132.84956,33.28957],[132.89855,33.3147],[132.90044,33.34374],[132.8838,33.36235],[132.86002,33.36846],[132.85451,33.3983],[132.83703,33.39905],[132.83401,33.42015],[132.82484,33.423],[132.82645,33.4458],[132.80647,33.45688],[132.82037,33.47254],[132.84727,33.4792],[132.95902,33.46628],[133.01617,33.4814],[133.05866,33.47975],[133.07342,33.45255],[133.10135,33.44275],[133.19682,33.47428],[133.24953,33.45454],[133.25824,33.4414],[133.24848,33.43173],[133.20879,33.42921],[133.20955,33.4046],[133.17516,33.39755],[133.17716,33.37636],[133.22766,33.37933],[133.26383,33.34057],[133.24942,33.3278],[133.24343,33.33467],[133.23162,33.32667],[133.26009,33.31341],[133.23852,33.29662],[133.2459,33.29204],[133.24373,33.27399],[133.2597,33.2798],[133.25531,33.26751],[133.26422,33.25736],[133.24767,33.24956],[133.25633,33.22559],[133.23865,33.21599],[133.24122,33.19674],[133.21101,33.18496],[133.22442,33.17056],[133.2145,33.16491],[133.22361,33.15429],[133.20813,33.14926],[133.20699,33.16502],[133.19192,33.16742],[133.17057,33.15042],[133.14343,33.09809],[133.10529,33.07319],[133.09517,33.02383],[133.05836,33.03909],[133.0367,33.03757],[133.01792,33.02241],[132.99299,32.95284],[132.99734,32.92364],[133.00912,32.9126],[133.00937,32.88121],[132.99362,32.8624],[132.98718,32.86804],[132.94937,32.85748],[132.961,32.8295],[132.95079,32.82395],[132.95187,32.81296],[132.9655,32.79903],[133.00241,32.78755],[133.01792,32.76156],[133.0201,32.7234],[133.0028,32.72153],[132.9869,32.73351],[132.96571,32.72939],[132.97142,32.74758],[132.95215,32.76285],[132.9697,32.77787],[132.95564,32.77894],[132.94535,32.76484],[132.93942,32.77592],[132.94752,32.78005],[132.93522,32.78691],[132.93481,32.77847],[132.92001,32.77824],[132.91636,32.78693],[132.87946,32.78967],[132.87909,32.76993],[132.86835,32.76563],[132.8715,32.78571],[132.86174,32.79064],[132.80238,32.74683],[132.77037,32.76193],[132.75745,32.75307],[132.71078,32.7991],[132.68328,32.7957],[132.69896,32.78633],[132.65456,32.78113],[132.65012,32.76563],[132.6287,32.76292],[132.64039,32.76948],[132.6337,32.78436],[132.64468,32.78677],[132.62654,32.79675],[132.6562,32.80122],[132.64023,32.80893],[132.64699,32.80989],[132.64404,32.81983],[132.66398,32.83144],[132.65964,32.83942],[132.67401,32.84043],[132.65685,32.85426],[132.69627,32.88683],[132.70736,32.88848],[132.70693,32.87562],[132.72097,32.87758],[132.70387,32.89614],[132.72195,32.89888],[132.7113,32.89998],[132.7171,32.90861],[132.70826,32.92596],[132.69982,32.91773],[132.69605,32.92854],[132.68595,32.91969],[132.65553,32.92427],[132.65249,32.93945],[132.68339,32.94683],[132.68113,32.96412],[132.69142,32.97419],[132.67688,33.01064],[132.67823,33.03771],[132.65767,33.05706],[132.6695,33.07118],[132.66397,33.10823],[132.62896,33.13292],[132.63229,33.14924],[132.61486,33.16929]]],[[[132.53457,32.72966],[132.54815,32.73895],[132.54595,32.7551],[132.57202,32.73498],[132.57184,32.71339],[132.54179,32.70292],[132.55055,32.7166],[132.53457,32.72966]]]]}},{"type":"Feature","id":"400010","properties":{"region_code":"400010","geometry_key":"400010","name_ja":"福岡地方","name_en":"Fukuoka Region","parent_code":"400000","parent_name_ja":"福岡県","display_name_ja":"福岡県 福岡地方","office_name_ja":null,"label_lon":130.31059967543473,"label_lat":33.822499859930645,"label_point_semantics":"OFFICIAL_SOURCE_BBOX_CENTER_DISPLAY_ONLY"},"geometry":{"type":"MultiPolygon","coordinates":[[[[130.03903,33.47001],[130.04975,33.48822],[130.04534,33.49643],[130.09228,33.50597],[130.10123,33.51601],[130.1268,33.51004],[130.13512,33.51795],[130.12459,33.52581],[130.15389,33.53706],[130.16411,33.56103],[130.14195,33.5479],[130.12614,33.55681],[130.11595,33.54675],[130.13587,33.56678],[130.11968,33.5746],[130.09801,33.56385],[130.08759,33.5813],[130.10793,33.58542],[130.10759,33.59708],[130.14761,33.59294],[130.16175,33.61058],[130.15708,33.62842],[130.19924,33.64049],[130.20772,33.66704],[130.23695,33.64919],[130.22395,33.63421],[130.23238,33.61635],[130.27507,33.60978],[130.26738,33.59355],[130.26294,33.60269],[130.25072,33.59993],[130.27295,33.58262],[130.29553,33.58062],[130.3119,33.58793],[130.31296,33.59798],[130.35324,33.59517],[130.37771,33.60595],[130.38099,33.59385],[130.39321,33.5973],[130.3847,33.60751],[130.40203,33.60504],[130.40134,33.61847],[130.41494,33.62082],[130.40313,33.62311],[130.40823,33.64466],[130.42138,33.64288],[130.40502,33.65217],[130.43445,33.66216],[130.42558,33.67506],[130.43061,33.68669],[130.36761,33.66472],[130.3603,33.64387],[130.31845,33.661],[130.38101,33.67545],[130.41623,33.70276],[130.42112,33.71856],[130.43235,33.71619],[130.45564,33.73311],[130.47079,33.77452],[130.46407,33.78686],[130.45541,33.7841],[130.45939,33.79086],[130.44775,33.78629],[130.44397,33.81542],[130.46945,33.81435],[130.48214,33.84395],[130.47751,33.85786],[130.48848,33.851],[130.51801,33.86057],[130.52915,33.87603],[130.52451,33.88982],[130.54287,33.88928],[130.59163,33.81793],[130.61276,33.82294],[130.63597,33.81275],[130.63982,33.79062],[130.63227,33.78001],[130.61632,33.78222],[130.60058,33.77152],[130.60512,33.76245],[130.55507,33.75146],[130.54774,33.73061],[130.55906,33.72062],[130.54161,33.70629],[130.54149,33.67622],[130.57403,33.65978],[130.56623,33.64681],[130.58577,33.63237],[130.58448,33.61873],[130.59877,33.61299],[130.58579,33.60163],[130.56809,33.60694],[130.55841,33.59833],[130.6213,33.51306],[130.61032,33.49289],[130.58009,33.47273],[130.56725,33.4819],[130.56091,33.47538],[130.58067,33.43706],[130.56536,33.4487],[130.53647,33.43898],[130.51229,33.44942],[130.44221,33.41563],[130.43724,33.39953],[130.41097,33.39504],[130.41681,33.41045],[130.39672,33.42743],[130.35579,33.43324],[130.27497,33.47968],[130.24992,33.4705],[130.19867,33.4812],[130.17605,33.46592],[130.15074,33.47762],[130.13897,33.4704],[130.10693,33.47783],[130.09056,33.46856],[130.03903,33.47001]]],[[[130.40569,33.89805],[130.4081,33.91126],[130.44841,33.91197],[130.42895,33.88663],[130.40569,33.89805]]],[[[130.28598,33.67947],[130.29009,33.68778],[130.30435,33.68727],[130.31658,33.66157],[130.2986,33.66029],[130.28598,33.67947]]],[[[130.29418,33.61697],[130.30474,33.63798],[130.31434,33.61557],[130.30343,33.60638],[130.29418,33.61697]]],[[[130.39399,33.66299],[130.41619,33.67533],[130.42825,33.6649],[130.40158,33.65632],[130.39399,33.66299]]],[[[130.48589,33.91126],[130.49702,33.91207],[130.50971,33.89444],[130.48589,33.91126]]]]}},{"type":"Feature","id":"400020","properties":{"region_code":"400020","geometry_key":"400020","name_ja":"北九州地方","name_en":"Kitakyushu Region","parent_code":"400000","parent_name_ja":"福岡県","display_name_ja":"福岡県 北九州地方","office_name_ja":null,"label_lon":130.86603305483163,"label_lat":33.75480874747575,"label_point_semantics":"OFFICIAL_SOURCE_BBOX_CENTER_DISPLAY_ONLY"},"geometry":{"type":"MultiPolygon","coordinates":[[[[130.54144,33.88452],[130.56346,33.89166],[130.57696,33.87845],[130.63169,33.88367],[130.66324,33.90114],[130.65731,33.90984],[130.68239,33.92427],[130.68156,33.93717],[130.71376,33.93891],[130.73801,33.92701],[130.73961,33.93433],[130.75263,33.93196],[130.75258,33.93908],[130.73978,33.93913],[130.76972,33.949],[130.76008,33.93961],[130.7688,33.92912],[130.75361,33.92085],[130.77751,33.93427],[130.8091,33.93146],[130.81857,33.92296],[130.80655,33.91462],[130.81696,33.91518],[130.81497,33.90291],[130.75371,33.87818],[130.74516,33.88824],[130.74257,33.87362],[130.77095,33.874],[130.80315,33.89146],[130.79437,33.8745],[130.80505,33.87514],[130.82359,33.91952],[130.85503,33.92949],[130.86074,33.92389],[130.85049,33.91492],[130.86934,33.91809],[130.8482,33.90545],[130.87181,33.91598],[130.88666,33.90679],[130.86667,33.89801],[130.88779,33.90206],[130.89305,33.89627],[130.87766,33.88943],[130.89402,33.89359],[130.89155,33.88764],[130.9311,33.90697],[130.94624,33.93838],[130.96456,33.94691],[130.96301,33.9622],[130.98955,33.95775],[131.00216,33.96988],[131.0215,33.96181],[131.02196,33.94277],[131.01042,33.9416],[131.00067,33.92393],[131.01577,33.91944],[131.00458,33.91481],[131.00539,33.90415],[130.98721,33.89996],[131.00477,33.89155],[131.00284,33.87503],[130.99108,33.88585],[130.98211,33.86706],[130.99905,33.86789],[130.99346,33.85103],[130.98679,33.85488],[130.97626,33.84187],[130.99109,33.84661],[130.98515,33.83884],[130.96038,33.83904],[130.95669,33.82961],[130.96076,33.82229],[130.97662,33.82571],[130.96084,33.82219],[130.96658,33.81003],[130.97969,33.81235],[130.96656,33.8095],[131.01175,33.81956],[131.01668,33.80972],[131.005,33.80644],[131.0125,33.79991],[130.99625,33.80983],[131.00292,33.80143],[130.98785,33.79651],[130.98502,33.78505],[131.00195,33.79509],[130.9956,33.79103],[131.00301,33.78107],[130.99191,33.77362],[130.99926,33.76938],[131.01066,33.78223],[131.01771,33.76799],[131.00085,33.75723],[131.00435,33.74814],[131.01905,33.74688],[131.01381,33.73185],[131.0406,33.69051],[131.05575,33.69056],[131.05005,33.68591],[131.09368,33.62357],[131.11412,33.61768],[131.11494,33.63057],[131.13172,33.62424],[131.12888,33.6314],[131.16088,33.61651],[131.18517,33.62219],[131.17235,33.58285],[131.19018,33.556],[131.16627,33.52736],[131.17749,33.50734],[131.0757,33.5053],[131.02959,33.51886],[131.01516,33.50907],[130.97677,33.5071],[130.94989,33.48767],[130.92001,33.55201],[130.91843,33.58618],[130.89806,33.6143],[130.90823,33.6367],[130.89356,33.63591],[130.88248,33.65694],[130.88974,33.66917],[130.87486,33.69062],[130.86725,33.73532],[130.8209,33.721],[130.80559,33.73474],[130.79642,33.77974],[130.77266,33.7865],[130.75738,33.76947],[130.72068,33.77418],[130.70043,33.80662],[130.68065,33.81109],[130.67457,33.82152],[130.6437,33.80882],[130.61315,33.82288],[130.59163,33.81793],[130.56785,33.86094],[130.54144,33.88452]]],[[[130.77742,33.94607],[130.82615,33.95552],[130.80865,33.9492],[130.85069,33.94116],[130.81452,33.93422],[130.81866,33.92567],[130.78064,33.93522],[130.77742,33.94607]]],[[[131.02465,33.85666],[131.03548,33.85679],[131.04186,33.82126],[131.03214,33.82001],[131.02465,33.85666]]]]}},{"type":"Feature","id":"400030","properties":{"region_code":"400030","geometry_key":"400030","name_ja":"筑豊地方","name_en":"Chikuho Region","parent_code":"400000","parent_name_ja":"福岡県","display_name_ja":"福岡県 筑豊地方","office_name_ja":null,"label_lon":130.74480777545853,"label_lat":33.634171661592944,"label_point_semantics":"OFFICIAL_SOURCE_BBOX_CENTER_DISPLAY_ONLY"},"geometry":{"type":"Polygon","coordinates":[[[130.53973,33.68149],[130.54192,33.70723],[130.55906,33.72062],[130.54774,33.73061],[130.55507,33.75146],[130.60512,33.76245],[130.60058,33.77152],[130.61632,33.78222],[130.63227,33.78001],[130.63982,33.79062],[130.63597,33.81275],[130.67457,33.82152],[130.68065,33.81109],[130.70043,33.80662],[130.72068,33.77418],[130.73814,33.77056],[130.75769,33.7696],[130.77236,33.78647],[130.79642,33.77974],[130.80559,33.73474],[130.8209,33.721],[130.86783,33.73429],[130.87486,33.69062],[130.88974,33.66917],[130.88248,33.65694],[130.89356,33.63591],[130.90823,33.6367],[130.89806,33.6143],[130.91843,33.58618],[130.92001,33.55201],[130.94989,33.48767],[130.91053,33.44979],[130.85551,33.44692],[130.83597,33.46858],[130.84779,33.47866],[130.84266,33.48562],[130.81929,33.4897],[130.80635,33.47204],[130.79123,33.47099],[130.7659,33.48795],[130.68246,33.49143],[130.65593,33.51041],[130.62299,33.50513],[130.55818,33.59908],[130.56809,33.60694],[130.58579,33.60163],[130.59877,33.61299],[130.58448,33.61873],[130.58577,33.63237],[130.56623,33.64681],[130.57403,33.65978],[130.53973,33.68149]]]}},{"type":"Feature","id":"400040","properties":{"region_code":"400040","geometry_key":"400040","name_ja":"筑後地方","name_en":"Chikugo Region","parent_code":"400000","parent_name_ja":"福岡県","display_name_ja":"福岡県 筑後地方","office_name_ja":null,"label_lon":130.6198290266883,"label_lat":33.25548656750115,"label_point_semantics":"OFFICIAL_SOURCE_BBOX_CENTER_DISPLAY_ONLY"},"geometry":{"type":"Polygon","coordinates":[[[130.33938,33.20193],[130.37839,33.22131],[130.36988,33.23924],[130.39025,33.24521],[130.39048,33.25938],[130.40002,33.2591],[130.4021,33.24865],[130.4149,33.25265],[130.41768,33.26885],[130.42957,33.27401],[130.42793,33.29091],[130.4385,33.28938],[130.43908,33.26584],[130.45021,33.26541],[130.44873,33.27841],[130.46798,33.28728],[130.45602,33.30142],[130.48409,33.30535],[130.48939,33.31593],[130.47982,33.33078],[130.49946,33.32558],[130.50884,33.34329],[130.53598,33.34296],[130.5421,33.37893],[130.53533,33.43737],[130.5536,33.44993],[130.58094,33.43725],[130.56091,33.47538],[130.56725,33.4819],[130.58009,33.47273],[130.62042,33.50575],[130.65593,33.51041],[130.68246,33.49143],[130.7659,33.48795],[130.79123,33.47099],[130.80635,33.47204],[130.81929,33.4897],[130.84266,33.48562],[130.84779,33.47866],[130.83597,33.46858],[130.85315,33.44768],[130.90014,33.44957],[130.88635,33.3797],[130.86268,33.37689],[130.86116,33.36166],[130.83535,33.34355],[130.8573,33.3269],[130.86635,33.29211],[130.85207,33.27747],[130.86805,33.26408],[130.8287,33.25746],[130.82626,33.23676],[130.8594,33.22952],[130.83649,33.2106],[130.8875,33.18648],[130.8735,33.16819],[130.87965,33.15299],[130.85332,33.10914],[130.82175,33.10606],[130.81829,33.11443],[130.77089,33.12433],[130.73237,33.15448],[130.69205,33.15155],[130.68002,33.17131],[130.66651,33.15505],[130.65957,33.10948],[130.57688,33.11502],[130.5618,33.10419],[130.56561,33.08711],[130.54137,33.08201],[130.53144,33.06397],[130.51687,33.06557],[130.49673,33.05176],[130.51579,33.01402],[130.50602,33.00271],[130.39666,33.00002],[130.41924,33.00763],[130.41431,33.0168],[130.39204,33.00448],[130.42311,33.02954],[130.42538,33.05285],[130.41352,33.08497],[130.3876,33.09536],[130.39766,33.10786],[130.37258,33.12042],[130.37331,33.14129],[130.35578,33.14036],[130.35312,33.18046],[130.34055,33.18845],[130.33938,33.20193]]]}},{"type":"Feature","id":"410010","properties":{"region_code":"410010","geometry_key":"410010","name_ja":"南部","name_en":"Southern Region","parent_code":"410000","parent_name_ja":"佐賀県","display_name_ja":"佐賀県 南部","office_name_ja":null,"label_lon":130.21976027881385,"label_lat":33.21602902676824,"label_point_semantics":"OFFICIAL_SOURCE_BBOX_CENTER_DISPLAY_ONLY"},"geometry":{"type":"Polygon","coordinates":[[[129.89739,33.22366],[129.9312,33.22992],[129.95065,33.25702],[129.96114,33.25479],[129.98053,33.27452],[130.03681,33.27804],[130.12747,33.33976],[130.14296,33.33901],[130.14103,33.38056],[130.15393,33.39169],[130.15635,33.40928],[130.17053,33.41579],[130.15643,33.41978],[130.16794,33.43159],[130.16879,33.46765],[130.18315,33.46677],[130.19852,33.48117],[130.24992,33.4705],[130.27524,33.4796],[130.35579,33.43324],[130.39672,33.42743],[130.41681,33.41045],[130.41097,33.39504],[130.43815,33.40007],[130.44221,33.41563],[130.47659,33.43846],[130.51246,33.44945],[130.537,33.43827],[130.53598,33.34296],[130.50884,33.34329],[130.49946,33.32558],[130.47956,33.33055],[130.48939,33.31593],[130.48409,33.30535],[130.45602,33.30142],[130.46798,33.28728],[130.44873,33.27841],[130.44975,33.2651],[130.43623,33.26979],[130.4385,33.28938],[130.43098,33.29233],[130.41339,33.25133],[130.4021,33.24865],[130.39412,33.26063],[130.38539,33.24054],[130.3733,33.24426],[130.37839,33.22131],[130.33959,33.20447],[130.34055,33.18845],[130.35312,33.18046],[130.35578,33.14036],[130.28781,33.14692],[130.28573,33.1617],[130.24643,33.2029],[130.24733,33.19199],[130.23121,33.19214],[130.22311,33.16506],[130.19173,33.14042],[130.14936,33.11239],[130.12606,33.11718],[130.13771,33.09678],[130.12911,33.09185],[130.14066,33.09438],[130.14472,33.07299],[130.18226,33.0305],[130.1912,32.99015],[130.20508,32.99092],[130.22434,32.97308],[130.22492,32.96078],[130.21187,32.95513],[130.15009,32.96259],[130.14391,32.97171],[130.08868,32.97403],[130.07605,32.98757],[130.06123,32.98585],[130.02797,33.02002],[130.00083,33.02587],[129.98287,33.05712],[129.93951,33.07294],[129.93333,33.0881],[129.92236,33.09049],[129.92527,33.1059],[129.95139,33.10999],[129.95628,33.12863],[129.94336,33.16444],[129.91725,33.17124],[129.89739,33.22366]]]}},{"type":"Feature","id":"410020","properties":{"region_code":"410020","geometry_key":"410020","name_ja":"北部","name_en":"Northern Region","parent_code":"410000","parent_name_ja":"佐賀県","display_name_ja":"佐賀県 北部","office_name_ja":null,"label_lon":129.95367069384753,"label_lat":33.387580139861626,"label_point_semantics":"OFFICIAL_SOURCE_BBOX_CENTER_DISPLAY_ONLY"},"geometry":{"type":"MultiPolygon","coordinates":[[[[129.75897,33.29085],[129.77662,33.33299],[129.78936,33.34048],[129.81114,33.33273],[129.80275,33.33131],[129.81831,33.32116],[129.81061,33.32016],[129.82048,33.31604],[129.8137,33.30873],[129.82139,33.31051],[129.83682,33.28672],[129.85362,33.29159],[129.82777,33.31195],[129.84924,33.32954],[129.83353,33.32851],[129.82757,33.33716],[129.84864,33.33667],[129.84679,33.3626],[129.86886,33.37278],[129.87059,33.40501],[129.86281,33.41235],[129.85381,33.40315],[129.82368,33.41194],[129.83161,33.42204],[129.78297,33.45127],[129.80804,33.45824],[129.79372,33.47204],[129.80658,33.48576],[129.82646,33.47945],[129.82603,33.46842],[129.83927,33.46221],[129.835,33.4423],[129.85896,33.45408],[129.85006,33.47519],[129.83172,33.47506],[129.8455,33.47962],[129.82811,33.51825],[129.85752,33.5059],[129.83987,33.52238],[129.85697,33.51934],[129.84593,33.55611],[129.87829,33.53816],[129.87435,33.51597],[129.88665,33.52222],[129.88277,33.54056],[129.89457,33.53786],[129.89507,33.55109],[129.91786,33.54176],[129.93303,33.54942],[129.92951,33.53684],[129.95761,33.52941],[129.95656,33.51823],[129.9693,33.51141],[129.93734,33.48008],[129.95581,33.46878],[129.96522,33.48318],[129.97097,33.47486],[129.95862,33.46504],[129.96926,33.46139],[129.96178,33.4584],[129.99413,33.44788],[130.03498,33.4511],[130.03903,33.47001],[130.09056,33.46856],[130.10693,33.47783],[130.13897,33.4704],[130.15677,33.47672],[130.16879,33.46765],[130.16794,33.43159],[130.15643,33.41978],[130.17053,33.41579],[130.15635,33.40928],[130.15393,33.39169],[130.14103,33.38056],[130.14296,33.33901],[130.12747,33.33976],[130.03681,33.27804],[129.98053,33.27452],[129.96114,33.25479],[129.95065,33.25702],[129.9312,33.22992],[129.89739,33.22366],[129.91725,33.17124],[129.92853,33.17377],[129.93485,33.16338],[129.88791,33.15617],[129.8527,33.17685],[129.8378,33.17325],[129.81726,33.18445],[129.8069,33.21117],[129.81445,33.24227],[129.75897,33.29085]]],[[[129.73971,33.5734],[129.7475,33.58259],[129.77352,33.57539],[129.76036,33.56289],[129.73971,33.5734]]],[[[129.84814,33.59935],[129.8646,33.61753],[129.86427,33.58635],[129.84814,33.59935]]],[[[129.86834,33.54663],[129.88083,33.56754],[129.89369,33.55447],[129.88121,33.54422],[129.86834,33.54663]]]]}},{"type":"Feature","id":"420010","properties":{"region_code":"420010","geometry_key":"420010","name_ja":"南部","name_en":"Southern Region","parent_code":"420000","parent_name_ja":"長崎県","display_name_ja":"長崎県 南部","office_name_ja":null,"label_lon":129.9629486059435,"label_lat":32.82386294591825,"label_point_semantics":"OFFICIAL_SOURCE_BBOX_CENTER_DISPLAY_ONLY"},"geometry":{"type":"MultiPolygon","coordinates":[[[[129.62484,32.95232],[129.63522,32.95105],[129.62657,32.95754],[129.63304,32.98731],[129.64308,32.99507],[129.65197,32.98671],[129.65124,32.99899],[129.6618,33.00038],[129.64834,33.01766],[129.64701,33.03777],[129.65992,33.03949],[129.66213,33.06098],[129.67838,33.06243],[129.6599,33.06989],[129.67792,33.07731],[129.66161,33.07704],[129.67854,33.08596],[129.67313,33.09346],[129.68179,33.09933],[129.70646,33.07848],[129.70861,33.08791],[129.71899,33.08181],[129.71387,33.07111],[129.72976,33.07535],[129.73728,33.06403],[129.72708,33.04663],[129.74967,33.06027],[129.76222,33.04897],[129.74686,33.04113],[129.73294,33.01662],[129.73873,32.98861],[129.75224,33.00063],[129.75989,32.99348],[129.7627,33.00553],[129.75198,33.0038],[129.76413,33.02189],[129.78649,33.00531],[129.80061,33.00838],[129.81524,32.99501],[129.81147,32.9838],[129.82273,32.98178],[129.82471,32.97086],[129.81701,32.97388],[129.80683,32.96121],[129.81857,32.94713],[129.81313,32.91992],[129.79806,32.92255],[129.7985,32.95451],[129.78337,32.94133],[129.7849,32.91831],[129.79381,32.91481],[129.78351,32.90797],[129.78994,32.89949],[129.79255,32.9084],[129.80692,32.90871],[129.80467,32.89435],[129.81099,32.89481],[129.8032,32.8801],[129.79648,32.88926],[129.79056,32.88515],[129.78858,32.86712],[129.79503,32.87356],[129.79985,32.86372],[129.81725,32.86334],[129.84882,32.8317],[129.85236,32.86077],[129.85745,32.84711],[129.86901,32.84442],[129.87011,32.86084],[129.88121,32.86483],[129.87963,32.88096],[129.89293,32.86812],[129.89801,32.87999],[129.9127,32.866],[129.93043,32.86652],[129.9333,32.85726],[129.95172,32.86319],[129.95705,32.84717],[129.97467,32.84954],[129.9762,32.83759],[129.98557,32.83535],[130.00495,32.84214],[129.96269,32.87597],[129.97122,32.89038],[129.95581,32.8897],[129.94857,32.89605],[129.95646,32.90538],[129.93269,32.92004],[129.92833,32.96869],[129.9421,32.97429],[129.94948,32.99081],[129.96633,32.9831],[130.04444,33.00414],[130.08868,32.97403],[130.20286,32.95837],[130.20183,32.92906],[130.19177,32.92952],[130.18609,32.9134],[130.16702,32.91508],[130.15297,32.89913],[130.19524,32.84812],[130.24882,32.87702],[130.26112,32.87152],[130.29719,32.88137],[130.33106,32.86385],[130.38193,32.77985],[130.37059,32.76423],[130.37655,32.73998],[130.34562,32.70859],[130.3595,32.68885],[130.34327,32.66849],[130.3005,32.65134],[130.25959,32.6531],[130.266,32.64801],[130.25497,32.63928],[130.25919,32.633],[130.23815,32.62655],[130.23211,32.61119],[130.20376,32.60425],[130.18708,32.61169],[130.19751,32.60099],[130.1674,32.59072],[130.17513,32.6073],[130.16867,32.62112],[130.12953,32.64078],[130.13313,32.67868],[130.12577,32.68767],[130.14223,32.67789],[130.15442,32.6829],[130.2021,32.72057],[130.21006,32.74334],[130.20557,32.7557],[130.18407,32.7633],[130.18866,32.78752],[130.17906,32.79456],[130.14602,32.79659],[130.1267,32.78765],[130.08626,32.79503],[130.02437,32.75842],[129.99899,32.76204],[129.99136,32.75354],[129.98054,32.76353],[129.95737,32.76502],[129.94694,32.75528],[129.95655,32.74151],[129.93413,32.71747],[129.92924,32.72295],[129.92576,32.70783],[129.91311,32.71255],[129.91441,32.69334],[129.89579,32.6619],[129.87184,32.64435],[129.83865,32.64126],[129.83766,32.62075],[129.80451,32.5907],[129.77989,32.58297],[129.78136,32.57156],[129.76424,32.58312],[129.73891,32.56934],[129.73579,32.58107],[129.75037,32.59253],[129.75278,32.58141],[129.75356,32.59243],[129.78026,32.60386],[129.80252,32.64833],[129.81703,32.65466],[129.82034,32.68521],[129.8033,32.67803],[129.7923,32.69493],[129.80536,32.69088],[129.83009,32.70833],[129.81996,32.69502],[129.83723,32.6888],[129.83331,32.69744],[129.84748,32.69914],[129.84289,32.70567],[129.86101,32.72181],[129.87069,32.7487],[129.85936,32.7452],[129.84558,32.72013],[129.83992,32.72729],[129.8277,32.7163],[129.81544,32.71817],[129.83195,32.73352],[129.82976,32.74397],[129.81625,32.73801],[129.80456,32.74406],[129.81449,32.75901],[129.79704,32.76007],[129.79175,32.76578],[129.80251,32.77606],[129.76574,32.80012],[129.77711,32.81898],[129.74595,32.82213],[129.73751,32.80569],[129.71795,32.83388],[129.70166,32.83108],[129.67728,32.8669],[129.67996,32.87963],[129.66255,32.91636],[129.64217,32.93282],[129.63875,32.91823],[129.63859,32.9476],[129.62484,32.95232]]],[[[129.58632,33.02979],[129.5918,33.04661],[129.61011,33.05396],[129.60778,33.06519],[129.63847,33.06021],[129.62758,33.05792],[129.63465,33.05083],[129.62355,33.04269],[129.62911,33.03977],[129.61284,33.03411],[129.60939,33.02213],[129.58632,33.02979]]],[[[129.59225,32.93601],[129.60278,32.95026],[129.60218,32.93983],[129.62339,32.93803],[129.62558,32.9265],[129.61083,32.91611],[129.59225,32.93601]]],[[[129.55474,33.00065],[129.57569,33.02056],[129.56406,33.01776],[129.56152,33.03039],[129.59013,33.02293],[129.55474,33.00065]]],[[[129.90013,32.92821],[129.9268,32.90747],[129.91636,32.90435],[129.90013,32.92821]]],[[[129.773,32.55367],[129.77897,32.56963],[129.78913,32.56913],[129.79132,32.557],[129.773,32.55367]]],[[[129.96396,32.76107],[129.98926,32.75036],[129.97029,32.74915],[129.96396,32.76107]]]]}},{"type":"Feature","id":"420020","properties":{"region_code":"420020","geometry_key":"420020","name_ja":"北部","name_en":"Northern Region","parent_code":"420000","parent_name_ja":"長崎県","display_name_ja":"長崎県 北部","office_name_ja":null,"label_lon":129.68702847593346,"label_lat":33.30173422350566,"label_point_semantics":"OFFICIAL_SOURCE_BBOX_CENTER_DISPLAY_ONLY"},"geometry":{"type":"MultiPolygon","coordinates":[[[[129.55228,33.22124],[129.56091,33.21834],[129.5544,33.22404],[129.56847,33.22928],[129.56663,33.24523],[129.55618,33.2452],[129.57583,33.26244],[129.57186,33.27391],[129.58098,33.27985],[129.57958,33.26608],[129.59239,33.27696],[129.58391,33.292],[129.60684,33.31191],[129.62259,33.30991],[129.61222,33.31606],[129.58736,33.30485],[129.56219,33.32453],[129.56325,33.33311],[129.57606,33.33233],[129.56944,33.37775],[129.59802,33.38157],[129.59216,33.36882],[129.61846,33.37642],[129.62547,33.36161],[129.63343,33.36255],[129.63175,33.37128],[129.64451,33.36423],[129.6724,33.39949],[129.68571,33.38618],[129.67411,33.38532],[129.66928,33.36302],[129.67778,33.35306],[129.69699,33.36131],[129.69267,33.35205],[129.70551,33.34649],[129.7453,33.36704],[129.77211,33.35474],[129.77603,33.37177],[129.78883,33.37152],[129.7927,33.34106],[129.77662,33.33299],[129.75897,33.29085],[129.81445,33.24227],[129.8069,33.21117],[129.81715,33.18454],[129.8378,33.17325],[129.8527,33.17685],[129.88791,33.15617],[129.94332,33.16449],[129.95666,33.11804],[129.92662,33.10764],[129.92236,33.09049],[129.93333,33.0881],[129.93959,33.07289],[129.98287,33.05712],[130.00083,33.02587],[130.02797,33.02002],[130.04263,33.00392],[129.96345,32.98355],[129.94818,32.99114],[129.94518,33.01584],[129.87493,33.06542],[129.85458,33.06241],[129.84461,33.04782],[129.83941,33.05639],[129.82202,33.03673],[129.82092,33.05527],[129.83766,33.05918],[129.79811,33.06623],[129.80735,33.07632],[129.79427,33.08236],[129.78793,33.1029],[129.79648,33.11273],[129.79399,33.13839],[129.75453,33.14733],[129.74191,33.13197],[129.73064,33.13644],[129.73142,33.12411],[129.71969,33.13648],[129.72874,33.14593],[129.721,33.15408],[129.72973,33.15738],[129.7169,33.16661],[129.71459,33.15891],[129.70993,33.16539],[129.69893,33.16039],[129.71073,33.12672],[129.69949,33.12458],[129.71168,33.11599],[129.67438,33.12007],[129.66573,33.10155],[129.65728,33.13321],[129.66486,33.1235],[129.68118,33.12607],[129.68342,33.13952],[129.68917,33.13429],[129.69828,33.14179],[129.68199,33.14574],[129.68154,33.16274],[129.67072,33.16889],[129.66743,33.16145],[129.65039,33.17407],[129.63534,33.16702],[129.64315,33.18121],[129.65645,33.18419],[129.65682,33.19286],[129.64386,33.19764],[129.65028,33.20657],[129.63961,33.22319],[129.63881,33.19923],[129.62723,33.18734],[129.61773,33.19605],[129.6218,33.21661],[129.61586,33.20357],[129.60062,33.20713],[129.61467,33.22432],[129.59579,33.20871],[129.58169,33.21293],[129.58598,33.21808],[129.576,33.21356],[129.56649,33.2218],[129.5587,33.21414],[129.55228,33.22124]]],[[[129.34851,33.18229],[129.35846,33.18893],[129.35667,33.20754],[129.37004,33.19227],[129.36519,33.18734],[129.39992,33.18003],[129.40739,33.19596],[129.38042,33.20799],[129.38227,33.22763],[129.39825,33.23987],[129.4239,33.22598],[129.42029,33.23956],[129.4349,33.236],[129.42322,33.24093],[129.42763,33.24707],[129.41048,33.24895],[129.41219,33.26069],[129.40368,33.26537],[129.40595,33.27887],[129.42732,33.27995],[129.42403,33.29069],[129.44716,33.2918],[129.43253,33.31439],[129.44293,33.32502],[129.43747,33.34798],[129.49862,33.35543],[129.51221,33.38174],[129.52208,33.37571],[129.51372,33.3568],[129.52406,33.35453],[129.53181,33.36902],[129.52468,33.38015],[129.54142,33.37249],[129.55244,33.38127],[129.54224,33.39047],[129.52194,33.38688],[129.52754,33.39413],[129.51784,33.40008],[129.555,33.40933],[129.56341,33.39035],[129.55389,33.39014],[129.56293,33.38196],[129.55311,33.36906],[129.57015,33.3571],[129.54579,33.3487],[129.54437,33.33067],[129.51385,33.33045],[129.5321,33.31138],[129.52737,33.30295],[129.50046,33.30058],[129.51001,33.28765],[129.47676,33.28798],[129.50474,33.26947],[129.46381,33.2141],[129.39367,33.17335],[129.37019,33.16929],[129.34851,33.18229]]],[[[129.72882,33.10012],[129.7542,33.10004],[129.74364,33.1215],[129.76067,33.11374],[129.75761,33.12762],[129.77374,33.1261],[129.75785,33.13132],[129.76568,33.1433],[129.79502,33.13588],[129.7865,33.1041],[129.79308,33.0817],[129.76588,33.07675],[129.76939,33.10074],[129.75828,33.08855],[129.78133,33.062],[129.76474,33.05861],[129.76759,33.05009],[129.75461,33.05581],[129.75666,33.06424],[129.74203,33.06175],[129.73947,33.0716],[129.74931,33.07754],[129.73948,33.0787],[129.72882,33.10012]]],[[[129.79591,33.41263],[129.8301,33.40686],[129.83391,33.38383],[129.85582,33.38466],[129.85869,33.37555],[129.83682,33.37128],[129.84251,33.36628],[129.8362,33.36241],[129.81859,33.36567],[129.81992,33.35563],[129.80762,33.35056],[129.81354,33.39977],[129.79591,33.41263]]],[[[129.39737,33.36064],[129.42164,33.40849],[129.42057,33.4322],[129.43491,33.44256],[129.42793,33.42212],[129.43714,33.3578],[129.41581,33.35092],[129.39737,33.36064]]],[[[129.7186,33.41504],[129.74528,33.42993],[129.7392,33.43774],[129.7596,33.45487],[129.75175,33.45421],[129.75333,33.47035],[129.77108,33.46136],[129.76892,33.44325],[129.79324,33.43024],[129.76344,33.43361],[129.75813,33.41539],[129.74725,33.42129],[129.74471,33.4068],[129.7186,33.41504]]],[[[129.49662,33.47191],[129.5474,33.50881],[129.55669,33.51058],[129.55451,33.489],[129.56719,33.49164],[129.56516,33.50131],[129.58352,33.49572],[129.55343,33.46926],[129.53475,33.4747],[129.5285,33.48645],[129.51321,33.48069],[129.52134,33.47154],[129.49662,33.47191]]],[[[129.50369,33.14039],[129.54372,33.15176],[129.55088,33.14382],[129.53563,33.13084],[129.50369,33.14039]]],[[[129.50486,33.4278],[129.52835,33.45371],[129.5451,33.44184],[129.50486,33.4278]]],[[[129.57759,33.18651],[129.59378,33.19256],[129.58563,33.18188],[129.5914,33.16331],[129.58149,33.16079],[129.59056,33.17107],[129.57759,33.18651]]]]}},{"type":"Feature","id":"420030","properties":{"region_code":"420030","geometry_key":"420030","name_ja":"壱岐・対馬","name_en":"Iki Tsushima","parent_code":"420000","parent_name_ja":"長崎県","display_name_ja":"長崎県 壱岐・対馬","office_name_ja":null,"label_lon":129.5407912320298,"label_lat":34.213521914554775,"label_point_semantics":"OFFICIAL_SOURCE_BBOX_CENTER_DISPLAY_ONLY"},"geometry":{"type":"MultiPolygon","coordinates":[[[[129.22734,34.36239],[129.24377,34.36929],[129.25113,34.35481],[129.25304,34.36712],[129.27654,34.37313],[129.27533,34.38698],[129.26818,34.38568],[129.272,34.41576],[129.28525,34.41524],[129.27074,34.42471],[129.28099,34.42782],[129.27413,34.44111],[129.28573,34.44359],[129.29459,34.43292],[129.29958,34.45349],[129.31209,34.45012],[129.30455,34.46411],[129.28169,34.44833],[129.27392,34.46899],[129.29308,34.48613],[129.30635,34.52598],[129.31506,34.51562],[129.31826,34.53698],[129.32854,34.52792],[129.34495,34.53235],[129.3283,34.53347],[129.32832,34.55065],[129.31421,34.54926],[129.30649,34.56808],[129.29519,34.55611],[129.28575,34.56277],[129.306,34.58912],[129.31977,34.6472],[129.3338,34.64969],[129.33539,34.63803],[129.35327,34.65003],[129.36464,34.63873],[129.37417,34.64694],[129.39562,34.63932],[129.38359,34.64962],[129.39541,34.65244],[129.40834,34.67833],[129.4348,34.67319],[129.41491,34.68228],[129.41805,34.69556],[129.44036,34.69302],[129.44935,34.7067],[129.45747,34.69236],[129.46383,34.70121],[129.47172,34.68942],[129.48267,34.69448],[129.47125,34.68677],[129.4735,34.67409],[129.49375,34.68346],[129.48417,34.66753],[129.49754,34.66899],[129.48068,34.65232],[129.47114,34.6599],[129.46529,34.65426],[129.4787,34.65081],[129.47175,34.64395],[129.49115,34.64511],[129.48163,34.62704],[129.47097,34.62749],[129.47963,34.61734],[129.46045,34.61377],[129.4466,34.6318],[129.44187,34.62486],[129.45788,34.61267],[129.43725,34.62445],[129.43318,34.61733],[129.44919,34.61475],[129.45356,34.60281],[129.47104,34.60841],[129.47939,34.59555],[129.47129,34.58776],[129.47337,34.55506],[129.45661,34.55417],[129.46378,34.54357],[129.44518,34.53059],[129.45127,34.52304],[129.3973,34.48076],[129.38631,34.45732],[129.36842,34.45222],[129.38566,34.42772],[129.36895,34.4399],[129.36499,34.41976],[129.37542,34.42602],[129.37947,34.41182],[129.35173,34.38598],[129.38477,34.39561],[129.39915,34.41276],[129.39129,34.38312],[129.37368,34.38907],[129.38297,34.37256],[129.37546,34.37043],[129.38871,34.37055],[129.39346,34.35984],[129.38423,34.34834],[129.36474,34.34637],[129.38818,34.34713],[129.3947,34.33531],[129.38952,34.32918],[129.38685,34.33701],[129.36418,34.33852],[129.37964,34.31283],[129.37102,34.3231],[129.37004,34.31569],[129.36063,34.31883],[129.37145,34.31184],[129.36394,34.3144],[129.35289,34.29537],[129.35574,34.31051],[129.34587,34.29992],[129.3412,34.31135],[129.33429,34.30532],[129.33807,34.32363],[129.35407,34.31844],[129.34275,34.32656],[129.35071,34.3364],[129.34319,34.3368],[129.36058,34.33986],[129.34725,34.34138],[129.3538,34.34694],[129.33997,34.35654],[129.35537,34.37484],[129.33287,34.36403],[129.33791,34.38078],[129.32879,34.36428],[129.32025,34.37044],[129.32872,34.35975],[129.32243,34.3626],[129.32583,34.35071],[129.31968,34.35686],[129.30957,34.33703],[129.31187,34.34718],[129.30244,34.34096],[129.29978,34.34963],[129.31237,34.36008],[129.30529,34.35457],[129.29832,34.36994],[129.30918,34.38594],[129.29529,34.38477],[129.29465,34.37548],[129.28744,34.38879],[129.28115,34.38352],[129.29259,34.37329],[129.27792,34.36401],[129.29885,34.35476],[129.28776,34.3567],[129.28779,34.3391],[129.28091,34.35438],[129.28367,34.34357],[129.27653,34.35457],[129.26644,34.3532],[129.27143,34.35772],[129.24387,34.3504],[129.22734,34.36239]]],[[[129.1667,34.10388],[129.17964,34.21952],[129.19143,34.23431],[129.18528,34.24926],[129.19926,34.27003],[129.19599,34.31242],[129.2045,34.33122],[129.2278,34.32419],[129.22228,34.29016],[129.25586,34.31154],[129.25665,34.29212],[129.26638,34.30503],[129.27988,34.30605],[129.28193,34.28459],[129.29106,34.27854],[129.28435,34.28992],[129.29334,34.29083],[129.28336,34.29829],[129.28943,34.3044],[129.2734,34.31068],[129.26675,34.32827],[129.26749,34.32142],[129.27831,34.32668],[129.28033,34.31594],[129.28848,34.3202],[129.28662,34.3136],[129.29464,34.32021],[129.29641,34.30047],[129.31006,34.30823],[129.29984,34.29657],[129.30507,34.27689],[129.30844,34.28922],[129.31826,34.27587],[129.31495,34.29891],[129.33444,34.29804],[129.33438,34.28911],[129.33849,34.2994],[129.34306,34.29131],[129.34783,34.29756],[129.3536,34.27661],[129.32914,34.27618],[129.32681,34.26272],[129.31653,34.26119],[129.32402,34.25612],[129.31758,34.23232],[129.32584,34.22614],[129.30501,34.21503],[129.29797,34.22203],[129.29928,34.19461],[129.28886,34.19997],[129.28285,34.18796],[129.29751,34.18552],[129.28861,34.176],[129.29711,34.17284],[129.29545,34.16072],[129.28299,34.16475],[129.28524,34.14497],[129.27399,34.14655],[129.2824,34.13072],[129.25427,34.12643],[129.26241,34.11669],[129.2399,34.10163],[129.23125,34.11346],[129.22979,34.09487],[129.2194,34.09631],[129.21461,34.08395],[129.21417,34.11308],[129.20292,34.10337],[129.18386,34.11866],[129.1667,34.10388]]],[[[129.64231,33.76728],[129.65135,33.77396],[129.68603,33.75966],[129.67792,33.77781],[129.65919,33.77618],[129.66071,33.79023],[129.65057,33.80002],[129.6671,33.80061],[129.64964,33.80688],[129.66157,33.81339],[129.67572,33.7969],[129.67757,33.80571],[129.6887,33.80547],[129.6726,33.81945],[129.67132,33.83779],[129.68911,33.85724],[129.70438,33.85427],[129.69355,33.85732],[129.70408,33.86352],[129.72524,33.85007],[129.7687,33.84644],[129.76503,33.81245],[129.74864,33.80667],[129.79945,33.7884],[129.79605,33.77936],[129.77272,33.78618],[129.75793,33.77569],[129.79845,33.76343],[129.79761,33.75377],[129.7879,33.75499],[129.78851,33.74205],[129.73445,33.7393],[129.71636,33.70389],[129.69157,33.7121],[129.69555,33.72692],[129.68965,33.72108],[129.67685,33.72745],[129.68736,33.74182],[129.67399,33.75904],[129.65345,33.73812],[129.64623,33.75155],[129.65433,33.76227],[129.64231,33.76728]]],[[[129.34738,34.28614],[129.3689,34.30276],[129.37727,34.29106],[129.3739,34.30344],[129.39385,34.29953],[129.35973,34.27067],[129.34738,34.28614]]],[[[129.29023,34.32443],[129.29725,34.33712],[129.31774,34.32574],[129.32655,34.33636],[129.33369,34.30435],[129.33093,34.3117],[129.32081,34.30587],[129.32967,34.31329],[129.32027,34.30796],[129.32681,34.3174],[129.317,34.31268],[129.31575,34.32508],[129.30122,34.32198],[129.30011,34.33091],[129.29023,34.32443]]],[[[129.38897,34.34194],[129.39759,34.35961],[129.40653,34.33574],[129.38897,34.34194]]]]}},{"type":"Feature","id":"420040","properties":{"region_code":"420040","geometry_key":"420040","name_ja":"五島","name_en":"Goto","parent_code":"420000","parent_name_ja":"長崎県","display_name_ja":"長崎県 五島","office_name_ja":null,"label_lon":128.7781705126091,"label_lat":32.636774887501105,"label_point_semantics":"OFFICIAL_SOURCE_BBOX_CENTER_DISPLAY_ONLY"},"geometry":{"type":"MultiPolygon","coordinates":[[[[128.59811,32.61316],[128.61153,32.64696],[128.62268,32.63418],[128.61252,32.62108],[128.61914,32.63085],[128.62626,32.6274],[128.62519,32.61748],[128.64761,32.61063],[128.64302,32.60383],[128.66763,32.63003],[128.66646,32.63664],[128.64221,32.61895],[128.63577,32.62843],[128.64358,32.64324],[128.65509,32.64215],[128.64381,32.65403],[128.66717,32.64508],[128.64977,32.65731],[128.67142,32.65127],[128.66334,32.66701],[128.67918,32.67198],[128.66088,32.6701],[128.64682,32.69769],[128.66399,32.70065],[128.64589,32.72137],[128.65358,32.74229],[128.64029,32.76116],[128.66441,32.78478],[128.69732,32.76643],[128.70028,32.74497],[128.69165,32.73804],[128.73703,32.7575],[128.72458,32.74694],[128.7422,32.75092],[128.73876,32.73848],[128.7497,32.75344],[128.73917,32.7522],[128.75508,32.76943],[128.77366,32.7343],[128.77342,32.75061],[128.79282,32.76104],[128.79875,32.75523],[128.79275,32.76533],[128.77503,32.75538],[128.76572,32.76166],[128.77575,32.77822],[128.79256,32.77705],[128.79755,32.78501],[128.78958,32.78934],[128.81058,32.79806],[128.80427,32.775],[128.8262,32.76024],[128.8036,32.75186],[128.81346,32.747],[128.83526,32.76043],[128.82683,32.73979],[128.83209,32.75192],[128.83585,32.74484],[128.85192,32.75013],[128.8571,32.74337],[128.84424,32.74376],[128.83954,32.72476],[128.85315,32.69813],[128.84874,32.68886],[128.85638,32.69503],[128.89735,32.65128],[128.89274,32.64075],[128.82639,32.63548],[128.80873,32.65539],[128.7701,32.64475],[128.76176,32.61974],[128.7727,32.61991],[128.79375,32.5988],[128.77192,32.57393],[128.7533,32.57842],[128.73554,32.60742],[128.66564,32.6084],[128.65623,32.59042],[128.59811,32.61316]]],[[[128.99169,32.94385],[129.00494,32.94548],[128.99706,32.96509],[129.01231,32.9765],[129.03002,32.96059],[129.03264,32.97218],[129.04768,32.97625],[129.04993,32.95939],[129.05236,32.97891],[129.06581,32.98098],[129.04378,32.98645],[129.04986,32.99559],[129.04121,33.0034],[129.0423,33.02772],[129.05018,33.04117],[129.06818,33.04596],[129.06968,33.01971],[129.08809,33.0246],[129.07423,33.05652],[129.08548,33.07614],[129.10765,33.08787],[129.10971,33.10071],[129.09807,33.10446],[129.10448,33.1134],[129.09428,33.12141],[129.11573,33.16367],[129.10298,33.12416],[129.11739,33.11462],[129.1202,33.09888],[129.10864,33.06802],[129.11415,33.06291],[129.09125,33.03848],[129.09655,33.00061],[129.08708,32.9842],[129.10868,32.98097],[129.11435,32.99103],[129.12179,32.98438],[129.13328,33.00204],[129.15754,32.99992],[129.16555,33.00879],[129.16936,32.99871],[129.17492,33.00721],[129.1833,33.00216],[129.17436,32.99699],[129.18228,32.97142],[129.14998,32.95755],[129.14042,32.93683],[129.13098,32.94499],[129.1178,32.93852],[129.10159,32.96152],[129.1094,32.92643],[129.08442,32.92625],[129.09586,32.91906],[129.08925,32.90983],[129.09547,32.90333],[129.08117,32.89585],[129.09245,32.89083],[129.08227,32.88213],[129.09496,32.88157],[129.10018,32.85992],[129.06608,32.86252],[129.05692,32.84741],[129.06866,32.8357],[129.0629,32.81662],[129.04325,32.82238],[129.05187,32.82734],[129.04528,32.8293],[129.04744,32.86811],[129.03982,32.88175],[129.04986,32.8744],[129.04294,32.8856],[129.05765,32.87826],[129.06,32.88892],[129.0432,32.89276],[129.03799,32.9085],[129.05324,32.899],[129.0519,32.90723],[129.05904,32.90657],[129.06026,32.89525],[129.06767,32.90457],[129.05238,32.91049],[129.0507,32.92145],[129.02621,32.91953],[129.03233,32.93266],[129.04098,32.93],[129.03553,32.94582],[129.02283,32.93204],[129.0138,32.93687],[129.01475,32.94912],[129.00674,32.94019],[128.99169,32.94385]]],[[[128.83234,32.82945],[128.83782,32.83833],[128.84792,32.82942],[128.86124,32.8349],[128.86145,32.8156],[128.87134,32.80652],[128.86261,32.80184],[128.87629,32.79767],[128.87843,32.81785],[128.86756,32.8219],[128.86479,32.84463],[128.90064,32.82165],[128.91059,32.79698],[128.88302,32.76474],[128.86453,32.76367],[128.84121,32.78435],[128.83615,32.77931],[128.83966,32.83047],[128.83234,32.82945]]],[[[128.96089,32.90022],[128.98328,32.89484],[128.98659,32.88005],[128.99391,32.89371],[128.99934,32.87825],[129.00174,32.90204],[128.98826,32.89785],[128.97763,32.9187],[128.99063,32.92334],[128.98253,32.93014],[128.9897,32.93307],[129.00121,32.91962],[129.01591,32.92364],[129.02143,32.90226],[129.03334,32.8952],[129.02234,32.88905],[129.0324,32.88995],[129.0205,32.87333],[129.02907,32.87042],[129.02764,32.84488],[129.01304,32.85268],[129.0234,32.85538],[129.01065,32.85663],[129.02266,32.86207],[129.01258,32.86849],[129.00761,32.86009],[128.9963,32.86966],[128.97644,32.85951],[128.98198,32.87036],[128.96596,32.87219],[128.97497,32.8783],[128.96089,32.90022]]],[[[129.06966,33.27062],[129.09183,33.2874],[129.1213,33.28882],[129.12811,33.30325],[129.14167,33.29608],[129.14076,33.27736],[129.15688,33.27191],[129.13205,33.26298],[129.13157,33.24975],[129.11884,33.24495],[129.09672,33.24815],[129.08384,33.2653],[129.07354,33.25883],[129.06966,33.27062]]],[[[128.87263,32.86182],[128.88976,32.86651],[128.8885,32.8775],[128.90674,32.87477],[128.93317,32.83789],[128.93697,32.84941],[128.92259,32.87012],[128.9428,32.84913],[128.94936,32.87332],[128.9404,32.88386],[128.94818,32.88169],[128.96472,32.85144],[128.95377,32.84639],[128.96074,32.83098],[128.9415,32.82734],[128.95202,32.81675],[128.94485,32.80178],[128.93509,32.82876],[128.93439,32.81598],[128.91427,32.82079],[128.92877,32.82332],[128.92008,32.84324],[128.91284,32.83966],[128.89144,32.86406],[128.89026,32.85199],[128.87263,32.86182]]],[[[129.02832,33.20075],[129.0385,33.21114],[129.04308,33.20497],[129.04647,33.21937],[129.0676,33.20675],[129.09953,33.21155],[129.07975,33.20794],[129.08215,33.1959],[129.09441,33.19255],[129.08894,33.18606],[129.0638,33.19491],[129.06202,33.18506],[129.04966,33.1828],[129.04669,33.19597],[129.02832,33.20075]]],[[[128.96266,32.75042],[128.98791,32.75642],[128.9889,32.78842],[128.99894,32.78683],[129.00765,32.77151],[129.00448,32.75058],[128.98767,32.75478],[128.98637,32.74183],[128.96266,32.75042]]],[[[129.11492,33.20797],[129.12436,33.21314],[129.14352,33.19246],[129.13136,33.1853],[129.13232,33.15852],[129.12417,33.16303],[129.11492,33.20797]]],[[[128.61523,32.65509],[128.63479,32.6797],[128.64048,32.66391],[128.62759,32.66423],[128.63569,32.65857],[128.62735,32.65488],[128.6353,32.65344],[128.62949,32.63791],[128.61523,32.65509]]],[[[129.22175,33.0009],[129.2472,33.02329],[129.25007,33.01315],[129.26108,33.02059],[129.24566,32.99323],[129.23386,32.98875],[129.2395,32.99955],[129.22175,33.0009]]],[[[128.93018,32.91952],[128.94681,32.92501],[128.95643,32.91607],[128.96368,32.93252],[128.96705,32.9186],[128.95502,32.90958],[128.97038,32.9106],[128.94736,32.90566],[128.93018,32.91952]]],[[[128.58933,32.7187],[128.60895,32.7402],[128.60135,32.71267],[128.58933,32.7187]]],[[[129.3404,33.00761],[129.35275,33.0212],[129.36244,33.00428],[129.34584,32.99757],[129.3404,33.00761]]],[[[128.38085,32.04099],[128.39172,32.043],[128.39281,32.05431],[128.41597,32.05074],[128.40527,32.03732],[128.38085,32.04099]]],[[[128.97761,32.94831],[128.97877,32.95987],[128.99682,32.96192],[128.98351,32.94389],[128.97761,32.94831]]],[[[129.1742,33.01476],[129.19108,33.01974],[129.19744,33.01019],[129.17961,33.00654],[129.1742,33.01476]]],[[[129.01171,33.20357],[129.01462,33.21318],[129.02851,33.20605],[129.01171,33.20357]]]]}},{"type":"Feature","id":"430010","properties":{"region_code":"430010","geometry_key":"430010","name_ja":"熊本地方","name_en":"Kumamoto Region","parent_code":"430000","parent_name_ja":"熊本県","display_name_ja":"熊本県 熊本地方","office_name_ja":null,"label_lon":130.8247341962762,"label_lat":32.75495374806707,"label_point_semantics":"OFFICIAL_SOURCE_BBOX_CENTER_DISPLAY_ONLY"},"geometry":{"type":"MultiPolygon","coordinates":[[[[130.41414,33.00231],[130.50602,33.00271],[130.51579,33.01402],[130.49673,33.05176],[130.51687,33.06557],[130.53144,33.06397],[130.54137,33.08201],[130.56561,33.08711],[130.5618,33.10419],[130.57688,33.11502],[130.65957,33.10948],[130.66651,33.15505],[130.6811,33.17101],[130.69205,33.15155],[130.73254,33.15442],[130.77089,33.12433],[130.81829,33.11443],[130.84574,33.09218],[130.8862,33.08745],[130.89719,33.06542],[130.91585,33.05348],[130.95698,33.04713],[130.97027,33.02376],[130.94272,32.96368],[130.96466,32.9466],[130.95747,32.93987],[130.96634,32.92415],[130.95726,32.91384],[130.96675,32.90327],[130.94864,32.87578],[130.98847,32.87475],[130.97258,32.85665],[130.98022,32.84112],[130.97184,32.83436],[130.97655,32.81497],[130.98967,32.81373],[130.99872,32.79171],[131.03846,32.78366],[131.07526,32.79524],[131.12689,32.79476],[131.14459,32.81796],[131.15803,32.81944],[131.19586,32.80065],[131.205,32.78735],[131.20193,32.76791],[131.23243,32.75476],[131.23506,32.74438],[131.17997,32.71208],[131.1751,32.67193],[131.14353,32.67628],[131.11555,32.64211],[131.12062,32.60532],[131.10804,32.58176],[131.04325,32.58234],[131.03896,32.55443],[131.0181,32.54686],[131.02561,32.52111],[131.00923,32.51465],[131.00696,32.49006],[131.01733,32.46721],[130.99567,32.44998],[130.91001,32.4398],[130.89808,32.45186],[130.90108,32.46804],[130.86273,32.49366],[130.85287,32.48738],[130.83998,32.49902],[130.79506,32.4943],[130.7517,32.46858],[130.73661,32.47118],[130.74106,32.45336],[130.72274,32.45039],[130.72421,32.40565],[130.74269,32.39892],[130.72078,32.3865],[130.69353,32.34198],[130.67057,32.34025],[130.65228,32.37863],[130.64219,32.36489],[130.62781,32.36406],[130.62009,32.37396],[130.57776,32.3717],[130.55867,32.38256],[130.53512,32.36557],[130.52693,32.38276],[130.53424,32.38317],[130.54295,32.41919],[130.57544,32.4342],[130.56822,32.43498],[130.56495,32.476],[130.5425,32.48454],[130.54441,32.49861],[130.56514,32.50544],[130.53115,32.52003],[130.57259,32.50747],[130.53616,32.52586],[130.54384,32.53824],[130.5624,32.53791],[130.59354,32.57988],[130.63399,32.6034],[130.61785,32.61913],[130.64061,32.62363],[130.65389,32.61284],[130.66143,32.63193],[130.65165,32.64262],[130.59383,32.62231],[130.54374,32.62498],[130.51339,32.61188],[130.45937,32.60731],[130.46154,32.61702],[130.45099,32.62386],[130.46179,32.63431],[130.53792,32.665],[130.5751,32.70582],[130.60704,32.71299],[130.60844,32.74607],[130.5977,32.77638],[130.61438,32.79266],[130.58939,32.81616],[130.59115,32.82525],[130.57837,32.82892],[130.58444,32.84198],[130.52371,32.85058],[130.52321,32.88092],[130.47791,32.90458],[130.4626,32.90144],[130.46136,32.9196],[130.45165,32.9091],[130.4434,32.91529],[130.42968,32.99587],[130.41685,32.99271],[130.41414,33.00231]]],[[[130.47353,32.6039],[130.50914,32.60717],[130.51193,32.59633],[130.48883,32.57604],[130.49448,32.58736],[130.47993,32.59054],[130.48363,32.59882],[130.47353,32.6039]]]]}},{"type":"Feature","id":"430020","properties":{"region_code":"430020","geometry_key":"430020","name_ja":"阿蘇地方","name_en":"Aso Region","parent_code":"430000","parent_name_ja":"熊本県","display_name_ja":"熊本県 阿蘇地方","office_name_ja":null,"label_lon":131.13611472136733,"label_lat":32.974305693552964,"label_point_semantics":"OFFICIAL_SOURCE_BBOX_CENTER_DISPLAY_ONLY"},"geometry":{"type":"Polygon","coordinates":[[[130.94272,32.96368],[130.97027,33.02376],[130.99129,33.02396],[131.01219,33.0435],[131.01774,33.06369],[131.01078,33.07095],[131.02405,33.08754],[130.97833,33.1409],[130.99222,33.1832],[131.01554,33.17745],[131.04222,33.19459],[131.10389,33.18704],[131.16122,33.14077],[131.17455,33.08308],[131.1933,33.07755],[131.21672,33.05346],[131.22363,33.01716],[131.2473,32.99587],[131.24712,32.98253],[131.26321,32.97715],[131.24598,32.96],[131.25299,32.95607],[131.2458,32.93968],[131.25739,32.88743],[131.32951,32.83301],[131.26518,32.82646],[131.23453,32.78081],[131.24647,32.7694],[131.23422,32.75344],[131.20193,32.76791],[131.205,32.78735],[131.19586,32.80065],[131.14981,32.82075],[131.12716,32.79481],[131.00589,32.78752],[130.98967,32.81373],[130.97655,32.81497],[130.97184,32.83436],[130.98022,32.84112],[130.97258,32.85665],[130.98847,32.87475],[130.94864,32.87578],[130.96675,32.90327],[130.95726,32.91384],[130.96635,32.92429],[130.95747,32.93987],[130.96455,32.94683],[130.94272,32.96368]]]}},{"type":"Feature","id":"430030","properties":{"region_code":"430030","geometry_key":"430030","name_ja":"天草・芦北地方","name_en":"Amakusa Ashikita Region","parent_code":"430000","parent_name_ja":"熊本県","display_name_ja":"熊本県 天草・芦北地方","office_name_ja":null,"label_lon":130.29049500014418,"label_lat":32.36938601330391,"label_point_semantics":"OFFICIAL_SOURCE_BBOX_CENTER_DISPLAY_ONLY"},"geometry":{"type":"MultiPolygon","coordinates":[[[[129.9672,32.24312],[129.99191,32.28487],[130.01089,32.29839],[130.02617,32.30042],[130.03249,32.27447],[130.03693,32.28573],[130.02881,32.29902],[130.05048,32.30461],[130.0451,32.29218],[130.06108,32.27599],[130.06723,32.2878],[130.06123,32.29612],[130.07169,32.30033],[130.04064,32.31494],[130.03073,32.30317],[130.02689,32.31617],[130.02526,32.30779],[130.00509,32.31579],[129.99422,32.30654],[129.99452,32.32225],[129.98696,32.31733],[129.97686,32.32918],[129.97481,32.35591],[129.99469,32.37813],[129.98826,32.38377],[130.00321,32.40227],[129.99724,32.40483],[130.00369,32.42456],[130.03777,32.46603],[130.03125,32.4861],[130.03514,32.476],[130.04736,32.49104],[130.03387,32.51953],[130.0126,32.52977],[130.0377,32.53603],[130.04258,32.52859],[130.03307,32.53152],[130.03418,32.52173],[130.04596,32.51259],[130.08629,32.52557],[130.11882,32.54863],[130.18901,32.54877],[130.18823,32.53604],[130.19985,32.53583],[130.19038,32.51383],[130.19866,32.50993],[130.19784,32.49424],[130.19215,32.4962],[130.2086,32.47231],[130.19697,32.4585],[130.20384,32.45742],[130.20859,32.42609],[130.21709,32.42422],[130.2058,32.42078],[130.21273,32.42043],[130.1933,32.38787],[130.21939,32.39255],[130.2257,32.36862],[130.21047,32.35707],[130.20443,32.32518],[130.17291,32.31042],[130.16679,32.32307],[130.17782,32.33808],[130.16388,32.3291],[130.15754,32.33518],[130.15702,32.31237],[130.143,32.31731],[130.13961,32.29737],[130.16344,32.30183],[130.16088,32.28967],[130.14452,32.28147],[130.13666,32.29158],[130.10676,32.25353],[130.09156,32.2541],[130.10289,32.24896],[130.10206,32.23508],[130.08994,32.22674],[130.08413,32.23778],[130.09189,32.24371],[130.07979,32.24253],[130.08291,32.2307],[130.07249,32.22372],[130.08635,32.21975],[130.07761,32.2121],[130.05709,32.211],[130.04506,32.19909],[130.04357,32.20961],[130.02878,32.21448],[130.0347,32.20107],[130.02289,32.18873],[130.01299,32.18954],[130.01144,32.20195],[130.00175,32.19003],[129.99064,32.19723],[130.00048,32.22165],[130.00478,32.21129],[130.0147,32.22242],[130.00658,32.24263],[130.0039,32.23528],[129.98833,32.24015],[129.9993,32.25376],[129.98602,32.24173],[129.9672,32.24312]]],[[[130.35998,32.18088],[130.37802,32.17645],[130.37972,32.198],[130.37129,32.20155],[130.40237,32.2354],[130.43482,32.23313],[130.42415,32.24996],[130.43608,32.25366],[130.42824,32.2645],[130.45074,32.27226],[130.44885,32.28774],[130.4589,32.2906],[130.46585,32.27714],[130.4643,32.29566],[130.4776,32.28696],[130.4908,32.29879],[130.47033,32.30051],[130.46511,32.32646],[130.48224,32.32759],[130.48259,32.34479],[130.50705,32.35369],[130.48625,32.36322],[130.53806,32.41028],[130.54344,32.40582],[130.52693,32.38276],[130.53154,32.36673],[130.54785,32.36798],[130.55902,32.38259],[130.57776,32.3717],[130.61001,32.37583],[130.64219,32.36489],[130.60302,32.34051],[130.61244,32.3106],[130.59862,32.29478],[130.61388,32.27714],[130.59363,32.26598],[130.58426,32.24165],[130.58697,32.20722],[130.5794,32.19438],[130.59677,32.17598],[130.58268,32.15491],[130.54196,32.14948],[130.54029,32.13668],[130.4769,32.13899],[130.47347,32.11859],[130.42884,32.11383],[130.402,32.12063],[130.38662,32.14745],[130.36136,32.16719],[130.36864,32.17323],[130.35998,32.18088]]],[[[130.20442,32.44798],[130.25412,32.47696],[130.29119,32.48434],[130.29393,32.49794],[130.31978,32.51922],[130.33478,32.52189],[130.33981,32.51392],[130.36726,32.528],[130.37007,32.51285],[130.38462,32.52434],[130.37921,32.51154],[130.38752,32.5187],[130.39468,32.50002],[130.41758,32.52463],[130.42887,32.51616],[130.43799,32.52764],[130.45521,32.52218],[130.46142,32.52942],[130.43748,32.48616],[130.43734,32.46938],[130.41737,32.44863],[130.41863,32.43907],[130.40631,32.4352],[130.42397,32.43251],[130.41577,32.42238],[130.40213,32.42696],[130.41105,32.41507],[130.40402,32.39444],[130.38045,32.38239],[130.36687,32.38975],[130.35203,32.3788],[130.3507,32.39869],[130.34495,32.39479],[130.35506,32.40692],[130.34937,32.42172],[130.32934,32.39791],[130.28621,32.39733],[130.27456,32.41235],[130.26153,32.41056],[130.25244,32.38751],[130.23411,32.3851],[130.24684,32.3951],[130.24611,32.40842],[130.22856,32.42082],[130.23283,32.41539],[130.22356,32.41315],[130.20442,32.44798]]],[[[130.39357,32.58852],[130.41099,32.61469],[130.42515,32.60376],[130.41959,32.61753],[130.43048,32.6135],[130.44308,32.62587],[130.45806,32.61423],[130.45164,32.60151],[130.44081,32.60176],[130.44472,32.59178],[130.45993,32.5888],[130.44228,32.57188],[130.45332,32.55407],[130.4463,32.54821],[130.4416,32.5556],[130.44087,32.54772],[130.40503,32.55085],[130.40721,32.56762],[130.41951,32.57506],[130.39357,32.58852]]],[[[130.30041,32.30441],[130.32187,32.31745],[130.33071,32.3129],[130.32933,32.33324],[130.34718,32.35057],[130.37438,32.34867],[130.34489,32.31233],[130.30041,32.30441]]],[[[130.46018,32.57198],[130.47335,32.58807],[130.48739,32.57046],[130.46409,32.5394],[130.46018,32.57198]]],[[[130.2992,32.35766],[130.32195,32.36812],[130.32386,32.35754],[130.3278,32.36469],[130.32795,32.35746],[130.34235,32.3554],[130.3102,32.33925],[130.32399,32.34884],[130.2992,32.35766]]],[[[130.01527,32.17167],[130.02406,32.18093],[130.01924,32.18602],[130.03179,32.19093],[130.04866,32.16773],[130.047,32.15648],[130.03223,32.17517],[130.0209,32.15817],[130.01527,32.17167]]],[[[130.40778,32.39245],[130.41507,32.39944],[130.42413,32.38142],[130.43662,32.3818],[130.41828,32.36711],[130.42144,32.37857],[130.40778,32.39245]]],[[[130.13179,32.26763],[130.14099,32.27811],[130.15069,32.27163],[130.14022,32.26269],[130.13179,32.26763]]]]}},{"type":"Feature","id":"430040","properties":{"region_code":"430040","geometry_key":"430040","name_ja":"球磨地方","name_en":"Kuma Region","parent_code":"430000","parent_name_ja":"熊本県","display_name_ja":"熊本県 球磨地方","office_name_ja":null,"label_lon":130.84565846916308,"label_lat":32.29697152701442,"label_point_semantics":"OFFICIAL_SOURCE_BBOX_CENTER_DISPLAY_ONLY"},"geometry":{"type":"Polygon","coordinates":[[[130.5794,32.19438],[130.59042,32.26212],[130.61388,32.27714],[130.59862,32.29478],[130.61244,32.3106],[130.60092,32.32729],[130.60364,32.34213],[130.63893,32.35681],[130.65228,32.37863],[130.67068,32.34016],[130.70109,32.34715],[130.69725,32.35411],[130.72078,32.3865],[130.74269,32.39892],[130.72421,32.40565],[130.72274,32.45039],[130.74106,32.45336],[130.73661,32.47118],[130.7517,32.46858],[130.79469,32.49422],[130.83998,32.49902],[130.85287,32.48738],[130.86273,32.49366],[130.90108,32.46804],[130.89808,32.45186],[130.91001,32.4398],[130.94099,32.43845],[130.96554,32.45206],[130.98762,32.44717],[131.01434,32.46275],[131.01989,32.43867],[131.04334,32.40842],[131.06812,32.40748],[131.07803,32.35511],[131.09655,32.35019],[131.11191,32.33001],[131.07859,32.28122],[131.05051,32.28583],[131.05424,32.26706],[131.04162,32.2579],[131.04683,32.24425],[131.07156,32.23689],[131.06897,32.22571],[131.08421,32.20621],[131.10053,32.20154],[131.10897,32.16015],[131.09722,32.1522],[131.0718,32.16028],[131.05876,32.15483],[131.01213,32.17433],[130.97478,32.13705],[130.97453,32.12084],[130.95559,32.11541],[130.93309,32.11608],[130.90601,32.13359],[130.85745,32.09969],[130.8387,32.10727],[130.8208,32.09492],[130.75942,32.09681],[130.75162,32.10407],[130.74199,32.09788],[130.73524,32.10895],[130.72016,32.10083],[130.65501,32.13568],[130.65164,32.15127],[130.6227,32.15606],[130.61047,32.18666],[130.58862,32.18582],[130.5794,32.19438]]]}},{"type":"Feature","id":"440010","properties":{"region_code":"440010","geometry_key":"440010","name_ja":"中部","name_en":"Central Region","parent_code":"440000","parent_name_ja":"大分県","display_name_ja":"大分県 中部","office_name_ja":null,"label_lon":131.64214708217213,"label_lat":33.25511555443933,"label_point_semantics":"OFFICIAL_SOURCE_BBOX_CENTER_DISPLAY_ONLY"},"geometry":{"type":"Polygon","coordinates":[[[131.2564,33.12419],[131.27543,33.14905],[131.32513,33.17286],[131.29534,33.17973],[131.3126,33.18097],[131.29064,33.19504],[131.26948,33.23139],[131.33339,33.29261],[131.31648,33.30598],[131.33268,33.31751],[131.35273,33.30939],[131.37457,33.32547],[131.39901,33.32539],[131.40105,33.34994],[131.43295,33.3573],[131.42525,33.37275],[131.40597,33.38021],[131.43332,33.43569],[131.42407,33.47241],[131.4056,33.48961],[131.42427,33.5064],[131.43855,33.49884],[131.43889,33.50972],[131.42103,33.51713],[131.44848,33.52731],[131.45746,33.50893],[131.48363,33.49329],[131.53549,33.47711],[131.53174,33.50203],[131.56105,33.54469],[131.58645,33.55947],[131.58541,33.53478],[131.6088,33.47042],[131.63572,33.45569],[131.65725,33.45669],[131.65345,33.43554],[131.68289,33.43768],[131.70618,33.45262],[131.71875,33.44798],[131.7015,33.40599],[131.66116,33.40921],[131.67369,33.41737],[131.65706,33.4233],[131.64679,33.42032],[131.65196,33.41447],[131.62846,33.42061],[131.63462,33.41581],[131.62712,33.41101],[131.64242,33.408],[131.63427,33.40783],[131.6433,33.40613],[131.63573,33.39928],[131.65007,33.38406],[131.6434,33.37495],[131.59713,33.37167],[131.59302,33.34716],[131.58322,33.35391],[131.58691,33.34539],[131.54972,33.35012],[131.52989,33.36727],[131.49883,33.36026],[131.49609,33.32638],[131.51262,33.26749],[131.58927,33.24565],[131.58729,33.25136],[131.60171,33.24964],[131.60811,33.25357],[131.5992,33.25657],[131.65925,33.27735],[131.66871,33.25832],[131.66375,33.27804],[131.67688,33.27951],[131.68485,33.26624],[131.67942,33.28006],[131.69191,33.27943],[131.71549,33.26887],[131.7128,33.25981],[131.71853,33.26647],[131.75944,33.24023],[131.75459,33.25235],[131.77292,33.24489],[131.77933,33.25466],[131.77138,33.24108],[131.80599,33.242],[131.85638,33.25569],[131.87442,33.24953],[131.86778,33.25948],[131.90268,33.26781],[131.89202,33.2453],[131.87577,33.24455],[131.8768,33.22393],[131.86071,33.20454],[131.86919,33.20135],[131.83281,33.18109],[131.821,33.15784],[131.82889,33.16147],[131.82856,33.15011],[131.79837,33.12715],[131.8312,33.12659],[131.84344,33.1143],[131.86989,33.13141],[131.87796,33.13069],[131.87576,33.12257],[131.89283,33.12461],[131.89876,33.13565],[131.91516,33.12378],[131.8956,33.1072],[131.87996,33.10915],[131.86922,33.09049],[131.85149,33.08954],[131.86814,33.08344],[131.8589,33.07741],[131.88575,33.07285],[131.88501,33.08434],[131.90194,33.07528],[131.91102,33.08262],[131.90996,33.06814],[131.92529,33.06584],[131.93492,33.08328],[131.92888,33.09176],[131.94088,33.09686],[131.94297,33.06946],[131.96629,33.0734],[131.97098,33.06151],[131.98896,33.06835],[131.98611,33.08796],[132.00117,33.09655],[131.99543,33.08084],[132.00291,33.07018],[131.97265,33.0535],[131.93721,33.06455],[131.88961,33.04164],[131.83444,33.0395],[131.82191,33.02897],[131.79001,33.03444],[131.77444,33.00338],[131.7822,32.97865],[131.75816,32.96735],[131.71393,32.96927],[131.67079,32.95075],[131.62859,33.01395],[131.63476,33.03399],[131.65872,33.03709],[131.66065,33.04835],[131.64835,33.05744],[131.66079,33.07869],[131.67885,33.08726],[131.64413,33.08215],[131.60613,33.10228],[131.57762,33.10038],[131.55495,33.12042],[131.5064,33.1003],[131.49516,33.07623],[131.46418,33.07168],[131.45588,33.09691],[131.42165,33.07953],[131.41885,33.09574],[131.43372,33.10915],[131.42918,33.13078],[131.44392,33.14262],[131.45797,33.13891],[131.44802,33.14998],[131.41698,33.15398],[131.39092,33.15194],[131.37153,33.12438],[131.35317,33.11944],[131.35802,33.11112],[131.34892,33.10526],[131.31088,33.10522],[131.29141,33.12085],[131.2564,33.12419]]]}},{"type":"Feature","id":"440020","properties":{"region_code":"440020","geometry_key":"440020","name_ja":"北部","name_en":"Northern Region","parent_code":"440000","parent_name_ja":"大分県","display_name_ja":"大分県 北部","office_name_ja":null,"label_lon":131.33581317154074,"label_lat":33.52483499518894,"label_point_semantics":"OFFICIAL_SOURCE_BBOX_CENTER_DISPLAY_ONLY"},"geometry":{"type":"MultiPolygon","coordinates":[[[[130.92629,33.45762],[130.94242,33.48564],[130.97289,33.50552],[131.01534,33.50911],[131.02959,33.51886],[131.0757,33.5053],[131.17727,33.50717],[131.16627,33.52736],[131.18852,33.54779],[131.1898,33.56226],[131.17234,33.58303],[131.18796,33.61974],[131.23294,33.6014],[131.24534,33.61525],[131.23938,33.60632],[131.25312,33.60688],[131.25473,33.61614],[131.25573,33.59895],[131.27881,33.58085],[131.32962,33.58216],[131.34079,33.57105],[131.37248,33.58124],[131.41275,33.57362],[131.40927,33.57935],[131.43113,33.56824],[131.42307,33.59489],[131.43058,33.57407],[131.424,33.59306],[131.46225,33.61919],[131.46972,33.6145],[131.46438,33.61937],[131.47192,33.61797],[131.4852,33.64779],[131.49458,33.64368],[131.49512,33.6545],[131.50498,33.65654],[131.49989,33.67128],[131.52862,33.67236],[131.52216,33.6842],[131.54401,33.6772],[131.56047,33.68688],[131.57551,33.67507],[131.57355,33.68675],[131.5825,33.69237],[131.60752,33.6869],[131.61621,33.67497],[131.63613,33.68215],[131.65205,33.67105],[131.65164,33.66059],[131.66577,33.66843],[131.6794,33.64391],[131.69311,33.63998],[131.70387,33.60869],[131.71831,33.60465],[131.73378,33.5828],[131.74507,33.54283],[131.72906,33.50092],[131.73242,33.48808],[131.73893,33.49394],[131.73864,33.46495],[131.72614,33.46532],[131.72061,33.44756],[131.69483,33.45031],[131.66292,33.43413],[131.65034,33.4378],[131.65725,33.45669],[131.63572,33.45569],[131.60867,33.47054],[131.58539,33.53486],[131.58808,33.55898],[131.5542,33.537],[131.53174,33.50203],[131.53549,33.47711],[131.48363,33.49329],[131.45746,33.50893],[131.44848,33.52731],[131.42308,33.51865],[131.43889,33.50972],[131.43855,33.49884],[131.42427,33.5064],[131.4056,33.48961],[131.42407,33.47241],[131.43332,33.43569],[131.40595,33.3805],[131.42525,33.37275],[131.43295,33.3573],[131.40105,33.34994],[131.39901,33.32539],[131.37457,33.32547],[131.35273,33.30939],[131.31267,33.32283],[131.30314,33.3371],[131.2775,33.33499],[131.25061,33.36159],[131.21084,33.36137],[131.19681,33.34851],[131.17874,33.3539],[131.16786,33.36997],[131.15539,33.36417],[131.1393,33.38058],[131.1315,33.3648],[131.09878,33.3885],[131.06796,33.38347],[131.05706,33.36079],[131.0252,33.35847],[131.00894,33.39261],[130.96322,33.431],[130.94608,33.4338],[130.92629,33.45762]]],[[[131.63104,33.71859],[131.64266,33.73298],[131.65493,33.73016],[131.66758,33.74024],[131.70156,33.73028],[131.69017,33.73238],[131.667,33.71703],[131.63104,33.71859]]]]}},{"type":"Feature","id":"440030","properties":{"region_code":"440030","geometry_key":"440030","name_ja":"西部","name_en":"Western Region","parent_code":"440000","parent_name_ja":"大分県","display_name_ja":"大分県 西部","office_name_ja":null,"label_lon":131.14136236038473,"label_lat":33.142825139418676,"label_point_semantics":"OFFICIAL_SOURCE_BBOX_CENTER_DISPLAY_ONLY"},"geometry":{"type":"Polygon","coordinates":[[[130.82475,33.25105],[130.86799,33.26369],[130.85207,33.27747],[130.86635,33.29211],[130.8573,33.3269],[130.83535,33.34355],[130.86116,33.36166],[130.86268,33.37689],[130.88622,33.37951],[130.89492,33.44615],[130.92507,33.45768],[131.00894,33.39261],[131.0252,33.35847],[131.05706,33.36079],[131.06796,33.38347],[131.09878,33.3885],[131.1315,33.3648],[131.1393,33.38058],[131.15539,33.36417],[131.16786,33.36997],[131.17874,33.3539],[131.19681,33.34851],[131.21084,33.36137],[131.25061,33.36159],[131.2775,33.33499],[131.30314,33.3371],[131.31267,33.32283],[131.33071,33.31889],[131.31648,33.30595],[131.33339,33.29261],[131.26948,33.23139],[131.29064,33.19504],[131.3126,33.18097],[131.29534,33.17973],[131.32513,33.17286],[131.27543,33.14905],[131.2564,33.12419],[131.29141,33.12085],[131.31088,33.10522],[131.34892,33.10526],[131.35802,33.11112],[131.35317,33.11944],[131.37153,33.12438],[131.3913,33.1521],[131.43706,33.15221],[131.45698,33.14155],[131.42936,33.13107],[131.43365,33.10883],[131.39509,33.06191],[131.40615,33.04885],[131.38857,33.03757],[131.39212,33.03115],[131.37881,33.02959],[131.3827,33.01599],[131.41799,33.00308],[131.42457,32.96813],[131.40659,32.94579],[131.40911,32.93627],[131.39668,32.93047],[131.40084,32.88138],[131.38806,32.86719],[131.39613,32.8594],[131.34706,32.82797],[131.27344,32.871],[131.27319,32.88181],[131.26202,32.8814],[131.24585,32.93917],[131.25299,32.95607],[131.24595,32.95947],[131.26321,32.97715],[131.24712,32.98253],[131.2473,32.99587],[131.22363,33.01716],[131.21672,33.05346],[131.1933,33.07755],[131.17455,33.08308],[131.16122,33.14077],[131.10506,33.1866],[131.06002,33.19517],[131.03885,33.19413],[131.01554,33.17745],[130.99222,33.1832],[130.97833,33.1409],[131.02405,33.08754],[131.01078,33.07095],[131.01454,33.04757],[130.99129,33.02396],[130.97027,33.02376],[130.94682,33.05283],[130.91585,33.05348],[130.87698,33.09183],[130.84307,33.09382],[130.83984,33.10484],[130.86165,33.11753],[130.87965,33.15299],[130.87359,33.16843],[130.8875,33.18648],[130.83649,33.2106],[130.85959,33.22913],[130.82626,33.23676],[130.82475,33.25105]]]}},{"type":"Feature","id":"440040","properties":{"region_code":"440040","geometry_key":"440040","name_ja":"南部","name_en":"Southern Region","parent_code":"440000","parent_name_ja":"大分県","display_name_ja":"大分県 南部","office_name_ja":null,"label_lon":131.76217987714966,"label_lat":32.91743261277492,"label_point_semantics":"OFFICIAL_SOURCE_BBOX_CENTER_DISPLAY_ONLY"},"geometry":{"type":"MultiPolygon","coordinates":[[[[131.34693,32.82889],[131.37528,32.83932],[131.39613,32.8594],[131.38806,32.86719],[131.40084,32.88138],[131.39668,32.93047],[131.40911,32.93627],[131.40659,32.94579],[131.42458,32.96803],[131.41799,33.00308],[131.3827,33.01599],[131.37852,33.02652],[131.40622,33.049],[131.39509,33.06191],[131.40503,33.06573],[131.40389,33.08134],[131.41873,33.09206],[131.42375,33.07924],[131.45588,33.09691],[131.45878,33.07632],[131.47472,33.07031],[131.49573,33.0766],[131.5064,33.1003],[131.55495,33.12042],[131.57762,33.10038],[131.60613,33.10228],[131.64413,33.08215],[131.67892,33.08719],[131.66079,33.07869],[131.64835,33.05744],[131.66065,33.04835],[131.65872,33.03709],[131.63476,33.03399],[131.62862,33.01421],[131.65786,32.97889],[131.66656,32.95167],[131.71393,32.96927],[131.75816,32.96735],[131.7822,32.97865],[131.77444,33.00338],[131.79001,33.03444],[131.82191,33.02897],[131.83444,33.0395],[131.88961,33.04164],[131.93721,33.06455],[131.97265,33.0535],[132.00257,33.06992],[132.01812,33.05978],[131.98036,33.04661],[131.92779,33.05145],[131.9228,33.02637],[131.90107,33.01015],[131.90824,32.99929],[131.90167,32.99206],[131.89856,33.00676],[131.88981,32.99255],[131.89546,32.98124],[131.91643,32.97006],[131.92718,32.97408],[131.92383,32.96481],[131.93765,32.95237],[131.94889,32.95938],[131.95961,32.94557],[131.96015,32.96015],[131.96841,32.95294],[131.97504,32.96375],[131.97185,32.94653],[131.98203,32.93931],[132.00321,32.95892],[131.99686,32.93814],[132.00345,32.93237],[132.03394,32.93969],[132.03333,32.95404],[132.07882,32.94543],[132.08535,32.93314],[132.05423,32.9399],[132.04481,32.92617],[132.02608,32.93544],[132.00863,32.92513],[132.00971,32.90582],[131.98976,32.92413],[131.97716,32.92301],[131.98628,32.88935],[131.99559,32.89966],[132.01561,32.89057],[132.00103,32.88579],[131.98462,32.86276],[131.97442,32.86752],[131.97537,32.85687],[131.96162,32.84684],[131.94968,32.85494],[131.95665,32.84127],[131.9424,32.83677],[131.95778,32.8365],[131.96281,32.81878],[131.9632,32.8383],[131.98197,32.825],[131.98721,32.83251],[131.97476,32.84455],[131.98606,32.84629],[132.01044,32.83474],[132.00797,32.82663],[131.97385,32.80694],[131.9712,32.7917],[131.96333,32.80561],[131.94722,32.80626],[131.93666,32.78447],[131.92206,32.79396],[131.92527,32.80109],[131.91745,32.79637],[131.9202,32.78526],[131.90741,32.79387],[131.89639,32.78715],[131.89965,32.80222],[131.88998,32.80481],[131.88489,32.79109],[131.89704,32.77956],[131.89626,32.76441],[131.87485,32.79052],[131.86859,32.77372],[131.87971,32.76229],[131.87167,32.75183],[131.88583,32.74607],[131.85348,32.73674],[131.84415,32.74742],[131.84421,32.77664],[131.85898,32.82096],[131.8345,32.8197],[131.82443,32.82993],[131.7939,32.82195],[131.78727,32.83365],[131.76702,32.83894],[131.74155,32.83436],[131.71114,32.77238],[131.66886,32.76659],[131.59251,32.77531],[131.56836,32.75408],[131.51129,32.77033],[131.51747,32.8008],[131.47526,32.83724],[131.43697,32.82863],[131.42121,32.81192],[131.36439,32.80337],[131.34864,32.81068],[131.34693,32.82889]]],[[[131.91016,32.98841],[131.92474,32.99985],[131.91968,33.01286],[131.94354,33.01606],[131.92626,32.99681],[131.9448,32.9938],[131.92445,32.98035],[131.91016,32.98841]]],[[[132.06028,32.96402],[132.08035,32.97423],[132.07322,32.95272],[132.06028,32.96402]]]]}},{"type":"Feature","id":"450010","properties":{"region_code":"450010","geometry_key":"450010","name_ja":"南部平野部","name_en":"Plain Area of Southern Region","parent_code":"450000","parent_name_ja":"宮崎県","display_name_ja":"宮崎県 南部平野部","office_name_ja":null,"label_lon":131.32894367715903,"label_lat":31.744241113086957,"label_point_semantics":"OFFICIAL_SOURCE_BBOX_CENTER_DISPLAY_ONLY"},"geometry":{"type":"MultiPolygon","coordinates":[[[[131.15034,32.0245],[131.16706,32.05302],[131.15961,32.07338],[131.18491,32.08549],[131.17043,32.12942],[131.19343,32.1321],[131.20464,32.12167],[131.21773,32.12424],[131.23636,32.10212],[131.2668,32.09866],[131.28454,32.07246],[131.31615,32.06461],[131.33654,32.03435],[131.37294,32.01786],[131.38682,32.01834],[131.4027,32.06564],[131.42569,32.05227],[131.44377,32.05685],[131.48677,32.04137],[131.50754,32.04628],[131.47245,31.94625],[131.46708,31.92435],[131.47308,31.92779],[131.47518,31.91927],[131.45965,31.91602],[131.45446,31.89847],[131.46393,31.91364],[131.48636,31.92307],[131.46088,31.89612],[131.45105,31.8367],[131.45442,31.81576],[131.48855,31.785],[131.47724,31.7524],[131.47361,31.75936],[131.46838,31.75256],[131.46824,31.7209],[131.45982,31.71813],[131.45608,31.6968],[131.46878,31.68637],[131.45037,31.68004],[131.46929,31.64531],[131.45276,31.63912],[131.46218,31.63322],[131.45657,31.62407],[131.41808,31.60341],[131.406,31.56326],[131.40982,31.57591],[131.4011,31.582],[131.40223,31.57142],[131.39105,31.56425],[131.39763,31.55881],[131.38206,31.55545],[131.38696,31.52332],[131.38325,31.51115],[131.37304,31.51835],[131.37315,31.50688],[131.38554,31.50237],[131.38962,31.48511],[131.36304,31.47175],[131.37116,31.42829],[131.34352,31.41214],[131.34563,31.39866],[131.33246,31.39635],[131.33472,31.38111],[131.35055,31.37167],[131.34239,31.36144],[131.31848,31.36864],[131.30934,31.39071],[131.25386,31.38074],[131.2355,31.40533],[131.24306,31.42624],[131.22766,31.42423],[131.20579,31.4532],[131.17446,31.44988],[131.16008,31.45952],[131.17,31.49986],[131.20005,31.5157],[131.18891,31.55753],[131.20545,31.57995],[131.1852,31.61037],[131.20251,31.63697],[131.16144,31.67476],[131.2108,31.71492],[131.23212,31.71619],[131.23954,31.73339],[131.25987,31.73598],[131.2696,31.76855],[131.26405,31.78062],[131.23987,31.77903],[131.23927,31.80776],[131.22154,31.8276],[131.24218,31.83986],[131.23823,31.86043],[131.25436,31.8603],[131.2516,31.88733],[131.23898,31.87672],[131.2173,31.88153],[131.20664,31.86292],[131.1902,31.88045],[131.19089,31.90986],[131.2204,31.91943],[131.19251,31.94898],[131.20988,31.97896],[131.16705,31.9935],[131.15034,32.0245]]],[[[131.40325,31.53075],[131.4145,31.54126],[131.41816,31.51186],[131.40325,31.53075]]]]}},{"type":"Feature","id":"450020","properties":{"region_code":"450020","geometry_key":"450020","name_ja":"北部平野部","name_en":"Plain Area of Northern Region","parent_code":"450000","parent_name_ja":"宮崎県","display_name_ja":"宮崎県 北部平野部","office_name_ja":null,"label_lon":131.53029638751832,"label_lat":32.42842041452056,"label_point_semantics":"OFFICIAL_SOURCE_BBOX_CENTER_DISPLAY_ONLY"},"geometry":{"type":"MultiPolygon","coordinates":[[[[131.17489,32.31064],[131.19012,32.34074],[131.22234,32.32418],[131.24923,32.32894],[131.29048,32.30986],[131.34151,32.32949],[131.35109,32.36697],[131.37851,32.35488],[131.39685,32.36494],[131.40604,32.38971],[131.44616,32.39272],[131.47663,32.40595],[131.48352,32.41707],[131.47593,32.44967],[131.51215,32.45959],[131.50864,32.48631],[131.52958,32.49391],[131.52337,32.5075],[131.5322,32.52321],[131.52657,32.54061],[131.48527,32.56509],[131.42878,32.55989],[131.44763,32.57689],[131.45231,32.61409],[131.43497,32.63364],[131.44051,32.65477],[131.43412,32.66132],[131.44799,32.67192],[131.45297,32.69306],[131.48012,32.7105],[131.48974,32.77365],[131.56836,32.75408],[131.59251,32.77531],[131.66886,32.76659],[131.71209,32.77307],[131.74155,32.83436],[131.76681,32.83898],[131.78727,32.83365],[131.7939,32.82195],[131.82443,32.82993],[131.8345,32.8197],[131.8588,32.82144],[131.84421,32.77664],[131.84701,32.73593],[131.8857,32.74583],[131.87713,32.73381],[131.85811,32.73149],[131.86504,32.71638],[131.85016,32.72211],[131.85101,32.69332],[131.83865,32.69142],[131.82664,32.70656],[131.81684,32.70284],[131.81615,32.6872],[131.79228,32.67762],[131.78978,32.66204],[131.77717,32.67403],[131.77202,32.65786],[131.76238,32.65817],[131.77106,32.65213],[131.76537,32.64262],[131.7506,32.64533],[131.7576,32.635],[131.77361,32.64012],[131.75536,32.60281],[131.74229,32.59173],[131.71247,32.58964],[131.69025,32.5614],[131.68454,32.50917],[131.69261,32.51513],[131.70093,32.50574],[131.70045,32.51786],[131.71436,32.51981],[131.70997,32.50261],[131.72886,32.49226],[131.69537,32.4692],[131.67783,32.47301],[131.67885,32.48357],[131.6567,32.47943],[131.66147,32.47014],[131.6506,32.46002],[131.65666,32.44727],[131.64183,32.43907],[131.65105,32.43475],[131.66411,32.44953],[131.66224,32.43653],[131.67611,32.44308],[131.67457,32.45413],[131.67995,32.43003],[131.65404,32.42885],[131.68993,32.42295],[131.64355,32.40775],[131.63622,32.37098],[131.62288,32.35808],[131.62902,32.34244],[131.61469,32.3402],[131.59118,32.30455],[131.55286,32.1889],[131.54821,32.16867],[131.55493,32.16875],[131.54531,32.16392],[131.50815,32.04663],[131.48677,32.04137],[131.44377,32.05685],[131.42569,32.05227],[131.4027,32.06564],[131.38682,32.01834],[131.37294,32.01786],[131.33654,32.03435],[131.31615,32.06461],[131.28454,32.07246],[131.2668,32.09866],[131.24596,32.09816],[131.21773,32.12424],[131.20084,32.12339],[131.18915,32.14039],[131.19378,32.14974],[131.21084,32.14991],[131.22262,32.1722],[131.25559,32.16592],[131.28095,32.1809],[131.26773,32.20085],[131.28038,32.21009],[131.25034,32.21533],[131.22125,32.25962],[131.2264,32.2752],[131.19531,32.30659],[131.17489,32.31064]]],[[[131.8067,32.66553],[131.8184,32.67433],[131.83704,32.66614],[131.82474,32.65507],[131.8067,32.66553]]]]}},{"type":"Feature","id":"450030","properties":{"region_code":"450030","geometry_key":"450030","name_ja":"南部山沿い","name_en":"Area along mountains of Southern Region","parent_code":"450000","parent_name_ja":"宮崎県","display_name_ja":"宮崎県 南部山沿い","office_name_ja":null,"label_lon":130.98648888415477,"label_lat":31.897147360562315,"label_point_semantics":"OFFICIAL_SOURCE_BBOX_CENTER_DISPLAY_ONLY"},"geometry":{"type":"Polygon","coordinates":[[[130.70338,32.05855],[130.70453,32.07874],[130.73519,32.10895],[130.74194,32.09789],[130.75162,32.10407],[130.75942,32.09681],[130.8208,32.09492],[130.83828,32.10722],[130.86235,32.10176],[130.86909,32.1149],[130.90601,32.13359],[130.93309,32.11608],[130.97449,32.12082],[130.97478,32.13705],[131.01213,32.17433],[131.05876,32.15483],[131.0718,32.16028],[131.09722,32.1522],[131.11139,32.1596],[131.13344,32.13637],[131.1683,32.1354],[131.18491,32.08549],[131.15961,32.07338],[131.16706,32.05302],[131.15034,32.0245],[131.16705,31.9935],[131.20988,31.97896],[131.19251,31.94898],[131.2204,31.91943],[131.19089,31.90986],[131.1902,31.88045],[131.20664,31.86292],[131.2173,31.88153],[131.23898,31.87672],[131.2516,31.88733],[131.25436,31.8603],[131.23823,31.86043],[131.24218,31.83986],[131.22154,31.8276],[131.23927,31.80776],[131.23987,31.77903],[131.26405,31.78062],[131.2696,31.76855],[131.25987,31.73598],[131.23954,31.73339],[131.23212,31.71619],[131.2108,31.71492],[131.16144,31.67476],[131.20251,31.63697],[131.19374,31.61992],[131.16442,31.63945],[131.15032,31.62999],[131.11785,31.62933],[131.07927,31.66021],[131.05436,31.63337],[131.04466,31.65438],[131.0256,31.6669],[131.02919,31.69692],[131.01306,31.71313],[131.0168,31.74732],[130.97852,31.75157],[130.99006,31.77785],[130.9309,31.7857],[130.91729,31.80412],[130.88431,31.80543],[130.87682,31.8158],[130.88202,31.83173],[130.87502,31.84269],[130.88839,31.84855],[130.8947,31.87821],[130.91355,31.8864],[130.89702,31.88778],[130.8824,31.92113],[130.86563,31.93395],[130.80008,31.94961],[130.79456,31.9732],[130.78196,31.98309],[130.77764,32.01587],[130.73713,32.04775],[130.70338,32.05855]]]}},{"type":"Feature","id":"450040","properties":{"region_code":"450040","geometry_key":"450040","name_ja":"北部山沿い","name_en":"Area along mountains of Northern Region","parent_code":"450000","parent_name_ja":"宮崎県","display_name_ja":"宮崎県 北部山沿い","office_name_ja":null,"label_lon":131.26981236095173,"label_lat":32.48258569372484,"label_point_semantics":"OFFICIAL_SOURCE_BBOX_CENTER_DISPLAY_ONLY"},"geometry":{"type":"Polygon","coordinates":[[[131.00696,32.49006],[131.00941,32.51541],[131.02561,32.52111],[131.0181,32.54686],[131.03896,32.55443],[131.04325,32.58234],[131.10804,32.58176],[131.12062,32.60532],[131.11555,32.64211],[131.14353,32.67628],[131.1751,32.67193],[131.17997,32.71208],[131.23506,32.74438],[131.24647,32.7694],[131.23453,32.78081],[131.26518,32.82646],[131.34027,32.83344],[131.34864,32.81068],[131.36439,32.80337],[131.42121,32.81192],[131.43697,32.82863],[131.47526,32.83724],[131.51747,32.8008],[131.50848,32.77424],[131.48974,32.77365],[131.48263,32.76349],[131.49036,32.7485],[131.47773,32.70608],[131.45297,32.69306],[131.44799,32.67192],[131.43408,32.66113],[131.44051,32.65477],[131.43497,32.63364],[131.45231,32.61409],[131.44763,32.57689],[131.43047,32.556],[131.48527,32.56509],[131.52657,32.54061],[131.53267,32.52043],[131.52337,32.5075],[131.52958,32.49391],[131.50872,32.48652],[131.51215,32.45959],[131.47593,32.44967],[131.48352,32.41707],[131.47663,32.40595],[131.44616,32.39272],[131.40604,32.38971],[131.39685,32.36494],[131.37851,32.35488],[131.35109,32.36697],[131.34151,32.32949],[131.28793,32.30909],[131.24923,32.32894],[131.22234,32.32418],[131.19878,32.33986],[131.17647,32.3247],[131.17506,32.30996],[131.19531,32.30659],[131.2264,32.2752],[131.22125,32.25962],[131.24799,32.21788],[131.27914,32.21252],[131.26773,32.20085],[131.28095,32.1809],[131.25559,32.16592],[131.22235,32.17208],[131.21084,32.14991],[131.19081,32.14638],[131.19343,32.1321],[131.17876,32.12795],[131.15979,32.13845],[131.15096,32.13126],[131.13344,32.13637],[131.1303,32.14649],[131.11422,32.15118],[131.10147,32.17257],[131.10053,32.20154],[131.08421,32.20621],[131.06897,32.22571],[131.07156,32.23689],[131.04683,32.24425],[131.04162,32.2578],[131.05424,32.26706],[131.05051,32.28583],[131.07859,32.28122],[131.11191,32.33001],[131.07434,32.36091],[131.07986,32.37429],[131.06931,32.38432],[131.06812,32.40748],[131.04357,32.40823],[131.01989,32.43867],[131.00696,32.49006]]]}},{"type":"Feature","id":"460010","properties":{"region_code":"460010","geometry_key":"460010","name_ja":"薩摩地方","name_en":"Satsuma Region","parent_code":"460100","parent_name_ja":"鹿児島県（奄美地方除く）","display_name_ja":"鹿児島県（奄美地方除く） 薩摩地方","office_name_ja":null,"label_lon":130.16453820357526,"label_lat":31.569538152763613,"label_point_semantics":"OFFICIAL_SOURCE_BBOX_CENTER_DISPLAY_ONLY"},"geometry":{"type":"MultiPolygon","coordinates":[[[[130.10659,31.4125],[130.11583,31.42399],[130.13577,31.41319],[130.15972,31.44019],[130.18668,31.41032],[130.19266,31.42954],[130.19368,31.40835],[130.22557,31.39903],[130.2511,31.41204],[130.25476,31.42777],[130.254,31.41798],[130.25528,31.42678],[130.2715,31.42681],[130.30725,31.47836],[130.33373,31.56301],[130.3321,31.6153],[130.31746,31.65803],[130.2987,31.6611],[130.27528,31.70539],[130.25211,31.71013],[130.26351,31.71496],[130.25477,31.71105],[130.26064,31.72075],[130.24994,31.71879],[130.2506,31.73168],[130.21157,31.75604],[130.1891,31.74638],[130.18533,31.77086],[130.1668,31.79151],[130.18755,31.83643],[130.17962,31.83421],[130.19756,31.85043],[130.18237,31.85529],[130.19761,31.85056],[130.19509,31.86682],[130.21052,31.8729],[130.22424,31.91041],[130.21224,31.96459],[130.19771,31.98166],[130.20364,31.98304],[130.18705,31.99601],[130.17314,31.99187],[130.18237,31.99252],[130.17878,32.01473],[130.193,32.01602],[130.18615,32.02689],[130.19316,32.02107],[130.18775,32.02739],[130.20338,32.03839],[130.20767,32.05843],[130.19286,32.08448],[130.1808,32.07951],[130.18379,32.07087],[130.17134,32.0783],[130.18094,32.11046],[130.22716,32.12884],[130.2636,32.11911],[130.26707,32.12887],[130.28371,32.10985],[130.30951,32.10812],[130.35237,32.13576],[130.36328,32.15219],[130.36054,32.16901],[130.40241,32.12035],[130.45373,32.1129],[130.4735,32.11861],[130.4769,32.13899],[130.54029,32.13668],[130.54196,32.14948],[130.58268,32.15491],[130.59677,32.17597],[130.59172,32.18596],[130.60861,32.18739],[130.6227,32.15606],[130.65164,32.15127],[130.65501,32.13568],[130.7207,32.10068],[130.70348,32.07702],[130.7034,32.05839],[130.73713,32.04775],[130.77746,32.01607],[130.78196,31.98309],[130.79456,31.9732],[130.79993,31.94974],[130.86563,31.93395],[130.8824,31.92113],[130.89702,31.88778],[130.914,31.88579],[130.8947,31.87821],[130.88839,31.84855],[130.87502,31.84269],[130.88454,31.80543],[130.87454,31.76922],[130.90098,31.75222],[130.88739,31.73554],[130.89881,31.73038],[130.89846,31.69835],[130.91121,31.66691],[130.90267,31.65988],[130.86884,31.66559],[130.86566,31.65202],[130.87861,31.64635],[130.88332,31.62216],[130.86033,31.62715],[130.84747,31.60901],[130.81303,31.60881],[130.81449,31.62622],[130.80106,31.63193],[130.82313,31.65992],[130.81139,31.68351],[130.79639,31.68882],[130.79659,31.70085],[130.73419,31.70741],[130.73079,31.72442],[130.7253,31.71749],[130.68965,31.73469],[130.66026,31.72857],[130.61599,31.70038],[130.60933,31.67953],[130.61945,31.65784],[130.56281,31.59717],[130.57079,31.58345],[130.56493,31.57903],[130.57117,31.58198],[130.56275,31.55294],[130.54755,31.54933],[130.54847,31.53977],[130.53713,31.53345],[130.54582,31.5335],[130.53459,31.5054],[130.51937,31.50429],[130.53753,31.50201],[130.53144,31.48426],[130.51453,31.49404],[130.51924,31.4715],[130.54566,31.47896],[130.5322,31.46234],[130.51288,31.4624],[130.52547,31.41002],[130.53777,31.3914],[130.55008,31.39646],[130.55823,31.38609],[130.54166,31.38491],[130.55201,31.37759],[130.54613,31.37445],[130.56467,31.3225],[130.62241,31.27587],[130.66771,31.26731],[130.64997,31.2445],[130.65731,31.21978],[130.62971,31.21079],[130.63198,31.20087],[130.63637,31.21028],[130.64652,31.20714],[130.64003,31.18969],[130.59498,31.17927],[130.58786,31.16872],[130.59687,31.16154],[130.587,31.1552],[130.55428,31.1787],[130.54211,31.16706],[130.51812,31.16586],[130.50613,31.17821],[130.5157,31.19829],[130.50839,31.21368],[130.45941,31.25131],[130.35376,31.24983],[130.31884,31.25608],[130.30784,31.26678],[130.29224,31.25872],[130.29711,31.26776],[130.28792,31.26961],[130.29312,31.26135],[130.28416,31.26742],[130.27778,31.24587],[130.23715,31.25961],[130.21635,31.2482],[130.21411,31.26125],[130.22928,31.26807],[130.21425,31.27384],[130.22944,31.28147],[130.21497,31.28247],[130.21571,31.28999],[130.20057,31.28243],[130.19895,31.29505],[130.22187,31.29884],[130.22551,31.30865],[130.21661,31.30904],[130.2143,31.32115],[130.20571,31.31405],[130.17325,31.32396],[130.20446,31.33472],[130.20954,31.34776],[130.20024,31.35862],[130.18963,31.35503],[130.18906,31.36808],[130.1639,31.37466],[130.13161,31.41187],[130.10659,31.4125]]],[[[130.09073,32.18064],[130.09496,32.18878],[130.10931,32.18796],[130.09804,32.19419],[130.12187,32.20036],[130.10553,32.20367],[130.10676,32.2148],[130.13143,32.21642],[130.15532,32.19712],[130.15889,32.20445],[130.14551,32.21707],[130.15431,32.21387],[130.15559,32.22837],[130.16449,32.21227],[130.17515,32.22929],[130.19149,32.19761],[130.20052,32.19762],[130.18777,32.1895],[130.18586,32.16428],[130.20454,32.1697],[130.20946,32.15368],[130.17739,32.12798],[130.17108,32.1338],[130.17786,32.11761],[130.16883,32.09424],[130.15718,32.08952],[130.1477,32.10496],[130.11113,32.12579],[130.11558,32.15714],[130.09073,32.18064]]],[[[130.59106,31.58882],[130.62462,31.61979],[130.67915,31.62939],[130.68488,31.62137],[130.69736,31.62421],[130.7172,31.60275],[130.70957,31.59983],[130.71899,31.59102],[130.70823,31.58218],[130.71614,31.57448],[130.71026,31.56732],[130.72388,31.5621],[130.68516,31.55317],[130.6823,31.54446],[130.67592,31.55396],[130.63914,31.54514],[130.59106,31.58882]]],[[[129.65807,31.65857],[129.68225,31.66256],[129.67658,31.66684],[129.69336,31.69247],[129.68821,31.70314],[129.70224,31.70711],[129.69691,31.71654],[129.77619,31.74147],[129.77557,31.75879],[129.78916,31.76891],[129.78162,31.79026],[129.80264,31.78485],[129.79317,31.77682],[129.80093,31.76165],[129.77839,31.74431],[129.77129,31.71548],[129.75863,31.7101],[129.74826,31.71733],[129.73887,31.70521],[129.74405,31.68749],[129.72506,31.66952],[129.73842,31.65623],[129.71169,31.63342],[129.71385,31.62196],[129.70716,31.63736],[129.68868,31.62126],[129.68108,31.63317],[129.66475,31.63413],[129.65807,31.65857]]],[[[129.81659,31.86041],[129.83547,31.88221],[129.85296,31.88299],[129.91089,31.84294],[129.9188,31.85164],[129.905,31.86831],[129.9398,31.86908],[129.92348,31.86354],[129.93119,31.85001],[129.91971,31.84073],[129.93131,31.83709],[129.92858,31.82256],[129.91906,31.8169],[129.90394,31.82494],[129.89832,31.81278],[129.8721,31.8008],[129.87343,31.82051],[129.85456,31.82489],[129.8642,31.83274],[129.85875,31.83773],[129.84544,31.82999],[129.84115,31.8503],[129.86526,31.85985],[129.84684,31.85538],[129.84208,31.86983],[129.83344,31.83731],[129.82143,31.84295],[129.81659,31.86041]]],[[[130.2095,32.25492],[130.22006,32.29178],[130.23514,32.29076],[130.22917,32.2986],[130.25748,32.30815],[130.25349,32.30164],[130.26748,32.29578],[130.26894,32.27985],[130.23509,32.26242],[130.24227,32.25322],[130.2301,32.2631],[130.21485,32.25009],[130.2095,32.25492]]],[[[129.8112,31.79937],[129.82088,31.81426],[129.84307,31.81474],[129.83608,31.80542],[129.84451,31.79796],[129.8246,31.78899],[129.83264,31.78349],[129.82853,31.77484],[129.81632,31.77895],[129.8112,31.79937]]],[[[130.15878,32.24055],[130.16775,32.23984],[130.1721,32.25705],[130.18982,32.26809],[130.17047,32.22602],[130.15878,32.24055]]],[[[130.18733,32.22136],[130.19727,32.22679],[130.19524,32.24438],[130.21029,32.21033],[130.20448,32.20454],[130.20803,32.21247],[130.1973,32.21705],[130.20086,32.20815],[130.18733,32.22136]]],[[[129.43301,31.17791],[129.45266,31.19937],[129.44957,31.17747],[129.43301,31.17791]]]]}},{"type":"Feature","id":"460020","properties":{"region_code":"460020","geometry_key":"460020","name_ja":"大隅地方","name_en":"Osumi Region","parent_code":"460100","parent_name_ja":"鹿児島県（奄美地方除く）","display_name_ja":"鹿児島県（奄美地方除く） 大隅地方","office_name_ja":null,"label_lon":130.92932763945907,"label_lat":31.398827500189043,"label_point_semantics":"OFFICIAL_SOURCE_BBOX_CENTER_DISPLAY_ONLY"},"geometry":{"type":"MultiPolygon","coordinates":[[[[130.65321,31.07045],[130.74438,31.13174],[130.76679,31.18085],[130.75339,31.21132],[130.78979,31.25129],[130.79042,31.30596],[130.80349,31.33236],[130.75586,31.42533],[130.73162,31.4508],[130.70298,31.45776],[130.68825,31.47812],[130.69811,31.49426],[130.69764,31.52988],[130.7071,31.53493],[130.69841,31.55601],[130.76696,31.56356],[130.78748,31.58598],[130.786,31.60234],[130.80106,31.63193],[130.81441,31.62637],[130.811,31.61179],[130.82344,31.60476],[130.84747,31.60901],[130.86033,31.62715],[130.88332,31.62216],[130.87861,31.64635],[130.86566,31.65202],[130.86884,31.66559],[130.90267,31.65988],[130.91121,31.66691],[130.89846,31.69835],[130.89881,31.73038],[130.88739,31.73554],[130.90098,31.75222],[130.87454,31.76922],[130.88454,31.80543],[130.91694,31.80431],[130.9309,31.7857],[130.98698,31.78015],[130.99169,31.77118],[130.97852,31.75157],[131.0168,31.74732],[131.01306,31.71313],[131.02919,31.69692],[131.0256,31.6669],[131.04466,31.65438],[131.05436,31.63337],[131.07927,31.66021],[131.12781,31.62648],[131.1652,31.63924],[131.18835,31.62463],[131.18645,31.60518],[131.20545,31.57995],[131.18891,31.55753],[131.20005,31.5157],[131.17,31.49986],[131.1603,31.46186],[131.14446,31.46815],[131.13813,31.46075],[131.12101,31.4746],[131.1088,31.46571],[131.10868,31.47629],[131.09724,31.45838],[131.08434,31.45955],[131.09125,31.44858],[131.07816,31.45822],[131.05641,31.44305],[131.01731,31.38445],[131.01707,31.35698],[131.10887,31.33055],[131.10527,31.31151],[131.07311,31.2919],[131.08356,31.27503],[131.07697,31.27138],[131.12272,31.2871],[131.13214,31.28075],[131.06548,31.2274],[131.01702,31.22796],[131.00287,31.18873],[130.98502,31.17967],[130.99527,31.16915],[130.97258,31.16651],[130.9792,31.15191],[130.96253,31.1382],[130.92084,31.12493],[130.91552,31.11292],[130.87385,31.09501],[130.81122,31.08886],[130.76129,31.0554],[130.7478,31.06092],[130.71631,31.04541],[130.7168,31.02675],[130.68414,31.02547],[130.68286,31.00387],[130.66867,31.00868],[130.66052,30.99427],[130.6554,31.00235],[130.67688,31.03405],[130.67821,31.06201],[130.65321,31.07045]]],[[[131.02041,31.36456],[131.02188,31.37653],[131.03243,31.3778],[131.03578,31.36414],[131.02041,31.36456]]]]}},{"type":"Feature","id":"460030","properties":{"region_code":"460030","geometry_key":"460030","name_ja":"種子島・屋久島地方","name_en":"Tanegashima Yakushima Region","parent_code":"460100","parent_name_ja":"鹿児島県（奄美地方除く）","display_name_ja":"鹿児島県（奄美地方除く） 種子島・屋久島地方","office_name_ja":null,"label_lon":130.49402319706297,"label_lat":30.5390156937693,"label_point_semantics":"OFFICIAL_SOURCE_BBOX_CENTER_DISPLAY_ONLY"},"geometry":{"type":"MultiPolygon","coordinates":[[[[130.37636,30.38276],[130.37872,30.39302],[130.4201,30.39672],[130.44703,30.4296],[130.46223,30.4342],[130.46413,30.45709],[130.49432,30.45458],[130.4985,30.46941],[130.49944,30.4527],[130.54373,30.44735],[130.5767,30.43233],[130.56948,30.43103],[130.59934,30.40978],[130.66191,30.38716],[130.67156,30.37184],[130.65552,30.31246],[130.66523,30.31547],[130.5822,30.23888],[130.52222,30.22634],[130.44252,30.23591],[130.419,30.26997],[130.41316,30.26606],[130.41302,30.29722],[130.39099,30.32227],[130.37636,30.38276]]],[[[130.84872,30.46495],[130.87409,30.46755],[130.94407,30.56721],[130.95344,30.59293],[130.94176,30.64824],[130.94768,30.66543],[130.94005,30.66916],[130.97854,30.72544],[130.99348,30.72591],[130.98914,30.73854],[131.00904,30.7655],[131.00278,30.78488],[131.03255,30.82424],[131.0465,30.82448],[131.0567,30.83983],[131.06588,30.81205],[131.07266,30.81234],[131.07143,30.79751],[131.08258,30.78896],[131.07183,30.76365],[131.07857,30.69637],[131.06569,30.6907],[131.05365,30.66616],[131.05512,30.60488],[131.03272,30.5872],[131.03484,30.56643],[131.02835,30.55476],[130.99939,30.54817],[130.96277,30.48009],[130.96902,30.46321],[130.95858,30.45828],[130.97933,30.4381],[130.9677,30.42187],[130.9813,30.39883],[130.96511,30.39204],[130.96794,30.37284],[130.93679,30.37541],[130.89616,30.35926],[130.88389,30.3439],[130.87152,30.34518],[130.85744,30.3707],[130.86643,30.41034],[130.84872,30.46495]]],[[[130.14298,30.48938],[130.16749,30.49016],[130.16567,30.48232],[130.18103,30.48415],[130.19101,30.47187],[130.20016,30.48256],[130.23519,30.47011],[130.26508,30.44808],[130.26409,30.43442],[130.23902,30.43653],[130.23122,30.4234],[130.20975,30.42208],[130.19142,30.4415],[130.1952,30.46191],[130.16901,30.45665],[130.16716,30.46947],[130.14298,30.48938]]],[[[129.90435,30.8331],[129.93903,30.85169],[129.96489,30.83227],[129.9527,30.81806],[129.9301,30.8118],[129.91158,30.81931],[129.90435,30.8331]]],[[[130.26148,30.78274],[130.26605,30.79276],[130.30335,30.80854],[130.32179,30.79238],[130.31358,30.78093],[130.27629,30.78057],[130.27776,30.77241],[130.26148,30.78274]]],[[[130.83639,30.72807],[130.84138,30.75056],[130.85771,30.76575],[130.86518,30.73159],[130.83639,30.72807]]],[[[130.39601,30.8086],[130.42735,30.81986],[130.44602,30.80983],[130.44218,30.80012],[130.39601,30.8086]]]]}},{"type":"Feature","id":"460040","properties":{"region_code":"460040","geometry_key":"460040","name_ja":"奄美地方","name_en":"Amami Region","parent_code":"460040","parent_name_ja":"奄美地方","display_name_ja":"奄美地方 奄美地方","office_name_ja":null,"label_lon":129.2319816924013,"label_lat":28.53752191395523,"label_point_semantics":"OFFICIAL_SOURCE_BBOX_CENTER_DISPLAY_ONLY"},"geometry":{"type":"MultiPolygon","coordinates":[[[[129.13383,28.25407],[129.16474,28.25537],[129.18075,28.27089],[129.2121,28.25265],[129.21365,28.27051],[129.22698,28.27362],[129.24523,28.26579],[129.24662,28.25314],[129.25523,28.26541],[129.27421,28.26137],[129.27862,28.27641],[129.29542,28.27296],[129.29381,28.28444],[129.26565,28.28821],[129.26468,28.27399],[129.24927,28.2739],[129.21085,28.30671],[129.23449,28.30771],[129.26516,28.32764],[129.31442,28.33325],[129.30974,28.34851],[129.32646,28.34997],[129.3391,28.36851],[129.36669,28.35462],[129.38906,28.37356],[129.40022,28.35559],[129.41129,28.36443],[129.39496,28.38604],[129.42572,28.38943],[129.44662,28.38013],[129.46348,28.4138],[129.46695,28.40195],[129.47926,28.40015],[129.49006,28.41303],[129.50069,28.39934],[129.49299,28.38414],[129.49935,28.38245],[129.50782,28.39933],[129.5229,28.40101],[129.51097,28.41099],[129.51815,28.44086],[129.54419,28.4625],[129.55963,28.44807],[129.5766,28.46676],[129.62211,28.47821],[129.58962,28.41372],[129.60198,28.41527],[129.60304,28.43174],[129.6179,28.43224],[129.62054,28.45089],[129.63019,28.43576],[129.62038,28.4181],[129.63911,28.41617],[129.64635,28.43382],[129.65357,28.42247],[129.65874,28.43503],[129.64789,28.46809],[129.66585,28.43897],[129.67419,28.46159],[129.64554,28.50031],[129.65941,28.50042],[129.67642,28.52703],[129.68996,28.53077],[129.69372,28.49043],[129.70413,28.47655],[129.71904,28.47492],[129.71016,28.42184],[129.70838,28.42962],[129.69447,28.41336],[129.67079,28.40999],[129.66456,28.39752],[129.6302,28.40731],[129.6127,28.40068],[129.56498,28.33471],[129.53347,28.32739],[129.54106,28.30829],[129.48573,28.289],[129.46058,28.29703],[129.45928,28.26569],[129.44352,28.24612],[129.40776,28.25044],[129.44883,28.22554],[129.45673,28.23213],[129.47716,28.21153],[129.4605,28.21168],[129.45088,28.19514],[129.43445,28.19915],[129.41913,28.18694],[129.4043,28.19226],[129.40101,28.15385],[129.35077,28.17405],[129.338,28.17018],[129.36496,28.15091],[129.37811,28.10893],[129.36634,28.11165],[129.35833,28.12588],[129.36747,28.13017],[129.35852,28.13602],[129.34903,28.13018],[129.34094,28.13853],[129.33303,28.12915],[129.31426,28.14583],[129.2957,28.14842],[129.29683,28.16101],[129.28401,28.16578],[129.29747,28.17144],[129.29223,28.18226],[129.28273,28.17807],[129.29019,28.18863],[129.2833,28.19744],[129.27493,28.18193],[129.26314,28.18306],[129.2727,28.20712],[129.29413,28.2231],[129.26236,28.21524],[129.27713,28.23151],[129.26306,28.22446],[129.25434,28.23339],[129.24809,28.21391],[129.25768,28.20574],[129.24715,28.20361],[129.24072,28.21809],[129.21858,28.22909],[129.21291,28.2191],[129.19462,28.22774],[129.17772,28.22367],[129.1701,28.24264],[129.15197,28.23649],[129.13383,28.25407]]],[[[128.87886,27.82807],[128.89327,27.85818],[128.88968,27.88269],[128.89978,27.89295],[128.97241,27.89191],[128.97565,27.87182],[128.95578,27.86195],[128.97161,27.85531],[128.96872,27.81759],[128.99725,27.8057],[129.01449,27.78117],[129.03796,27.76882],[129.03232,27.74633],[129.02051,27.74116],[129.02115,27.71683],[129.00604,27.7093],[128.98702,27.67006],[128.92642,27.66565],[128.91665,27.69616],[128.88124,27.7219],[128.89977,27.73605],[128.90726,27.76327],[128.88917,27.78727],[128.89166,27.81925],[128.87886,27.82807]]],[[[128.51998,27.37572],[128.53312,27.40524],[128.55299,27.39624],[128.59547,27.39711],[128.69146,27.44079],[128.71375,27.43482],[128.67474,27.41256],[128.63609,27.36524],[128.57633,27.32996],[128.54332,27.33722],[128.51998,27.37572]]],[[[129.17563,28.18783],[129.20931,28.20129],[129.21802,28.19091],[129.23991,28.19407],[129.23947,28.18498],[129.22928,28.19192],[129.20312,28.18074],[129.21555,28.17447],[129.21209,28.1639],[129.22367,28.16716],[129.2203,28.15884],[129.24044,28.15052],[129.25553,28.15895],[129.25587,28.17405],[129.25971,28.1575],[129.26248,28.17053],[129.27012,28.16775],[129.27488,28.15112],[129.24495,28.1488],[129.26146,28.14453],[129.24217,28.13759],[129.25006,28.13228],[129.24524,28.12211],[129.27502,28.14204],[129.26028,28.11706],[129.27093,28.12543],[129.27494,28.11309],[129.28764,28.12603],[129.29511,28.10753],[129.30273,28.1222],[129.32108,28.10089],[129.32502,28.11389],[129.33635,28.11003],[129.34283,28.1185],[129.35476,28.10484],[129.34104,28.07692],[129.31822,28.06203],[129.32553,28.09126],[129.31817,28.09711],[129.30394,28.08645],[129.29191,28.09098],[129.28464,28.08264],[129.28854,28.06474],[129.27452,28.06595],[129.26131,28.07826],[129.26605,28.08681],[129.25106,28.11127],[129.24293,28.10588],[129.24874,28.09986],[129.21558,28.07684],[129.20986,28.08596],[129.22445,28.09901],[129.21208,28.12734],[129.21982,28.13973],[129.19503,28.14493],[129.17563,28.18783]]],[[[129.91318,28.31186],[129.92313,28.32385],[129.95275,28.32727],[130.00939,28.37626],[130.03348,28.36895],[130.01783,28.33794],[130.00083,28.33696],[130.00792,28.33157],[129.97184,28.28323],[129.94098,28.27545],[129.93012,28.29222],[129.91551,28.29598],[129.91318,28.31186]]],[[[129.83408,29.86],[129.84603,29.88145],[129.86714,29.88302],[129.89297,29.86951],[129.89523,29.84411],[129.91777,29.81991],[129.8674,29.81754],[129.83408,29.86]]],[[[129.68359,29.65202],[129.71313,29.6682],[129.74307,29.66918],[129.73432,29.62815],[129.70604,29.60204],[129.69699,29.60439],[129.68359,29.65202]]],[[[128.39537,27.04741],[128.41149,27.04755],[128.41952,27.06498],[128.43852,27.06674],[128.45429,27.05013],[128.45828,27.02455],[128.42474,27.02245],[128.39865,27.03658],[128.39537,27.04741]]],[[[129.89944,29.97639],[129.91673,30.00739],[129.94592,29.95558],[129.92855,29.95031],[129.89944,29.97639]]],[[[129.20481,28.03635],[129.21623,28.05497],[129.2338,28.03126],[129.25155,28.0409],[129.25525,28.02975],[129.26829,28.03574],[129.26916,28.01582],[129.25727,28.00513],[129.2328,28.02407],[129.21424,28.02019],[129.20481,28.03635]]],[[[129.14377,28.02298],[129.14808,28.0497],[129.17228,28.06937],[129.17887,28.04861],[129.16611,28.04622],[129.1655,28.02139],[129.14799,28.01378],[129.14377,28.02298]]],[[[129.58398,29.46299],[129.60094,29.47645],[129.62017,29.44962],[129.59625,29.44529],[129.58398,29.46299]]],[[[129.18665,29.15312],[129.21995,29.15797],[129.22177,29.12794],[129.18665,29.15312]]],[[[129.17841,28.29764],[129.18406,28.30716],[129.20395,28.30237],[129.22174,28.28391],[129.19396,28.28396],[129.17841,28.29764]]],[[[129.53015,29.91106],[129.54839,29.91052],[129.55353,29.89486],[129.53355,29.89471],[129.53015,29.91106]]],[[[128.9724,28.80186],[128.98468,28.79826],[128.9947,28.80716],[129.00332,28.79702],[128.97826,28.7931],[128.9724,28.80186]]],[[[129.5252,29.68648],[129.53921,29.69446],[129.5368,29.67655],[129.5252,29.68648]]]]}},{"type":"Feature","id":"471010","properties":{"region_code":"471010","geometry_key":"471010","name_ja":"本島中南部","name_en":"Central and Southern Main Island","parent_code":"471000","parent_name_ja":"沖縄本島地方","display_name_ja":"沖縄本島地方 本島中南部","office_name_ja":null,"label_lon":127.55154103748896,"label_lat":26.338269072859475,"label_point_semantics":"OFFICIAL_SOURCE_BBOX_CENTER_DISPLAY_ONLY"},"geometry":{"type":"MultiPolygon","coordinates":[[[[127.6365,26.19866],[127.65194,26.21776],[127.67392,26.2073],[127.66009,26.21814],[127.68373,26.22473],[127.6794,26.2402],[127.66708,26.23228],[127.66888,26.25073],[127.68519,26.24283],[127.68366,26.25579],[127.67291,26.25526],[127.69094,26.25518],[127.70661,26.27313],[127.72346,26.27148],[127.75793,26.29775],[127.75628,26.32221],[127.74245,26.33113],[127.7452,26.35138],[127.71556,26.40387],[127.71153,26.44066],[127.7249,26.44011],[127.7494,26.41547],[127.76477,26.42252],[127.78352,26.41545],[127.81715,26.44511],[127.83813,26.44871],[127.84343,26.42767],[127.83071,26.43213],[127.82671,26.42242],[127.8742,26.38635],[127.88131,26.3766],[127.87118,26.3728],[127.87583,26.35499],[127.89686,26.33413],[127.91483,26.33184],[127.90573,26.3308],[127.92393,26.30861],[127.92135,26.29487],[127.9036,26.29934],[127.86205,26.34467],[127.83535,26.32732],[127.84729,26.31414],[127.82857,26.31154],[127.84929,26.30152],[127.83821,26.2996],[127.8285,26.31074],[127.81161,26.2997],[127.81623,26.27742],[127.7981,26.2658],[127.78883,26.22713],[127.76873,26.21006],[127.77296,26.20234],[127.76063,26.20235],[127.77727,26.19079],[127.77781,26.1725],[127.78725,26.17062],[127.79212,26.18491],[127.82116,26.19164],[127.83062,26.16576],[127.7929,26.13495],[127.74816,26.11904],[127.72485,26.09024],[127.67681,26.07452],[127.65749,26.0816],[127.66009,26.11615],[127.66929,26.12582],[127.66124,26.12862],[127.66854,26.1334],[127.65348,26.13527],[127.65808,26.12786],[127.6506,26.12678],[127.64796,26.1453],[127.6693,26.1521],[127.66031,26.16208],[127.6472,26.15339],[127.65389,26.16333],[127.64827,26.17389],[127.65589,26.17353],[127.64004,26.17534],[127.6365,26.19866]]],[[[127.33888,26.18263],[127.3478,26.18589],[127.35282,26.22546],[127.36989,26.22018],[127.37288,26.19008],[127.35841,26.18062],[127.3643,26.15725],[127.35235,26.15602],[127.34882,26.14579],[127.33888,26.18263]]],[[[127.20813,26.57618],[127.22827,26.60137],[127.24822,26.58659],[127.24091,26.57605],[127.20813,26.57618]]],[[[127.28095,26.23111],[127.30709,26.24042],[127.31003,26.25197],[127.33233,26.24058],[127.33332,26.22885],[127.31275,26.23882],[127.30768,26.21853],[127.28095,26.23111]]],[[[127.96894,26.3628],[127.98801,26.38507],[127.99649,26.36185],[127.97771,26.35215],[127.96894,26.3628]]],[[[127.93973,26.33609],[127.94816,26.34579],[127.94291,26.3635],[127.94535,26.35645],[127.96915,26.36194],[127.97556,26.35108],[127.95963,26.33627],[127.93973,26.33609]]],[[[127.26476,26.19842],[127.28103,26.21326],[127.29342,26.19419],[127.27559,26.18663],[127.27604,26.19553],[127.26476,26.19842]]],[[[127.13656,26.37146],[127.15047,26.38144],[127.14654,26.37047],[127.16012,26.3588],[127.14596,26.34845],[127.13656,26.37146]]],[[[127.83725,26.32943],[127.86161,26.34372],[127.86996,26.33],[127.83725,26.32943]]],[[[127.95042,26.32695],[127.96913,26.3234],[127.95926,26.3087],[127.95042,26.32695]]],[[[127.93218,26.24461],[127.94452,26.26227],[127.94295,26.24158],[127.93218,26.24461]]],[[[127.98848,26.38676],[128.0041,26.39937],[127.9983,26.38219],[127.98848,26.38676]]]]}},{"type":"Feature","id":"471020","properties":{"region_code":"471020","geometry_key":"471020","name_ja":"本島北部","name_en":"Northern Main Island","parent_code":"471000","parent_name_ja":"沖縄本島地方","display_name_ja":"沖縄本島地方 本島北部","office_name_ja":null,"label_lon":128.03878619382783,"label_lat":26.758165314627604,"label_point_semantics":"OFFICIAL_SOURCE_BBOX_CENTER_DISPLAY_ONLY"},"geometry":{"type":"MultiPolygon","coordinates":[[[[127.74185,26.42204],[127.77134,26.44637],[127.78253,26.43535],[127.79906,26.4374],[127.81195,26.46437],[127.84584,26.48125],[127.84403,26.50397],[127.85543,26.49909],[127.85639,26.50864],[127.86938,26.51311],[127.88613,26.50277],[127.90794,26.51978],[127.91721,26.51625],[127.93303,26.54367],[127.94155,26.53579],[127.95817,26.54685],[127.9643,26.54156],[127.97991,26.56553],[127.97958,26.58958],[127.92679,26.60926],[127.91304,26.60105],[127.89487,26.6066],[127.8774,26.64104],[127.87884,26.65439],[127.89497,26.66049],[127.87419,26.68475],[127.88004,26.70987],[127.90565,26.69846],[127.95312,26.70821],[127.96986,26.70313],[127.97038,26.69376],[128.00055,26.69216],[128.00838,26.68345],[127.98267,26.64915],[128.00795,26.63],[128.05219,26.63496],[128.11147,26.66824],[128.11123,26.65933],[128.12458,26.66175],[128.09863,26.68061],[128.11784,26.70315],[128.15895,26.72181],[128.15304,26.74583],[128.18399,26.74982],[128.23198,26.79799],[128.25333,26.84271],[128.24418,26.85839],[128.249,26.87042],[128.26358,26.8742],[128.26203,26.86632],[128.29019,26.84162],[128.30591,26.84473],[128.30559,26.82873],[128.32066,26.81398],[128.32118,26.75696],[128.32764,26.75608],[128.31792,26.7428],[128.32475,26.74295],[128.29414,26.71806],[128.29931,26.71214],[128.2815,26.6967],[128.27947,26.6767],[128.23855,26.63194],[128.18247,26.6238],[128.14812,26.62913],[128.15173,26.59789],[128.12349,26.60321],[128.15108,26.56844],[128.138,26.56639],[128.13858,26.55351],[128.11055,26.55097],[128.0948,26.53419],[128.06511,26.55197],[128.04387,26.54785],[128.04168,26.5592],[128.0333,26.55282],[128.05311,26.52044],[127.99605,26.50887],[128.0013,26.48338],[127.96729,26.46769],[127.95084,26.47241],[127.94313,26.45069],[127.9488,26.43772],[127.8698,26.45761],[127.84164,26.43531],[127.83813,26.44871],[127.82156,26.44755],[127.78603,26.41587],[127.74185,26.42204]]],[[[127.74892,26.72225],[127.75916,26.73749],[127.8079,26.73912],[127.83133,26.71688],[127.81097,26.70508],[127.76293,26.70684],[127.74892,26.72225]]],[[[127.93221,27.01895],[127.99605,27.08925],[128.02206,27.0933],[127.99698,27.0684],[127.99136,27.04423],[127.9673,27.03715],[127.9635,27.02192],[127.94473,27.01884],[127.93526,26.99471],[127.93221,27.01895]]],[[[127.91183,26.93707],[127.94473,26.95469],[127.95671,26.94329],[127.95399,26.91441],[127.92987,26.91337],[127.91865,26.92236],[127.92175,26.93556],[127.91183,26.93707]]],[[[127.99356,26.6602],[127.99893,26.67529],[128.02005,26.68067],[128.03415,26.64686],[127.99356,26.6602]]],[[[128.00827,26.70743],[128.01961,26.71416],[128.02739,26.7001],[128.01554,26.69401],[128.00827,26.70743]]],[[[127.85479,26.64807],[127.87445,26.64892],[127.8623,26.62951],[127.85479,26.64807]]]]}},{"type":"Feature","id":"471030","properties":{"region_code":"471030","geometry_key":"471030","name_ja":"久米島","name_en":"Kumejima","parent_code":"471000","parent_name_ja":"沖縄本島地方","display_name_ja":"沖縄本島地方 久米島","office_name_ja":null,"label_lon":127.47208444274287,"label_lat":27.07706763486351,"label_point_semantics":"OFFICIAL_SOURCE_BBOX_CENTER_DISPLAY_ONLY"},"geometry":{"type":"MultiPolygon","coordinates":[[[[126.70776,26.35764],[126.71709,26.37455],[126.7812,26.39006],[126.82593,26.35211],[126.81749,26.3527],[126.82618,26.34603],[126.80544,26.3246],[126.81263,26.29185],[126.77884,26.30628],[126.75521,26.33856],[126.76022,26.34228],[126.75022,26.34073],[126.75788,26.33286],[126.71314,26.35969],[126.72957,26.34061],[126.70776,26.35764]]],[[[128.2175,27.87779],[128.22585,27.88455],[128.23458,27.86054],[128.2175,27.87779]]]]}},{"type":"Feature","id":"472000","properties":{"region_code":"472000","geometry_key":"472000","name_ja":"大東島地方","name_en":"Daitojima Region","parent_code":"472000","parent_name_ja":"大東島地方","display_name_ja":"大東島地方 大東島地方","office_name_ja":null,"label_lon":131.25637605700945,"label_lat":25.2110881804752,"label_point_semantics":"OFFICIAL_SOURCE_BBOX_CENTER_DISPLAY_ONLY"},"geometry":{"type":"MultiPolygon","coordinates":[[[[131.21336,25.82337],[131.22547,25.87022],[131.25493,25.87151],[131.27145,25.85848],[131.25695,25.8174],[131.23146,25.81282],[131.21336,25.82337]]],[[[131.2839,25.95666],[131.33211,25.95109],[131.32208,25.93063],[131.30716,25.92815],[131.2929,25.93504],[131.2839,25.95666]]]]}},{"type":"Feature","id":"473000","properties":{"region_code":"473000","geometry_key":"473000","name_ja":"宮古島地方","name_en":"Miyakojima Region","parent_code":"473000","parent_name_ja":"宮古島地方","display_name_ja":"宮古島地方 宮古島地方","office_name_ja":null,"label_lon":125.07786517498789,"label_lat":24.842580017903572,"label_point_semantics":"OFFICIAL_SOURCE_BBOX_CENTER_DISPLAY_ONLY"},"geometry":{"type":"MultiPolygon","coordinates":[[[[125.25251,24.7564],[125.26189,24.76877],[125.26619,24.7512],[125.28495,24.75271],[125.25605,24.79466],[125.27906,24.80931],[125.27824,24.83838],[125.29611,24.83761],[125.25513,24.91014],[125.26844,24.90291],[125.26586,24.91612],[125.28506,24.88278],[125.29849,24.87859],[125.31287,24.83739],[125.33548,24.82212],[125.3352,24.79892],[125.38296,24.78774],[125.40264,24.76618],[125.43338,24.76099],[125.46942,24.71893],[125.45342,24.73067],[125.37039,24.72939],[125.30879,24.71158],[125.29643,24.72048],[125.29742,24.73376],[125.29491,24.71832],[125.26119,24.73533],[125.25251,24.7564]]],[[[125.15529,24.83707],[125.16221,24.86527],[125.17871,24.86165],[125.21471,24.8415],[125.22188,24.814],[125.20185,24.80547],[125.2064,24.79884],[125.17773,24.81082],[125.15529,24.83707]]],[[[124.6708,24.66054],[124.68336,24.67399],[124.70954,24.67865],[124.72845,24.6572],[124.72531,24.6436],[124.68694,24.63766],[124.67548,24.64317],[124.6708,24.66054]]],[[[125.13497,24.82421],[125.14006,24.8446],[125.17726,24.81041],[125.16247,24.80216],[125.14658,24.80658],[125.13497,24.82421]]],[[[125.23866,24.72129],[125.24335,24.73157],[125.25833,24.71911],[125.24537,24.71339],[125.23866,24.72129]]],[[[125.23103,24.93517],[125.24338,24.93886],[125.2559,24.92448],[125.24425,24.92115],[125.23103,24.93517]]],[[[124.68268,24.75837],[124.695,24.76192],[124.70726,24.74639],[124.68268,24.75837]]]]}},{"type":"Feature","id":"474010","properties":{"region_code":"474010","geometry_key":"474010","name_ja":"石垣島地方","name_en":"Ishigakijima Region","parent_code":"474000","parent_name_ja":"八重山地方","display_name_ja":"八重山地方 石垣島地方","office_name_ja":null,"label_lon":124.00941425431444,"label_lat":24.98738722104349,"label_point_semantics":"OFFICIAL_SOURCE_BBOX_CENTER_DISPLAY_ONLY"},"geometry":{"type":"MultiPolygon","coordinates":[[[[123.66165,24.30866],[123.68729,24.31062],[123.67999,24.32237],[123.68643,24.33272],[123.71024,24.31487],[123.7037,24.35012],[123.71142,24.33109],[123.72676,24.3434],[123.7395,24.31485],[123.74349,24.32058],[123.75158,24.31269],[123.7444,24.34248],[123.75318,24.35824],[123.74298,24.36737],[123.75299,24.37697],[123.74239,24.39003],[123.77273,24.41761],[123.76403,24.4297],[123.77026,24.4369],[123.7834,24.43753],[123.81187,24.41126],[123.81585,24.39043],[123.83272,24.40767],[123.86167,24.3948],[123.87285,24.40402],[123.88712,24.38386],[123.90692,24.38466],[123.92232,24.36655],[123.94065,24.3614],[123.92678,24.34275],[123.92827,24.31602],[123.91165,24.32547],[123.90137,24.30712],[123.90446,24.27508],[123.88101,24.28042],[123.87811,24.25539],[123.83264,24.27216],[123.75537,24.27946],[123.72374,24.29962],[123.71833,24.27801],[123.68039,24.28258],[123.66165,24.30866]]],[[[124.06904,24.43141],[124.07667,24.45341],[124.11975,24.44676],[124.11666,24.46256],[124.12556,24.46967],[124.11306,24.47735],[124.11781,24.48252],[124.1432,24.46693],[124.13374,24.4478],[124.13998,24.44241],[124.1525,24.4547],[124.1743,24.44862],[124.19312,24.45779],[124.22289,24.45536],[124.22852,24.49911],[124.23919,24.49895],[124.25664,24.5198],[124.27925,24.5065],[124.28567,24.53592],[124.29596,24.54186],[124.28264,24.5612],[124.30843,24.58742],[124.31216,24.61053],[124.33996,24.60552],[124.3345,24.57118],[124.30426,24.546],[124.30727,24.52724],[124.28368,24.50819],[124.2815,24.4879],[124.25241,24.46677],[124.25802,24.44358],[124.24994,24.43061],[124.25872,24.41169],[124.24976,24.35947],[124.23877,24.34624],[124.20865,24.35555],[124.18833,24.33235],[124.14539,24.33711],[124.14476,24.351],[124.11095,24.36549],[124.13868,24.38718],[124.14309,24.41376],[124.12044,24.43455],[124.10052,24.43259],[124.08516,24.41592],[124.06904,24.43141]]],[[[123.75282,24.05491],[123.77674,24.07143],[123.81061,24.06184],[123.79535,24.04587],[123.75282,24.05491]]],[[[123.99098,24.24703],[124.00113,24.25618],[124.02408,24.25035],[124.02926,24.23344],[124.00559,24.22074],[123.99098,24.24703]]],[[[123.95122,24.33216],[123.96926,24.33893],[123.96343,24.34971],[123.97454,24.3548],[123.99361,24.34704],[123.98988,24.34043],[124.00371,24.32779],[123.95122,24.33216]]],[[[124.07587,24.32515],[124.08683,24.3405],[124.10203,24.3208],[124.08421,24.31181],[124.07587,24.32515]]],[[[123.4578,25.73994],[123.47643,25.75181],[123.49356,25.74324],[123.4578,25.73994]]],[[[123.72399,24.36341],[123.73328,24.36469],[123.74453,24.34788],[123.72399,24.36341]]],[[[123.93602,24.22637],[123.93982,24.23708],[123.95251,24.24208],[123.95446,24.23752],[123.94913,24.23228],[123.93602,24.22637]]]]}},{"type":"Feature","id":"474020","properties":{"region_code":"474020","geometry_key":"474020","name_ja":"与那国島地方","name_en":"Yonagunijima Region","parent_code":"474000","parent_name_ja":"八重山地方","display_name_ja":"八重山地方 与那国島地方","office_name_ja":null,"label_lon":122.98956306078668,"label_lat":24.45569569769833,"label_point_semantics":"OFFICIAL_SOURCE_BBOX_CENTER_DISPLAY_ONLY"},"geometry":{"type":"Polygon","coordinates":[[[122.93365,24.44934],[122.96264,24.47265],[123.01272,24.4737],[123.0438,24.46222],[123.01088,24.43682],[122.96678,24.43757],[122.93365,24.44934]]]}}]}
