{
  "type": "FeatureCollection",
  "product": "LPZ_F4_ARCHIVED_GEOGRAPHIC_RESEARCH",
  "schema_version": "1.0.0",
  "source_run_id": "35564667965",
  "source_slot_count": 7,
  "projected_object_count": 106,
  "feature_count": 530,
  "archived_research_only": true,
  "risk_engine_allowed": false,
  "lpz_forecast_generated": false,
  "radar_coverage": "SELECTED_FIXED_MOSAIC_NOT_NATIONWIDE",
  "not_a_precipitation_footprint": true,
  "features": [
    {
      "type": "Feature",
      "geometry": {
        "type": "Point",
        "coordinates": [
          139.52911376953125,
          34.98725337980077
        ]
      },
      "properties": {
        "research_object_id": "F3-38149440f68994fd-000000",
        "source_slot_utc": "2026-09-21T03:30:00Z",
        "observation_valid_time_utc": "2026-09-21T03:30:00Z",
        "observed_centroid_lon_lat": [
          139.52911376953125,
          34.98725337980077
        ],
        "observed_bbox_pixel": [
          711,
          301,
          940,
          426
        ],
        "observed_approx_area_km2": 3197.830128117032,
        "observed_boundary_truncated": false,
        "observed_geometry_limit": "CENTROID_ONLY_BBOX_IS_PIXEL_SPACE_NOT_GEO_POLYGON",
        "lpz_forecast_generated": false,
        "kind": "OBSERVED_ORIGIN",
        "lead_from_as_of_minutes": 0
      }
    },
    {
      "type": "Feature",
      "geometry": {
        "type": "Point",
        "coordinates": [
          139.46318855331793,
          35.09527575213145
        ]
      },
      "properties": {
        "research_object_id": "F3-38149440f68994fd-000000",
        "source_slot_utc": "2026-09-21T03:30:00Z",
        "observation_valid_time_utc": "2026-09-21T03:30:00Z",
        "observed_centroid_lon_lat": [
          139.52911376953125,
          34.98725337980077
        ],
        "observed_bbox_pixel": [
          711,
          301,
          940,
          426
        ],
        "observed_approx_area_km2": 3197.830128117032,
        "observed_boundary_truncated": false,
        "observed_geometry_limit": "CENTROID_ONLY_BBOX_IS_PIXEL_SPACE_NOT_GEO_POLYGON",
        "lpz_forecast_generated": false,
        "kind": "RESEARCH_POINT_EXTRAPOLATION",
        "lead_from_as_of_minutes": 15,
        "target_valid_time_utc": "2026-09-21T04:00:00Z",
        "research_only": true,
        "probability": null,
        "intensity": null,
        "footprint": null,
        "affected_regions": null
      }
    },
    {
      "type": "Feature",
      "geometry": {
        "type": "LineString",
        "coordinates": [
          [
            139.52911376953125,
            34.98725337980077
          ],
          [
            139.46318855331793,
            35.09527575213145
          ]
        ]
      },
      "properties": {
        "research_object_id": "F3-38149440f68994fd-000000",
        "source_slot_utc": "2026-09-21T03:30:00Z",
        "observation_valid_time_utc": "2026-09-21T03:30:00Z",
        "observed_centroid_lon_lat": [
          139.52911376953125,
          34.98725337980077
        ],
        "observed_bbox_pixel": [
          711,
          301,
          940,
          426
        ],
        "observed_approx_area_km2": 3197.830128117032,
        "observed_boundary_truncated": false,
        "observed_geometry_limit": "CENTROID_ONLY_BBOX_IS_PIXEL_SPACE_NOT_GEO_POLYGON",
        "lpz_forecast_generated": false,
        "kind": "RESEARCH_POINT_MOTION_ARROW",
        "lead_from_as_of_minutes": 15,
        "target_valid_time_utc": "2026-09-21T04:00:00Z",
        "research_only": true,
        "probability": null,
        "intensity": null,
        "footprint": null,
        "affected_regions": null
      }
    },
    {
      "type": "Feature",
      "geometry": {
        "type": "Point",
        "coordinates": [
          139.4302259452113,
          35.14928693829679
        ]
      },
      "properties": {
        "research_object_id": "F3-38149440f68994fd-000000",
        "source_slot_utc": "2026-09-21T03:30:00Z",
        "observation_valid_time_utc": "2026-09-21T03:30:00Z",
        "observed_centroid_lon_lat": [
          139.52911376953125,
          34.98725337980077
        ],
        "observed_bbox_pixel": [
          711,
          301,
          940,
          426
        ],
        "observed_approx_area_km2": 3197.830128117032,
        "observed_boundary_truncated": false,
        "observed_geometry_limit": "CENTROID_ONLY_BBOX_IS_PIXEL_SPACE_NOT_GEO_POLYGON",
        "lpz_forecast_generated": false,
        "kind": "RESEARCH_POINT_EXTRAPOLATION",
        "lead_from_as_of_minutes": 30,
        "target_valid_time_utc": "2026-09-21T04:15:00Z",
        "research_only": true,
        "probability": null,
        "intensity": null,
        "footprint": null,
        "affected_regions": null
      }
    },
    {
      "type": "Feature",
      "geometry": {
        "type": "LineString",
        "coordinates": [
          [
            139.52911376953125,
            34.98725337980077
          ],
          [
            139.4302259452113,
            35.14928693829679
          ]
        ]
      },
      "properties": {
        "research_object_id": "F3-38149440f68994fd-000000",
        "source_slot_utc": "2026-09-21T03:30:00Z",
        "observation_valid_time_utc": "2026-09-21T03:30:00Z",
        "observed_centroid_lon_lat": [
          139.52911376953125,
          34.98725337980077
        ],
        "observed_bbox_pixel": [
          711,
          301,
          940,
          426
        ],
        "observed_approx_area_km2": 3197.830128117032,
        "observed_boundary_truncated": false,
        "observed_geometry_limit": "CENTROID_ONLY_BBOX_IS_PIXEL_SPACE_NOT_GEO_POLYGON",
        "lpz_forecast_generated": false,
        "kind": "RESEARCH_POINT_MOTION_ARROW",
        "lead_from_as_of_minutes": 30,
        "target_valid_time_utc": "2026-09-21T04:15:00Z",
        "research_only": true,
        "probability": null,
        "intensity": null,
        "footprint": null,
        "affected_regions": null
      }
    },
    {
      "type": "Feature",
      "geometry": {
        "type": "Point",
        "coordinates": [
          139.01824951171875,
          34.42277053587108
        ]
      },
      "properties": {
        "research_object_id": "F3-38149440f68994fd-000001",
        "source_slot_utc": "2026-09-21T03:30:00Z",
        "observation_valid_time_utc": "2026-09-21T03:30:00Z",
        "observed_centroid_lon_lat": [
          139.01824951171875,
          34.42277053587108
        ],
        "observed_bbox_pixel": [
          685,
          445,
          781,
          548
        ],
        "observed_approx_area_km2": 584.6938283104831,
        "observed_boundary_truncated": false,
        "observed_geometry_limit": "CENTROID_ONLY_BBOX_IS_PIXEL_SPACE_NOT_GEO_POLYGON",
        "lpz_forecast_generated": false,
        "kind": "OBSERVED_ORIGIN",
        "lead_from_as_of_minutes": 0
      }
    },
    {
      "type": "Feature",
      "geometry": {
        "type": "Point",
        "coordinates": [
          138.72161865234375,
          34.42277053587108
        ]
      },
      "properties": {
        "research_object_id": "F3-38149440f68994fd-000001",
        "source_slot_utc": "2026-09-21T03:30:00Z",
        "observation_valid_time_utc": "2026-09-21T03:30:00Z",
        "observed_centroid_lon_lat": [
          139.01824951171875,
          34.42277053587108
        ],
        "observed_bbox_pixel": [
          685,
          445,
          781,
          548
        ],
        "observed_approx_area_km2": 584.6938283104831,
        "observed_boundary_truncated": false,
        "observed_geometry_limit": "CENTROID_ONLY_BBOX_IS_PIXEL_SPACE_NOT_GEO_POLYGON",
        "lpz_forecast_generated": false,
        "kind": "RESEARCH_POINT_EXTRAPOLATION",
        "lead_from_as_of_minutes": 15,
        "target_valid_time_utc": "2026-09-21T04:00:00Z",
        "research_only": true,
        "probability": null,
        "intensity": null,
        "footprint": null,
        "affected_regions": null
      }
    },
    {
      "type": "Feature",
      "geometry": {
        "type": "LineString",
        "coordinates": [
          [
            139.01824951171875,
            34.42277053587108
          ],
          [
            138.72161865234375,
            34.42277053587108
          ]
        ]
      },
      "properties": {
        "research_object_id": "F3-38149440f68994fd-000001",
        "source_slot_utc": "2026-09-21T03:30:00Z",
        "observation_valid_time_utc": "2026-09-21T03:30:00Z",
        "observed_centroid_lon_lat": [
          139.01824951171875,
          34.42277053587108
        ],
        "observed_bbox_pixel": [
          685,
          445,
          781,
          548
        ],
        "observed_approx_area_km2": 584.6938283104831,
        "observed_boundary_truncated": false,
        "observed_geometry_limit": "CENTROID_ONLY_BBOX_IS_PIXEL_SPACE_NOT_GEO_POLYGON",
        "lpz_forecast_generated": false,
        "kind": "RESEARCH_POINT_MOTION_ARROW",
        "lead_from_as_of_minutes": 15,
        "target_valid_time_utc": "2026-09-21T04:00:00Z",
        "research_only": true,
        "probability": null,
        "intensity": null,
        "footprint": null,
        "affected_regions": null
      }
    },
    {
      "type": "Feature",
      "geometry": {
        "type": "Point",
        "coordinates": [
          138.57330322265625,
          34.42277053587108
        ]
      },
      "properties": {
        "research_object_id": "F3-38149440f68994fd-000001",
        "source_slot_utc": "2026-09-21T03:30:00Z",
        "observation_valid_time_utc": "2026-09-21T03:30:00Z",
        "observed_centroid_lon_lat": [
          139.01824951171875,
          34.42277053587108
        ],
        "observed_bbox_pixel": [
          685,
          445,
          781,
          548
        ],
        "observed_approx_area_km2": 584.6938283104831,
        "observed_boundary_truncated": false,
        "observed_geometry_limit": "CENTROID_ONLY_BBOX_IS_PIXEL_SPACE_NOT_GEO_POLYGON",
        "lpz_forecast_generated": false,
        "kind": "RESEARCH_POINT_EXTRAPOLATION",
        "lead_from_as_of_minutes": 30,
        "target_valid_time_utc": "2026-09-21T04:15:00Z",
        "research_only": true,
        "probability": null,
        "intensity": null,
        "footprint": null,
        "affected_regions": null
      }
    },
    {
      "type": "Feature",
      "geometry": {
        "type": "LineString",
        "coordinates": [
          [
            139.01824951171875,
            34.42277053587108
          ],
          [
            138.57330322265625,
            34.42277053587108
          ]
        ]
      },
      "properties": {
        "research_object_id": "F3-38149440f68994fd-000001",
        "source_slot_utc": "2026-09-21T03:30:00Z",
        "observation_valid_time_utc": "2026-09-21T03:30:00Z",
        "observed_centroid_lon_lat": [
          139.01824951171875,
          34.42277053587108
        ],
        "observed_bbox_pixel": [
          685,
          445,
          781,
          548
        ],
        "observed_approx_area_km2": 584.6938283104831,
        "observed_boundary_truncated": false,
        "observed_geometry_limit": "CENTROID_ONLY_BBOX_IS_PIXEL_SPACE_NOT_GEO_POLYGON",
        "lpz_forecast_generated": false,
        "kind": "RESEARCH_POINT_MOTION_ARROW",
        "lead_from_as_of_minutes": 30,
        "target_valid_time_utc": "2026-09-21T04:15:00Z",
        "research_only": true,
        "probability": null,
        "intensity": null,
        "footprint": null,
        "affected_regions": null
      }
    },
    {
      "type": "Feature",
      "geometry": {
        "type": "Point",
        "coordinates": [
          139.32037353515625,
          33.93196649986436
        ]
      },
      "properties": {
        "research_object_id": "F3-38149440f68994fd-000002",
        "source_slot_utc": "2026-09-21T03:30:00Z",
        "observation_valid_time_utc": "2026-09-21T03:30:00Z",
        "observed_centroid_lon_lat": [
          139.32037353515625,
          33.93196649986436
        ],
        "observed_bbox_pixel": [
          737,
          576,
          837,
          622
        ],
        "observed_approx_area_km2": 409.2869440691793,
        "observed_boundary_truncated": false,
        "observed_geometry_limit": "CENTROID_ONLY_BBOX_IS_PIXEL_SPACE_NOT_GEO_POLYGON",
        "lpz_forecast_generated": false,
        "kind": "OBSERVED_ORIGIN",
        "lead_from_as_of_minutes": 0
      }
    },
    {
      "type": "Feature",
      "geometry": {
        "type": "Point",
        "coordinates": [
          139.05666638298248,
          34.06871529950391
        ]
      },
      "properties": {
        "research_object_id": "F3-38149440f68994fd-000002",
        "source_slot_utc": "2026-09-21T03:30:00Z",
        "observation_valid_time_utc": "2026-09-21T03:30:00Z",
        "observed_centroid_lon_lat": [
          139.32037353515625,
          33.93196649986436
        ],
        "observed_bbox_pixel": [
          737,
          576,
          837,
          622
        ],
        "observed_approx_area_km2": 409.2869440691793,
        "observed_boundary_truncated": false,
        "observed_geometry_limit": "CENTROID_ONLY_BBOX_IS_PIXEL_SPACE_NOT_GEO_POLYGON",
        "lpz_forecast_generated": false,
        "kind": "RESEARCH_POINT_EXTRAPOLATION",
        "lead_from_as_of_minutes": 15,
        "target_valid_time_utc": "2026-09-21T04:00:00Z",
        "research_only": true,
        "probability": null,
        "intensity": null,
        "footprint": null,
        "affected_regions": null
      }
    },
    {
      "type": "Feature",
      "geometry": {
        "type": "LineString",
        "coordinates": [
          [
            139.32037353515625,
            33.93196649986436
          ],
          [
            139.05666638298248,
            34.06871529950391
          ]
        ]
      },
      "properties": {
        "research_object_id": "F3-38149440f68994fd-000002",
        "source_slot_utc": "2026-09-21T03:30:00Z",
        "observation_valid_time_utc": "2026-09-21T03:30:00Z",
        "observed_centroid_lon_lat": [
          139.32037353515625,
          33.93196649986436
        ],
        "observed_bbox_pixel": [
          737,
          576,
          837,
          622
        ],
        "observed_approx_area_km2": 409.2869440691793,
        "observed_boundary_truncated": false,
        "observed_geometry_limit": "CENTROID_ONLY_BBOX_IS_PIXEL_SPACE_NOT_GEO_POLYGON",
        "lpz_forecast_generated": false,
        "kind": "RESEARCH_POINT_MOTION_ARROW",
        "lead_from_as_of_minutes": 15,
        "target_valid_time_utc": "2026-09-21T04:00:00Z",
        "research_only": true,
        "probability": null,
        "intensity": null,
        "footprint": null,
        "affected_regions": null
      }
    },
    {
      "type": "Feature",
      "geometry": {
        "type": "Point",
        "coordinates": [
          138.92481280689566,
          34.13708969932368
        ]
      },
      "properties": {
        "research_object_id": "F3-38149440f68994fd-000002",
        "source_slot_utc": "2026-09-21T03:30:00Z",
        "observation_valid_time_utc": "2026-09-21T03:30:00Z",
        "observed_centroid_lon_lat": [
          139.32037353515625,
          33.93196649986436
        ],
        "observed_bbox_pixel": [
          737,
          576,
          837,
          622
        ],
        "observed_approx_area_km2": 409.2869440691793,
        "observed_boundary_truncated": false,
        "observed_geometry_limit": "CENTROID_ONLY_BBOX_IS_PIXEL_SPACE_NOT_GEO_POLYGON",
        "lpz_forecast_generated": false,
        "kind": "RESEARCH_POINT_EXTRAPOLATION",
        "lead_from_as_of_minutes": 30,
        "target_valid_time_utc": "2026-09-21T04:15:00Z",
        "research_only": true,
        "probability": null,
        "intensity": null,
        "footprint": null,
        "affected_regions": null
      }
    },
    {
      "type": "Feature",
      "geometry": {
        "type": "LineString",
        "coordinates": [
          [
            139.32037353515625,
            33.93196649986436
          ],
          [
            138.92481280689566,
            34.13708969932368
          ]
        ]
      },
      "properties": {
        "research_object_id": "F3-38149440f68994fd-000002",
        "source_slot_utc": "2026-09-21T03:30:00Z",
        "observation_valid_time_utc": "2026-09-21T03:30:00Z",
        "observed_centroid_lon_lat": [
          139.32037353515625,
          33.93196649986436
        ],
        "observed_bbox_pixel": [
          737,
          576,
          837,
          622
        ],
        "observed_approx_area_km2": 409.2869440691793,
        "observed_boundary_truncated": false,
        "observed_geometry_limit": "CENTROID_ONLY_BBOX_IS_PIXEL_SPACE_NOT_GEO_POLYGON",
        "lpz_forecast_generated": false,
        "kind": "RESEARCH_POINT_MOTION_ARROW",
        "lead_from_as_of_minutes": 30,
        "target_valid_time_utc": "2026-09-21T04:15:00Z",
        "research_only": true,
        "probability": null,
        "intensity": null,
        "footprint": null,
        "affected_regions": null
      }
    },
    {
      "type": "Feature",
      "geometry": {
        "type": "Point",
        "coordinates": [
          138.66668701171875,
          34.62190760563036
        ]
      },
      "properties": {
        "research_object_id": "F3-38149440f68994fd-000003",
        "source_slot_utc": "2026-09-21T03:30:00Z",
        "observation_valid_time_utc": "2026-09-21T03:30:00Z",
        "observed_centroid_lon_lat": [
          138.66668701171875,
          34.62190760563036
        ],
        "observed_bbox_pixel": [
          664,
          436,
          671,
          448
        ],
        "observed_approx_area_km2": 13.6740039098512,
        "observed_boundary_truncated": false,
        "observed_geometry_limit": "CENTROID_ONLY_BBOX_IS_PIXEL_SPACE_NOT_GEO_POLYGON",
        "lpz_forecast_generated": false,
        "kind": "OBSERVED_ORIGIN",
        "lead_from_as_of_minutes": 0
      }
    },
    {
      "type": "Feature",
      "geometry": {
        "type": "Point",
        "coordinates": [
          138.69964958672563,
          34.73040974655019
        ]
      },
      "properties": {
        "research_object_id": "F3-38149440f68994fd-000003",
        "source_slot_utc": "2026-09-21T03:30:00Z",
        "observation_valid_time_utc": "2026-09-21T03:30:00Z",
        "observed_centroid_lon_lat": [
          138.66668701171875,
          34.62190760563036
        ],
        "observed_bbox_pixel": [
          664,
          436,
          671,
          448
        ],
        "observed_approx_area_km2": 13.6740039098512,
        "observed_boundary_truncated": false,
        "observed_geometry_limit": "CENTROID_ONLY_BBOX_IS_PIXEL_SPACE_NOT_GEO_POLYGON",
        "lpz_forecast_generated": false,
        "kind": "RESEARCH_POINT_EXTRAPOLATION",
        "lead_from_as_of_minutes": 15,
        "target_valid_time_utc": "2026-09-21T04:00:00Z",
        "research_only": true,
        "probability": null,
        "intensity": null,
        "footprint": null,
        "affected_regions": null
      }
    },
    {
      "type": "Feature",
      "geometry": {
        "type": "LineString",
        "coordinates": [
          [
            138.66668701171875,
            34.62190760563036
          ],
          [
            138.69964958672563,
            34.73040974655019
          ]
        ]
      },
      "properties": {
        "research_object_id": "F3-38149440f68994fd-000003",
        "source_slot_utc": "2026-09-21T03:30:00Z",
        "observation_valid_time_utc": "2026-09-21T03:30:00Z",
        "observed_centroid_lon_lat": [
          138.66668701171875,
          34.62190760563036
        ],
        "observed_bbox_pixel": [
          664,
          436,
          671,
          448
        ],
        "observed_approx_area_km2": 13.6740039098512,
        "observed_boundary_truncated": false,
        "observed_geometry_limit": "CENTROID_ONLY_BBOX_IS_PIXEL_SPACE_NOT_GEO_POLYGON",
        "lpz_forecast_generated": false,
        "kind": "RESEARCH_POINT_MOTION_ARROW",
        "lead_from_as_of_minutes": 15,
        "target_valid_time_utc": "2026-09-21T04:00:00Z",
        "research_only": true,
        "probability": null,
        "intensity": null,
        "footprint": null,
        "affected_regions": null
      }
    },
    {
      "type": "Feature",
      "geometry": {
        "type": "Point",
        "coordinates": [
          138.71613087422907,
          34.7846608170101
        ]
      },
      "properties": {
        "research_object_id": "F3-38149440f68994fd-000003",
        "source_slot_utc": "2026-09-21T03:30:00Z",
        "observation_valid_time_utc": "2026-09-21T03:30:00Z",
        "observed_centroid_lon_lat": [
          138.66668701171875,
          34.62190760563036
        ],
        "observed_bbox_pixel": [
          664,
          436,
          671,
          448
        ],
        "observed_approx_area_km2": 13.6740039098512,
        "observed_boundary_truncated": false,
        "observed_geometry_limit": "CENTROID_ONLY_BBOX_IS_PIXEL_SPACE_NOT_GEO_POLYGON",
        "lpz_forecast_generated": false,
        "kind": "RESEARCH_POINT_EXTRAPOLATION",
        "lead_from_as_of_minutes": 30,
        "target_valid_time_utc": "2026-09-21T04:15:00Z",
        "research_only": true,
        "probability": null,
        "intensity": null,
        "footprint": null,
        "affected_regions": null
      }
    },
    {
      "type": "Feature",
      "geometry": {
        "type": "LineString",
        "coordinates": [
          [
            138.66668701171875,
            34.62190760563036
          ],
          [
            138.71613087422907,
            34.7846608170101
          ]
        ]
      },
      "properties": {
        "research_object_id": "F3-38149440f68994fd-000003",
        "source_slot_utc": "2026-09-21T03:30:00Z",
        "observation_valid_time_utc": "2026-09-21T03:30:00Z",
        "observed_centroid_lon_lat": [
          138.66668701171875,
          34.62190760563036
        ],
        "observed_bbox_pixel": [
          664,
          436,
          671,
          448
        ],
        "observed_approx_area_km2": 13.6740039098512,
        "observed_boundary_truncated": false,
        "observed_geometry_limit": "CENTROID_ONLY_BBOX_IS_PIXEL_SPACE_NOT_GEO_POLYGON",
        "lpz_forecast_generated": false,
        "kind": "RESEARCH_POINT_MOTION_ARROW",
        "lead_from_as_of_minutes": 30,
        "target_valid_time_utc": "2026-09-21T04:15:00Z",
        "research_only": true,
        "probability": null,
        "intensity": null,
        "footprint": null,
        "affected_regions": null
      }
    },
    {
      "type": "Feature",
      "geometry": {
        "type": "Point",
        "coordinates": [
          138.83697509765625,
          34.60382391547706
        ]
      },
      "properties": {
        "research_object_id": "F3-38149440f68994fd-000004",
        "source_slot_utc": "2026-09-21T03:30:00Z",
        "observation_valid_time_utc": "2026-09-21T03:30:00Z",
        "observed_centroid_lon_lat": [
          138.83697509765625,
          34.60382391547706
        ],
        "observed_bbox_pixel": [
          698,
          446,
          699,
          447
        ],
        "observed_approx_area_km2": 1.013330562565347,
        "observed_boundary_truncated": false,
        "observed_geometry_limit": "CENTROID_ONLY_BBOX_IS_PIXEL_SPACE_NOT_GEO_POLYGON",
        "lpz_forecast_generated": false,
        "kind": "OBSERVED_ORIGIN",
        "lead_from_as_of_minutes": 0
      }
    },
    {
      "type": "Feature",
      "geometry": {
        "type": "Point",
        "coordinates": [
          138.93584666725224,
          34.549569890554956
        ]
      },
      "properties": {
        "research_object_id": "F3-38149440f68994fd-000004",
        "source_slot_utc": "2026-09-21T03:30:00Z",
        "observation_valid_time_utc": "2026-09-21T03:30:00Z",
        "observed_centroid_lon_lat": [
          138.83697509765625,
          34.60382391547706
        ],
        "observed_bbox_pixel": [
          698,
          446,
          699,
          447
        ],
        "observed_approx_area_km2": 1.013330562565347,
        "observed_boundary_truncated": false,
        "observed_geometry_limit": "CENTROID_ONLY_BBOX_IS_PIXEL_SPACE_NOT_GEO_POLYGON",
        "lpz_forecast_generated": false,
        "kind": "RESEARCH_POINT_EXTRAPOLATION",
        "lead_from_as_of_minutes": 15,
        "target_valid_time_utc": "2026-09-21T04:00:00Z",
        "research_only": true,
        "probability": null,
        "intensity": null,
        "footprint": null,
        "affected_regions": null
      }
    },
    {
      "type": "Feature",
      "geometry": {
        "type": "LineString",
        "coordinates": [
          [
            138.83697509765625,
            34.60382391547706
          ],
          [
            138.93584666725224,
            34.549569890554956
          ]
        ]
      },
      "properties": {
        "research_object_id": "F3-38149440f68994fd-000004",
        "source_slot_utc": "2026-09-21T03:30:00Z",
        "observation_valid_time_utc": "2026-09-21T03:30:00Z",
        "observed_centroid_lon_lat": [
          138.83697509765625,
          34.60382391547706
        ],
        "observed_bbox_pixel": [
          698,
          446,
          699,
          447
        ],
        "observed_approx_area_km2": 1.013330562565347,
        "observed_boundary_truncated": false,
        "observed_geometry_limit": "CENTROID_ONLY_BBOX_IS_PIXEL_SPACE_NOT_GEO_POLYGON",
        "lpz_forecast_generated": false,
        "kind": "RESEARCH_POINT_MOTION_ARROW",
        "lead_from_as_of_minutes": 15,
        "target_valid_time_utc": "2026-09-21T04:00:00Z",
        "research_only": true,
        "probability": null,
        "intensity": null,
        "footprint": null,
        "affected_regions": null
      }
    },
    {
      "type": "Feature",
      "geometry": {
        "type": "Point",
        "coordinates": [
          138.98528245205023,
          34.522442878093905
        ]
      },
      "properties": {
        "research_object_id": "F3-38149440f68994fd-000004",
        "source_slot_utc": "2026-09-21T03:30:00Z",
        "observation_valid_time_utc": "2026-09-21T03:30:00Z",
        "observed_centroid_lon_lat": [
          138.83697509765625,
          34.60382391547706
        ],
        "observed_bbox_pixel": [
          698,
          446,
          699,
          447
        ],
        "observed_approx_area_km2": 1.013330562565347,
        "observed_boundary_truncated": false,
        "observed_geometry_limit": "CENTROID_ONLY_BBOX_IS_PIXEL_SPACE_NOT_GEO_POLYGON",
        "lpz_forecast_generated": false,
        "kind": "RESEARCH_POINT_EXTRAPOLATION",
        "lead_from_as_of_minutes": 30,
        "target_valid_time_utc": "2026-09-21T04:15:00Z",
        "research_only": true,
        "probability": null,
        "intensity": null,
        "footprint": null,
        "affected_regions": null
      }
    },
    {
      "type": "Feature",
      "geometry": {
        "type": "LineString",
        "coordinates": [
          [
            138.83697509765625,
            34.60382391547706
          ],
          [
            138.98528245205023,
            34.522442878093905
          ]
        ]
      },
      "properties": {
        "research_object_id": "F3-38149440f68994fd-000004",
        "source_slot_utc": "2026-09-21T03:30:00Z",
        "observation_valid_time_utc": "2026-09-21T03:30:00Z",
        "observed_centroid_lon_lat": [
          138.83697509765625,
          34.60382391547706
        ],
        "observed_bbox_pixel": [
          698,
          446,
          699,
          447
        ],
        "observed_approx_area_km2": 1.013330562565347,
        "observed_boundary_truncated": false,
        "observed_geometry_limit": "CENTROID_ONLY_BBOX_IS_PIXEL_SPACE_NOT_GEO_POLYGON",
        "lpz_forecast_generated": false,
        "kind": "RESEARCH_POINT_MOTION_ARROW",
        "lead_from_as_of_minutes": 30,
        "target_valid_time_utc": "2026-09-21T04:15:00Z",
        "research_only": true,
        "probability": null,
        "intensity": null,
        "footprint": null,
        "affected_regions": null
      }
    },
    {
      "type": "Feature",
      "geometry": {
        "type": "Point",
        "coordinates": [
          138.29315185546875,
          34.56312121279481
        ]
      },
      "properties": {
        "research_object_id": "F3-38149440f68994fd-000005",
        "source_slot_utc": "2026-09-21T03:30:00Z",
        "observation_valid_time_utc": "2026-09-21T03:30:00Z",
        "observed_centroid_lon_lat": [
          138.29315185546875,
          34.56312121279481
        ],
        "observed_bbox_pixel": [
          595,
          448,
          604,
          462
        ],
        "observed_approx_area_km2": 25.104510112232514,
        "observed_boundary_truncated": false,
        "observed_geometry_limit": "CENTROID_ONLY_BBOX_IS_PIXEL_SPACE_NOT_GEO_POLYGON",
        "lpz_forecast_generated": false,
        "kind": "OBSERVED_ORIGIN",
        "lead_from_as_of_minutes": 0
      }
    },
    {
      "type": "Feature",
      "geometry": {
        "type": "Point",
        "coordinates": [
          138.22723030141594,
          34.61740772413043
        ]
      },
      "properties": {
        "research_object_id": "F3-38149440f68994fd-000005",
        "source_slot_utc": "2026-09-21T03:30:00Z",
        "observation_valid_time_utc": "2026-09-21T03:30:00Z",
        "observed_centroid_lon_lat": [
          138.29315185546875,
          34.56312121279481
        ],
        "observed_bbox_pixel": [
          595,
          448,
          604,
          462
        ],
        "observed_approx_area_km2": 25.104510112232514,
        "observed_boundary_truncated": false,
        "observed_geometry_limit": "CENTROID_ONLY_BBOX_IS_PIXEL_SPACE_NOT_GEO_POLYGON",
        "lpz_forecast_generated": false,
        "kind": "RESEARCH_POINT_EXTRAPOLATION",
        "lead_from_as_of_minutes": 15,
        "target_valid_time_utc": "2026-09-21T04:00:00Z",
        "research_only": true,
        "probability": null,
        "intensity": null,
        "footprint": null,
        "affected_regions": null
      }
    },
    {
      "type": "Feature",
      "geometry": {
        "type": "LineString",
        "coordinates": [
          [
            138.29315185546875,
            34.56312121279481
          ],
          [
            138.22723030141594,
            34.61740772413043
          ]
        ]
      },
      "properties": {
        "research_object_id": "F3-38149440f68994fd-000005",
        "source_slot_utc": "2026-09-21T03:30:00Z",
        "observation_valid_time_utc": "2026-09-21T03:30:00Z",
        "observed_centroid_lon_lat": [
          138.29315185546875,
          34.56312121279481
        ],
        "observed_bbox_pixel": [
          595,
          448,
          604,
          462
        ],
        "observed_approx_area_km2": 25.104510112232514,
        "observed_boundary_truncated": false,
        "observed_geometry_limit": "CENTROID_ONLY_BBOX_IS_PIXEL_SPACE_NOT_GEO_POLYGON",
        "lpz_forecast_generated": false,
        "kind": "RESEARCH_POINT_MOTION_ARROW",
        "lead_from_as_of_minutes": 15,
        "target_valid_time_utc": "2026-09-21T04:00:00Z",
        "research_only": true,
        "probability": null,
        "intensity": null,
        "footprint": null,
        "affected_regions": null
      }
    },
    {
      "type": "Feature",
      "geometry": {
        "type": "Point",
        "coordinates": [
          138.19426952438954,
          34.64455097979824
        ]
      },
      "properties": {
        "research_object_id": "F3-38149440f68994fd-000005",
        "source_slot_utc": "2026-09-21T03:30:00Z",
        "observation_valid_time_utc": "2026-09-21T03:30:00Z",
        "observed_centroid_lon_lat": [
          138.29315185546875,
          34.56312121279481
        ],
        "observed_bbox_pixel": [
          595,
          448,
          604,
          462
        ],
        "observed_approx_area_km2": 25.104510112232514,
        "observed_boundary_truncated": false,
        "observed_geometry_limit": "CENTROID_ONLY_BBOX_IS_PIXEL_SPACE_NOT_GEO_POLYGON",
        "lpz_forecast_generated": false,
        "kind": "RESEARCH_POINT_EXTRAPOLATION",
        "lead_from_as_of_minutes": 30,
        "target_valid_time_utc": "2026-09-21T04:15:00Z",
        "research_only": true,
        "probability": null,
        "intensity": null,
        "footprint": null,
        "affected_regions": null
      }
    },
    {
      "type": "Feature",
      "geometry": {
        "type": "LineString",
        "coordinates": [
          [
            138.29315185546875,
            34.56312121279481
          ],
          [
            138.19426952438954,
            34.64455097979824
          ]
        ]
      },
      "properties": {
        "research_object_id": "F3-38149440f68994fd-000005",
        "source_slot_utc": "2026-09-21T03:30:00Z",
        "observation_valid_time_utc": "2026-09-21T03:30:00Z",
        "observed_centroid_lon_lat": [
          138.29315185546875,
          34.56312121279481
        ],
        "observed_bbox_pixel": [
          595,
          448,
          604,
          462
        ],
        "observed_approx_area_km2": 25.104510112232514,
        "observed_boundary_truncated": false,
        "observed_geometry_limit": "CENTROID_ONLY_BBOX_IS_PIXEL_SPACE_NOT_GEO_POLYGON",
        "lpz_forecast_generated": false,
        "kind": "RESEARCH_POINT_MOTION_ARROW",
        "lead_from_as_of_minutes": 30,
        "target_valid_time_utc": "2026-09-21T04:15:00Z",
        "research_only": true,
        "probability": null,
        "intensity": null,
        "footprint": null,
        "affected_regions": null
      }
    },
    {
      "type": "Feature",
      "geometry": {
        "type": "Point",
        "coordinates": [
          138.24920654296875,
          34.47712785074854
        ]
      },
      "properties": {
        "research_object_id": "F3-38149440f68994fd-000006",
        "source_slot_utc": "2026-09-21T03:30:00Z",
        "observation_valid_time_utc": "2026-09-21T03:30:00Z",
        "observed_centroid_lon_lat": [
          138.24920654296875,
          34.47712785074854
        ],
        "observed_bbox_pixel": [
          583,
          465,
          600,
          485
        ],
        "observed_approx_area_km2": 47.51763336025971,
        "observed_boundary_truncated": false,
        "observed_geometry_limit": "CENTROID_ONLY_BBOX_IS_PIXEL_SPACE_NOT_GEO_POLYGON",
        "lpz_forecast_generated": false,
        "kind": "OBSERVED_ORIGIN",
        "lead_from_as_of_minutes": 0
      }
    },
    {
      "type": "Feature",
      "geometry": {
        "type": "Point",
        "coordinates": [
          138.24920654296875,
          34.53147042422426
        ]
      },
      "properties": {
        "research_object_id": "F3-38149440f68994fd-000006",
        "source_slot_utc": "2026-09-21T03:30:00Z",
        "observation_valid_time_utc": "2026-09-21T03:30:00Z",
        "observed_centroid_lon_lat": [
          138.24920654296875,
          34.47712785074854
        ],
        "observed_bbox_pixel": [
          583,
          465,
          600,
          485
        ],
        "observed_approx_area_km2": 47.51763336025971,
        "observed_boundary_truncated": false,
        "observed_geometry_limit": "CENTROID_ONLY_BBOX_IS_PIXEL_SPACE_NOT_GEO_POLYGON",
        "lpz_forecast_generated": false,
        "kind": "RESEARCH_POINT_EXTRAPOLATION",
        "lead_from_as_of_minutes": 15,
        "target_valid_time_utc": "2026-09-21T04:00:00Z",
        "research_only": true,
        "probability": null,
        "intensity": null,
        "footprint": null,
        "affected_regions": null
      }
    },
    {
      "type": "Feature",
      "geometry": {
        "type": "LineString",
        "coordinates": [
          [
            138.24920654296875,
            34.47712785074854
          ],
          [
            138.24920654296875,
            34.53147042422426
          ]
        ]
      },
      "properties": {
        "research_object_id": "F3-38149440f68994fd-000006",
        "source_slot_utc": "2026-09-21T03:30:00Z",
        "observation_valid_time_utc": "2026-09-21T03:30:00Z",
        "observed_centroid_lon_lat": [
          138.24920654296875,
          34.47712785074854
        ],
        "observed_bbox_pixel": [
          583,
          465,
          600,
          485
        ],
        "observed_approx_area_km2": 47.51763336025971,
        "observed_boundary_truncated": false,
        "observed_geometry_limit": "CENTROID_ONLY_BBOX_IS_PIXEL_SPACE_NOT_GEO_POLYGON",
        "lpz_forecast_generated": false,
        "kind": "RESEARCH_POINT_MOTION_ARROW",
        "lead_from_as_of_minutes": 15,
        "target_valid_time_utc": "2026-09-21T04:00:00Z",
        "research_only": true,
        "probability": null,
        "intensity": null,
        "footprint": null,
        "affected_regions": null
      }
    },
    {
      "type": "Feature",
      "geometry": {
        "type": "Point",
        "coordinates": [
          138.24920654296875,
          34.55864171096212
        ]
      },
      "properties": {
        "research_object_id": "F3-38149440f68994fd-000006",
        "source_slot_utc": "2026-09-21T03:30:00Z",
        "observation_valid_time_utc": "2026-09-21T03:30:00Z",
        "observed_centroid_lon_lat": [
          138.24920654296875,
          34.47712785074854
        ],
        "observed_bbox_pixel": [
          583,
          465,
          600,
          485
        ],
        "observed_approx_area_km2": 47.51763336025971,
        "observed_boundary_truncated": false,
        "observed_geometry_limit": "CENTROID_ONLY_BBOX_IS_PIXEL_SPACE_NOT_GEO_POLYGON",
        "lpz_forecast_generated": false,
        "kind": "RESEARCH_POINT_EXTRAPOLATION",
        "lead_from_as_of_minutes": 30,
        "target_valid_time_utc": "2026-09-21T04:15:00Z",
        "research_only": true,
        "probability": null,
        "intensity": null,
        "footprint": null,
        "affected_regions": null
      }
    },
    {
      "type": "Feature",
      "geometry": {
        "type": "LineString",
        "coordinates": [
          [
            138.24920654296875,
            34.47712785074854
          ],
          [
            138.24920654296875,
            34.55864171096212
          ]
        ]
      },
      "properties": {
        "research_object_id": "F3-38149440f68994fd-000006",
        "source_slot_utc": "2026-09-21T03:30:00Z",
        "observation_valid_time_utc": "2026-09-21T03:30:00Z",
        "observed_centroid_lon_lat": [
          138.24920654296875,
          34.47712785074854
        ],
        "observed_bbox_pixel": [
          583,
          465,
          600,
          485
        ],
        "observed_approx_area_km2": 47.51763336025971,
        "observed_boundary_truncated": false,
        "observed_geometry_limit": "CENTROID_ONLY_BBOX_IS_PIXEL_SPACE_NOT_GEO_POLYGON",
        "lpz_forecast_generated": false,
        "kind": "RESEARCH_POINT_MOTION_ARROW",
        "lead_from_as_of_minutes": 30,
        "target_valid_time_utc": "2026-09-21T04:15:00Z",
        "research_only": true,
        "probability": null,
        "intensity": null,
        "footprint": null,
        "affected_regions": null
      }
    },
    {
      "type": "Feature",
      "geometry": {
        "type": "Point",
        "coordinates": [
          138.76556396484375,
          34.59930237746264
        ]
      },
      "properties": {
        "research_object_id": "F3-38149440f68994fd-000007",
        "source_slot_utc": "2026-09-21T03:30:00Z",
        "observation_valid_time_utc": "2026-09-21T03:30:00Z",
        "observed_centroid_lon_lat": [
          138.76556396484375,
          34.59930237746264
        ],
        "observed_bbox_pixel": [
          660,
          419,
          713,
          481
        ],
        "observed_approx_area_km2": 194.8340143857354,
        "observed_boundary_truncated": false,
        "observed_geometry_limit": "CENTROID_ONLY_BBOX_IS_PIXEL_SPACE_NOT_GEO_POLYGON",
        "lpz_forecast_generated": false,
        "kind": "OBSERVED_ORIGIN",
        "lead_from_as_of_minutes": 0
      }
    },
    {
      "type": "Feature",
      "geometry": {
        "type": "Point",
        "coordinates": [
          139.06233208481746,
          35.06072515825857
        ]
      },
      "properties": {
        "research_object_id": "F3-38149440f68994fd-000007",
        "source_slot_utc": "2026-09-21T03:30:00Z",
        "observation_valid_time_utc": "2026-09-21T03:30:00Z",
        "observed_centroid_lon_lat": [
          138.76556396484375,
          34.59930237746264
        ],
        "observed_bbox_pixel": [
          660,
          419,
          713,
          481
        ],
        "observed_approx_area_km2": 194.8340143857354,
        "observed_boundary_truncated": false,
        "observed_geometry_limit": "CENTROID_ONLY_BBOX_IS_PIXEL_SPACE_NOT_GEO_POLYGON",
        "lpz_forecast_generated": false,
        "kind": "RESEARCH_POINT_EXTRAPOLATION",
        "lead_from_as_of_minutes": 15,
        "target_valid_time_utc": "2026-09-21T04:00:00Z",
        "research_only": true,
        "probability": null,
        "intensity": null,
        "footprint": null,
        "affected_regions": null
      }
    },
    {
      "type": "Feature",
      "geometry": {
        "type": "LineString",
        "coordinates": [
          [
            138.76556396484375,
            34.59930237746264
          ],
          [
            139.06233208481746,
            35.06072515825857
          ]
        ]
      },
      "properties": {
        "research_object_id": "F3-38149440f68994fd-000007",
        "source_slot_utc": "2026-09-21T03:30:00Z",
        "observation_valid_time_utc": "2026-09-21T03:30:00Z",
        "observed_centroid_lon_lat": [
          138.76556396484375,
          34.59930237746264
        ],
        "observed_bbox_pixel": [
          660,
          419,
          713,
          481
        ],
        "observed_approx_area_km2": 194.8340143857354,
        "observed_boundary_truncated": false,
        "observed_geometry_limit": "CENTROID_ONLY_BBOX_IS_PIXEL_SPACE_NOT_GEO_POLYGON",
        "lpz_forecast_generated": false,
        "kind": "RESEARCH_POINT_MOTION_ARROW",
        "lead_from_as_of_minutes": 15,
        "target_valid_time_utc": "2026-09-21T04:00:00Z",
        "research_only": true,
        "probability": null,
        "intensity": null,
        "footprint": null,
        "affected_regions": null
      }
    },
    {
      "type": "Feature",
      "geometry": {
        "type": "Point",
        "coordinates": [
          139.21071614480434,
          35.291436548656534
        ]
      },
      "properties": {
        "research_object_id": "F3-38149440f68994fd-000007",
        "source_slot_utc": "2026-09-21T03:30:00Z",
        "observation_valid_time_utc": "2026-09-21T03:30:00Z",
        "observed_centroid_lon_lat": [
          138.76556396484375,
          34.59930237746264
        ],
        "observed_bbox_pixel": [
          660,
          419,
          713,
          481
        ],
        "observed_approx_area_km2": 194.8340143857354,
        "observed_boundary_truncated": false,
        "observed_geometry_limit": "CENTROID_ONLY_BBOX_IS_PIXEL_SPACE_NOT_GEO_POLYGON",
        "lpz_forecast_generated": false,
        "kind": "RESEARCH_POINT_EXTRAPOLATION",
        "lead_from_as_of_minutes": 30,
        "target_valid_time_utc": "2026-09-21T04:15:00Z",
        "research_only": true,
        "probability": null,
        "intensity": null,
        "footprint": null,
        "affected_regions": null
      }
    },
    {
      "type": "Feature",
      "geometry": {
        "type": "LineString",
        "coordinates": [
          [
            138.76556396484375,
            34.59930237746264
          ],
          [
            139.21071614480434,
            35.291436548656534
          ]
        ]
      },
      "properties": {
        "research_object_id": "F3-38149440f68994fd-000007",
        "source_slot_utc": "2026-09-21T03:30:00Z",
        "observation_valid_time_utc": "2026-09-21T03:30:00Z",
        "observed_centroid_lon_lat": [
          138.76556396484375,
          34.59930237746264
        ],
        "observed_bbox_pixel": [
          660,
          419,
          713,
          481
        ],
        "observed_approx_area_km2": 194.8340143857354,
        "observed_boundary_truncated": false,
        "observed_geometry_limit": "CENTROID_ONLY_BBOX_IS_PIXEL_SPACE_NOT_GEO_POLYGON",
        "lpz_forecast_generated": false,
        "kind": "RESEARCH_POINT_MOTION_ARROW",
        "lead_from_as_of_minutes": 30,
        "target_valid_time_utc": "2026-09-21T04:15:00Z",
        "research_only": true,
        "probability": null,
        "intensity": null,
        "footprint": null,
        "affected_regions": null
      }
    },
    {
      "type": "Feature",
      "geometry": {
        "type": "Point",
        "coordinates": [
          139.12811279296875,
          35.10418108827648
        ]
      },
      "properties": {
        "research_object_id": "F3-38149440f68994fd-000012",
        "source_slot_utc": "2026-09-21T03:30:00Z",
        "observation_valid_time_utc": "2026-09-21T03:30:00Z",
        "observed_centroid_lon_lat": [
          139.12811279296875,
          35.10418108827648
        ],
        "observed_bbox_pixel": [
          750,
          335,
          752,
          336
        ],
        "observed_approx_area_km2": 1.5016192658408527,
        "observed_boundary_truncated": false,
        "observed_geometry_limit": "CENTROID_ONLY_BBOX_IS_PIXEL_SPACE_NOT_GEO_POLYGON",
        "lpz_forecast_generated": false,
        "kind": "OBSERVED_ORIGIN",
        "lead_from_as_of_minutes": 0
      }
    },
    {
      "type": "Feature",
      "geometry": {
        "type": "Point",
        "coordinates": [
          138.9632769853588,
          35.346917292757944
        ]
      },
      "properties": {
        "research_object_id": "F3-38149440f68994fd-000012",
        "source_slot_utc": "2026-09-21T03:30:00Z",
        "observation_valid_time_utc": "2026-09-21T03:30:00Z",
        "observed_centroid_lon_lat": [
          139.12811279296875,
          35.10418108827648
        ],
        "observed_bbox_pixel": [
          750,
          335,
          752,
          336
        ],
        "observed_approx_area_km2": 1.5016192658408527,
        "observed_boundary_truncated": false,
        "observed_geometry_limit": "CENTROID_ONLY_BBOX_IS_PIXEL_SPACE_NOT_GEO_POLYGON",
        "lpz_forecast_generated": false,
        "kind": "RESEARCH_POINT_EXTRAPOLATION",
        "lead_from_as_of_minutes": 15,
        "target_valid_time_utc": "2026-09-21T04:00:00Z",
        "research_only": true,
        "probability": null,
        "intensity": null,
        "footprint": null,
        "affected_regions": null
      }
    },
    {
      "type": "Feature",
      "geometry": {
        "type": "LineString",
        "coordinates": [
          [
            139.12811279296875,
            35.10418108827648
          ],
          [
            138.9632769853588,
            35.346917292757944
          ]
        ]
      },
      "properties": {
        "research_object_id": "F3-38149440f68994fd-000012",
        "source_slot_utc": "2026-09-21T03:30:00Z",
        "observation_valid_time_utc": "2026-09-21T03:30:00Z",
        "observed_centroid_lon_lat": [
          139.12811279296875,
          35.10418108827648
        ],
        "observed_bbox_pixel": [
          750,
          335,
          752,
          336
        ],
        "observed_approx_area_km2": 1.5016192658408527,
        "observed_boundary_truncated": false,
        "observed_geometry_limit": "CENTROID_ONLY_BBOX_IS_PIXEL_SPACE_NOT_GEO_POLYGON",
        "lpz_forecast_generated": false,
        "kind": "RESEARCH_POINT_MOTION_ARROW",
        "lead_from_as_of_minutes": 15,
        "target_valid_time_utc": "2026-09-21T04:00:00Z",
        "research_only": true,
        "probability": null,
        "intensity": null,
        "footprint": null,
        "affected_regions": null
      }
    },
    {
      "type": "Feature",
      "geometry": {
        "type": "Point",
        "coordinates": [
          138.8808590815538,
          35.468285394998674
        ]
      },
      "properties": {
        "research_object_id": "F3-38149440f68994fd-000012",
        "source_slot_utc": "2026-09-21T03:30:00Z",
        "observation_valid_time_utc": "2026-09-21T03:30:00Z",
        "observed_centroid_lon_lat": [
          139.12811279296875,
          35.10418108827648
        ],
        "observed_bbox_pixel": [
          750,
          335,
          752,
          336
        ],
        "observed_approx_area_km2": 1.5016192658408527,
        "observed_boundary_truncated": false,
        "observed_geometry_limit": "CENTROID_ONLY_BBOX_IS_PIXEL_SPACE_NOT_GEO_POLYGON",
        "lpz_forecast_generated": false,
        "kind": "RESEARCH_POINT_EXTRAPOLATION",
        "lead_from_as_of_minutes": 30,
        "target_valid_time_utc": "2026-09-21T04:15:00Z",
        "research_only": true,
        "probability": null,
        "intensity": null,
        "footprint": null,
        "affected_regions": null
      }
    },
    {
      "type": "Feature",
      "geometry": {
        "type": "LineString",
        "coordinates": [
          [
            139.12811279296875,
            35.10418108827648
          ],
          [
            138.8808590815538,
            35.468285394998674
          ]
        ]
      },
      "properties": {
        "research_object_id": "F3-38149440f68994fd-000012",
        "source_slot_utc": "2026-09-21T03:30:00Z",
        "observation_valid_time_utc": "2026-09-21T03:30:00Z",
        "observed_centroid_lon_lat": [
          139.12811279296875,
          35.10418108827648
        ],
        "observed_bbox_pixel": [
          750,
          335,
          752,
          336
        ],
        "observed_approx_area_km2": 1.5016192658408527,
        "observed_boundary_truncated": false,
        "observed_geometry_limit": "CENTROID_ONLY_BBOX_IS_PIXEL_SPACE_NOT_GEO_POLYGON",
        "lpz_forecast_generated": false,
        "kind": "RESEARCH_POINT_MOTION_ARROW",
        "lead_from_as_of_minutes": 30,
        "target_valid_time_utc": "2026-09-21T04:15:00Z",
        "research_only": true,
        "probability": null,
        "intensity": null,
        "footprint": null,
        "affected_regions": null
      }
    },
    {
      "type": "Feature",
      "geometry": {
        "type": "Point",
        "coordinates": [
          138.69964599609375,
          34.43183254485124
        ]
      },
      "properties": {
        "research_object_id": "F3-38149440f68994fd-000013",
        "source_slot_utc": "2026-09-21T03:30:00Z",
        "observation_valid_time_utc": "2026-09-21T03:30:00Z",
        "observed_centroid_lon_lat": [
          138.69964599609375,
          34.43183254485124
        ],
        "observed_bbox_pixel": [
          671,
          483,
          675,
          485
        ],
        "observed_approx_area_km2": 2.5438079760477628,
        "observed_boundary_truncated": false,
        "observed_geometry_limit": "CENTROID_ONLY_BBOX_IS_PIXEL_SPACE_NOT_GEO_POLYGON",
        "lpz_forecast_generated": false,
        "kind": "OBSERVED_ORIGIN",
        "lead_from_as_of_minutes": 0
      }
    },
    {
      "type": "Feature",
      "geometry": {
        "type": "Point",
        "coordinates": [
          138.69964599609375,
          34.37746638561173
        ]
      },
      "properties": {
        "research_object_id": "F3-38149440f68994fd-000013",
        "source_slot_utc": "2026-09-21T03:30:00Z",
        "observation_valid_time_utc": "2026-09-21T03:30:00Z",
        "observed_centroid_lon_lat": [
          138.69964599609375,
          34.43183254485124
        ],
        "observed_bbox_pixel": [
          671,
          483,
          675,
          485
        ],
        "observed_approx_area_km2": 2.5438079760477628,
        "observed_boundary_truncated": false,
        "observed_geometry_limit": "CENTROID_ONLY_BBOX_IS_PIXEL_SPACE_NOT_GEO_POLYGON",
        "lpz_forecast_generated": false,
        "kind": "RESEARCH_POINT_EXTRAPOLATION",
        "lead_from_as_of_minutes": 15,
        "target_valid_time_utc": "2026-09-21T04:00:00Z",
        "research_only": true,
        "probability": null,
        "intensity": null,
        "footprint": null,
        "affected_regions": null
      }
    },
    {
      "type": "Feature",
      "geometry": {
        "type": "LineString",
        "coordinates": [
          [
            138.69964599609375,
            34.43183254485124
          ],
          [
            138.69964599609375,
            34.37746638561173
          ]
        ]
      },
      "properties": {
        "research_object_id": "F3-38149440f68994fd-000013",
        "source_slot_utc": "2026-09-21T03:30:00Z",
        "observation_valid_time_utc": "2026-09-21T03:30:00Z",
        "observed_centroid_lon_lat": [
          138.69964599609375,
          34.43183254485124
        ],
        "observed_bbox_pixel": [
          671,
          483,
          675,
          485
        ],
        "observed_approx_area_km2": 2.5438079760477628,
        "observed_boundary_truncated": false,
        "observed_geometry_limit": "CENTROID_ONLY_BBOX_IS_PIXEL_SPACE_NOT_GEO_POLYGON",
        "lpz_forecast_generated": false,
        "kind": "RESEARCH_POINT_MOTION_ARROW",
        "lead_from_as_of_minutes": 15,
        "target_valid_time_utc": "2026-09-21T04:00:00Z",
        "research_only": true,
        "probability": null,
        "intensity": null,
        "footprint": null,
        "affected_regions": null
      }
    },
    {
      "type": "Feature",
      "geometry": {
        "type": "Point",
        "coordinates": [
          138.69964599609375,
          34.35028330599198
        ]
      },
      "properties": {
        "research_object_id": "F3-38149440f68994fd-000013",
        "source_slot_utc": "2026-09-21T03:30:00Z",
        "observation_valid_time_utc": "2026-09-21T03:30:00Z",
        "observed_centroid_lon_lat": [
          138.69964599609375,
          34.43183254485124
        ],
        "observed_bbox_pixel": [
          671,
          483,
          675,
          485
        ],
        "observed_approx_area_km2": 2.5438079760477628,
        "observed_boundary_truncated": false,
        "observed_geometry_limit": "CENTROID_ONLY_BBOX_IS_PIXEL_SPACE_NOT_GEO_POLYGON",
        "lpz_forecast_generated": false,
        "kind": "RESEARCH_POINT_EXTRAPOLATION",
        "lead_from_as_of_minutes": 30,
        "target_valid_time_utc": "2026-09-21T04:15:00Z",
        "research_only": true,
        "probability": null,
        "intensity": null,
        "footprint": null,
        "affected_regions": null
      }
    },
    {
      "type": "Feature",
      "geometry": {
        "type": "LineString",
        "coordinates": [
          [
            138.69964599609375,
            34.43183254485124
          ],
          [
            138.69964599609375,
            34.35028330599198
          ]
        ]
      },
      "properties": {
        "research_object_id": "F3-38149440f68994fd-000013",
        "source_slot_utc": "2026-09-21T03:30:00Z",
        "observation_valid_time_utc": "2026-09-21T03:30:00Z",
        "observed_centroid_lon_lat": [
          138.69964599609375,
          34.43183254485124
        ],
        "observed_bbox_pixel": [
          671,
          483,
          675,
          485
        ],
        "observed_approx_area_km2": 2.5438079760477628,
        "observed_boundary_truncated": false,
        "observed_geometry_limit": "CENTROID_ONLY_BBOX_IS_PIXEL_SPACE_NOT_GEO_POLYGON",
        "lpz_forecast_generated": false,
        "kind": "RESEARCH_POINT_MOTION_ARROW",
        "lead_from_as_of_minutes": 30,
        "target_valid_time_utc": "2026-09-21T04:15:00Z",
        "research_only": true,
        "probability": null,
        "intensity": null,
        "footprint": null,
        "affected_regions": null
      }
    },
    {
      "type": "Feature",
      "geometry": {
        "type": "Point",
        "coordinates": [
          138.58978271484375,
          34.173180761144984
        ]
      },
      "properties": {
        "research_object_id": "F3-38149440f68994fd-000014",
        "source_slot_utc": "2026-09-21T03:30:00Z",
        "observation_valid_time_utc": "2026-09-21T03:30:00Z",
        "observed_centroid_lon_lat": [
          138.58978271484375,
          34.173180761144984
        ],
        "observed_bbox_pixel": [
          653,
          541,
          654,
          542
        ],
        "observed_approx_area_km2": 1.0238099887830814,
        "observed_boundary_truncated": false,
        "observed_geometry_limit": "CENTROID_ONLY_BBOX_IS_PIXEL_SPACE_NOT_GEO_POLYGON",
        "lpz_forecast_generated": false,
        "kind": "OBSERVED_ORIGIN",
        "lead_from_as_of_minutes": 0
      }
    },
    {
      "type": "Feature",
      "geometry": {
        "type": "Point",
        "coordinates": [
          138.35907603640203,
          34.14591309106816
        ]
      },
      "properties": {
        "research_object_id": "F3-38149440f68994fd-000014",
        "source_slot_utc": "2026-09-21T03:30:00Z",
        "observation_valid_time_utc": "2026-09-21T03:30:00Z",
        "observed_centroid_lon_lat": [
          138.58978271484375,
          34.173180761144984
        ],
        "observed_bbox_pixel": [
          653,
          541,
          654,
          542
        ],
        "observed_approx_area_km2": 1.0238099887830814,
        "observed_boundary_truncated": false,
        "observed_geometry_limit": "CENTROID_ONLY_BBOX_IS_PIXEL_SPACE_NOT_GEO_POLYGON",
        "lpz_forecast_generated": false,
        "kind": "RESEARCH_POINT_EXTRAPOLATION",
        "lead_from_as_of_minutes": 15,
        "target_valid_time_utc": "2026-09-21T04:00:00Z",
        "research_only": true,
        "probability": null,
        "intensity": null,
        "footprint": null,
        "affected_regions": null
      }
    },
    {
      "type": "Feature",
      "geometry": {
        "type": "LineString",
        "coordinates": [
          [
            138.58978271484375,
            34.173180761144984
          ],
          [
            138.35907603640203,
            34.14591309106816
          ]
        ]
      },
      "properties": {
        "research_object_id": "F3-38149440f68994fd-000014",
        "source_slot_utc": "2026-09-21T03:30:00Z",
        "observation_valid_time_utc": "2026-09-21T03:30:00Z",
        "observed_centroid_lon_lat": [
          138.58978271484375,
          34.173180761144984
        ],
        "observed_bbox_pixel": [
          653,
          541,
          654,
          542
        ],
        "observed_approx_area_km2": 1.0238099887830814,
        "observed_boundary_truncated": false,
        "observed_geometry_limit": "CENTROID_ONLY_BBOX_IS_PIXEL_SPACE_NOT_GEO_POLYGON",
        "lpz_forecast_generated": false,
        "kind": "RESEARCH_POINT_MOTION_ARROW",
        "lead_from_as_of_minutes": 15,
        "target_valid_time_utc": "2026-09-21T04:00:00Z",
        "research_only": true,
        "probability": null,
        "intensity": null,
        "footprint": null,
        "affected_regions": null
      }
    },
    {
      "type": "Feature",
      "geometry": {
        "type": "Point",
        "coordinates": [
          138.2437226971811,
          34.13227925602975
        ]
      },
      "properties": {
        "research_object_id": "F3-38149440f68994fd-000014",
        "source_slot_utc": "2026-09-21T03:30:00Z",
        "observation_valid_time_utc": "2026-09-21T03:30:00Z",
        "observed_centroid_lon_lat": [
          138.58978271484375,
          34.173180761144984
        ],
        "observed_bbox_pixel": [
          653,
          541,
          654,
          542
        ],
        "observed_approx_area_km2": 1.0238099887830814,
        "observed_boundary_truncated": false,
        "observed_geometry_limit": "CENTROID_ONLY_BBOX_IS_PIXEL_SPACE_NOT_GEO_POLYGON",
        "lpz_forecast_generated": false,
        "kind": "RESEARCH_POINT_EXTRAPOLATION",
        "lead_from_as_of_minutes": 30,
        "target_valid_time_utc": "2026-09-21T04:15:00Z",
        "research_only": true,
        "probability": null,
        "intensity": null,
        "footprint": null,
        "affected_regions": null
      }
    },
    {
      "type": "Feature",
      "geometry": {
        "type": "LineString",
        "coordinates": [
          [
            138.58978271484375,
            34.173180761144984
          ],
          [
            138.2437226971811,
            34.13227925602975
          ]
        ]
      },
      "properties": {
        "research_object_id": "F3-38149440f68994fd-000014",
        "source_slot_utc": "2026-09-21T03:30:00Z",
        "observation_valid_time_utc": "2026-09-21T03:30:00Z",
        "observed_centroid_lon_lat": [
          138.58978271484375,
          34.173180761144984
        ],
        "observed_bbox_pixel": [
          653,
          541,
          654,
          542
        ],
        "observed_approx_area_km2": 1.0238099887830814,
        "observed_boundary_truncated": false,
        "observed_geometry_limit": "CENTROID_ONLY_BBOX_IS_PIXEL_SPACE_NOT_GEO_POLYGON",
        "lpz_forecast_generated": false,
        "kind": "RESEARCH_POINT_MOTION_ARROW",
        "lead_from_as_of_minutes": 30,
        "target_valid_time_utc": "2026-09-21T04:15:00Z",
        "research_only": true,
        "probability": null,
        "intensity": null,
        "footprint": null,
        "affected_regions": null
      }
    },
    {
      "type": "Feature",
      "geometry": {
        "type": "Point",
        "coordinates": [
          139.21600341796875,
          34.095884929552085
        ]
      },
      "properties": {
        "research_object_id": "F3-38149440f68994fd-000015",
        "source_slot_utc": "2026-09-21T03:30:00Z",
        "observation_valid_time_utc": "2026-09-21T03:30:00Z",
        "observed_centroid_lon_lat": [
          139.21600341796875,
          34.095884929552085
        ],
        "observed_bbox_pixel": [
          767,
          558,
          768,
          558
        ],
        "observed_approx_area_km2": 0.5128422006268808,
        "observed_boundary_truncated": false,
        "observed_geometry_limit": "CENTROID_ONLY_BBOX_IS_PIXEL_SPACE_NOT_GEO_POLYGON",
        "lpz_forecast_generated": false,
        "kind": "OBSERVED_ORIGIN",
        "lead_from_as_of_minutes": 0
      }
    },
    {
      "type": "Feature",
      "geometry": {
        "type": "Point",
        "coordinates": [
          139.3148777140218,
          34.06859230832197
        ]
      },
      "properties": {
        "research_object_id": "F3-38149440f68994fd-000015",
        "source_slot_utc": "2026-09-21T03:30:00Z",
        "observation_valid_time_utc": "2026-09-21T03:30:00Z",
        "observed_centroid_lon_lat": [
          139.21600341796875,
          34.095884929552085
        ],
        "observed_bbox_pixel": [
          767,
          558,
          768,
          558
        ],
        "observed_approx_area_km2": 0.5128422006268808,
        "observed_boundary_truncated": false,
        "observed_geometry_limit": "CENTROID_ONLY_BBOX_IS_PIXEL_SPACE_NOT_GEO_POLYGON",
        "lpz_forecast_generated": false,
        "kind": "RESEARCH_POINT_EXTRAPOLATION",
        "lead_from_as_of_minutes": 15,
        "target_valid_time_utc": "2026-09-21T04:00:00Z",
        "research_only": true,
        "probability": null,
        "intensity": null,
        "footprint": null,
        "affected_regions": null
      }
    },
    {
      "type": "Feature",
      "geometry": {
        "type": "LineString",
        "coordinates": [
          [
            139.21600341796875,
            34.095884929552085
          ],
          [
            139.3148777140218,
            34.06859230832197
          ]
        ]
      },
      "properties": {
        "research_object_id": "F3-38149440f68994fd-000015",
        "source_slot_utc": "2026-09-21T03:30:00Z",
        "observation_valid_time_utc": "2026-09-21T03:30:00Z",
        "observed_centroid_lon_lat": [
          139.21600341796875,
          34.095884929552085
        ],
        "observed_bbox_pixel": [
          767,
          558,
          768,
          558
        ],
        "observed_approx_area_km2": 0.5128422006268808,
        "observed_boundary_truncated": false,
        "observed_geometry_limit": "CENTROID_ONLY_BBOX_IS_PIXEL_SPACE_NOT_GEO_POLYGON",
        "lpz_forecast_generated": false,
        "kind": "RESEARCH_POINT_MOTION_ARROW",
        "lead_from_as_of_minutes": 15,
        "target_valid_time_utc": "2026-09-21T04:00:00Z",
        "research_only": true,
        "probability": null,
        "intensity": null,
        "footprint": null,
        "affected_regions": null
      }
    },
    {
      "type": "Feature",
      "geometry": {
        "type": "Point",
        "coordinates": [
          139.3643148620484,
          34.05494599770691
        ]
      },
      "properties": {
        "research_object_id": "F3-38149440f68994fd-000015",
        "source_slot_utc": "2026-09-21T03:30:00Z",
        "observation_valid_time_utc": "2026-09-21T03:30:00Z",
        "observed_centroid_lon_lat": [
          139.21600341796875,
          34.095884929552085
        ],
        "observed_bbox_pixel": [
          767,
          558,
          768,
          558
        ],
        "observed_approx_area_km2": 0.5128422006268808,
        "observed_boundary_truncated": false,
        "observed_geometry_limit": "CENTROID_ONLY_BBOX_IS_PIXEL_SPACE_NOT_GEO_POLYGON",
        "lpz_forecast_generated": false,
        "kind": "RESEARCH_POINT_EXTRAPOLATION",
        "lead_from_as_of_minutes": 30,
        "target_valid_time_utc": "2026-09-21T04:15:00Z",
        "research_only": true,
        "probability": null,
        "intensity": null,
        "footprint": null,
        "affected_regions": null
      }
    },
    {
      "type": "Feature",
      "geometry": {
        "type": "LineString",
        "coordinates": [
          [
            139.21600341796875,
            34.095884929552085
          ],
          [
            139.3643148620484,
            34.05494599770691
          ]
        ]
      },
      "properties": {
        "research_object_id": "F3-38149440f68994fd-000015",
        "source_slot_utc": "2026-09-21T03:30:00Z",
        "observation_valid_time_utc": "2026-09-21T03:30:00Z",
        "observed_centroid_lon_lat": [
          139.21600341796875,
          34.095884929552085
        ],
        "observed_bbox_pixel": [
          767,
          558,
          768,
          558
        ],
        "observed_approx_area_km2": 0.5128422006268808,
        "observed_boundary_truncated": false,
        "observed_geometry_limit": "CENTROID_ONLY_BBOX_IS_PIXEL_SPACE_NOT_GEO_POLYGON",
        "lpz_forecast_generated": false,
        "kind": "RESEARCH_POINT_MOTION_ARROW",
        "lead_from_as_of_minutes": 30,
        "target_valid_time_utc": "2026-09-21T04:15:00Z",
        "research_only": true,
        "probability": null,
        "intensity": null,
        "footprint": null,
        "affected_regions": null
      }
    },
    {
      "type": "Feature",
      "geometry": {
        "type": "Point",
        "coordinates": [
          140.28167724609375,
          36.54715598643371
        ]
      },
      "properties": {
        "research_object_id": "F3-38149440f68994fd-000017",
        "source_slot_utc": "2026-09-21T03:30:00Z",
        "observation_valid_time_utc": "2026-09-21T03:30:00Z",
        "observed_centroid_lon_lat": [
          140.28167724609375,
          36.54715598643371
        ],
        "observed_bbox_pixel": [
          949,
          0,
          974,
          31
        ],
        "observed_approx_area_km2": 66.12506887783593,
        "observed_boundary_truncated": true,
        "observed_geometry_limit": "CENTROID_ONLY_BBOX_IS_PIXEL_SPACE_NOT_GEO_POLYGON",
        "lpz_forecast_generated": false,
        "kind": "OBSERVED_ORIGIN",
        "lead_from_as_of_minutes": 0
      }
    },
    {
      "type": "Feature",
      "geometry": {
        "type": "Point",
        "coordinates": [
          139.98513952684095,
          36.255987681961585
        ]
      },
      "properties": {
        "research_object_id": "F3-38149440f68994fd-000017",
        "source_slot_utc": "2026-09-21T03:30:00Z",
        "observation_valid_time_utc": "2026-09-21T03:30:00Z",
        "observed_centroid_lon_lat": [
          140.28167724609375,
          36.54715598643371
        ],
        "observed_bbox_pixel": [
          949,
          0,
          974,
          31
        ],
        "observed_approx_area_km2": 66.12506887783593,
        "observed_boundary_truncated": true,
        "observed_geometry_limit": "CENTROID_ONLY_BBOX_IS_PIXEL_SPACE_NOT_GEO_POLYGON",
        "lpz_forecast_generated": false,
        "kind": "RESEARCH_POINT_EXTRAPOLATION",
        "lead_from_as_of_minutes": 15,
        "target_valid_time_utc": "2026-09-21T04:00:00Z",
        "research_only": true,
        "probability": null,
        "intensity": null,
        "footprint": null,
        "affected_regions": null
      }
    },
    {
      "type": "Feature",
      "geometry": {
        "type": "LineString",
        "coordinates": [
          [
            140.28167724609375,
            36.54715598643371
          ],
          [
            139.98513952684095,
            36.255987681961585
          ]
        ]
      },
      "properties": {
        "research_object_id": "F3-38149440f68994fd-000017",
        "source_slot_utc": "2026-09-21T03:30:00Z",
        "observation_valid_time_utc": "2026-09-21T03:30:00Z",
        "observed_centroid_lon_lat": [
          140.28167724609375,
          36.54715598643371
        ],
        "observed_bbox_pixel": [
          949,
          0,
          974,
          31
        ],
        "observed_approx_area_km2": 66.12506887783593,
        "observed_boundary_truncated": true,
        "observed_geometry_limit": "CENTROID_ONLY_BBOX_IS_PIXEL_SPACE_NOT_GEO_POLYGON",
        "lpz_forecast_generated": false,
        "kind": "RESEARCH_POINT_MOTION_ARROW",
        "lead_from_as_of_minutes": 15,
        "target_valid_time_utc": "2026-09-21T04:00:00Z",
        "research_only": true,
        "probability": null,
        "intensity": null,
        "footprint": null,
        "affected_regions": null
      }
    },
    {
      "type": "Feature",
      "geometry": {
        "type": "Point",
        "coordinates": [
          139.8368706672145,
          36.110403529725524
        ]
      },
      "properties": {
        "research_object_id": "F3-38149440f68994fd-000017",
        "source_slot_utc": "2026-09-21T03:30:00Z",
        "observation_valid_time_utc": "2026-09-21T03:30:00Z",
        "observed_centroid_lon_lat": [
          140.28167724609375,
          36.54715598643371
        ],
        "observed_bbox_pixel": [
          949,
          0,
          974,
          31
        ],
        "observed_approx_area_km2": 66.12506887783593,
        "observed_boundary_truncated": true,
        "observed_geometry_limit": "CENTROID_ONLY_BBOX_IS_PIXEL_SPACE_NOT_GEO_POLYGON",
        "lpz_forecast_generated": false,
        "kind": "RESEARCH_POINT_EXTRAPOLATION",
        "lead_from_as_of_minutes": 30,
        "target_valid_time_utc": "2026-09-21T04:15:00Z",
        "research_only": true,
        "probability": null,
        "intensity": null,
        "footprint": null,
        "affected_regions": null
      }
    },
    {
      "type": "Feature",
      "geometry": {
        "type": "LineString",
        "coordinates": [
          [
            140.28167724609375,
            36.54715598643371
          ],
          [
            139.8368706672145,
            36.110403529725524
          ]
        ]
      },
      "properties": {
        "research_object_id": "F3-38149440f68994fd-000017",
        "source_slot_utc": "2026-09-21T03:30:00Z",
        "observation_valid_time_utc": "2026-09-21T03:30:00Z",
        "observed_centroid_lon_lat": [
          140.28167724609375,
          36.54715598643371
        ],
        "observed_bbox_pixel": [
          949,
          0,
          974,
          31
        ],
        "observed_approx_area_km2": 66.12506887783593,
        "observed_boundary_truncated": true,
        "observed_geometry_limit": "CENTROID_ONLY_BBOX_IS_PIXEL_SPACE_NOT_GEO_POLYGON",
        "lpz_forecast_generated": false,
        "kind": "RESEARCH_POINT_MOTION_ARROW",
        "lead_from_as_of_minutes": 30,
        "target_valid_time_utc": "2026-09-21T04:15:00Z",
        "research_only": true,
        "probability": null,
        "intensity": null,
        "footprint": null,
        "affected_regions": null
      }
    },
    {
      "type": "Feature",
      "geometry": {
        "type": "Point",
        "coordinates": [
          139.31488037109375,
          33.32364354794104
        ]
      },
      "properties": {
        "research_object_id": "F3-38149440f68994fd-000020",
        "source_slot_utc": "2026-09-21T03:30:00Z",
        "observation_valid_time_utc": "2026-09-21T03:30:00Z",
        "observed_centroid_lon_lat": [
          139.31488037109375,
          33.32364354794104
        ],
        "observed_bbox_pixel": [
          771,
          719,
          798,
          734
        ],
        "observed_approx_area_km2": 67.0961373674777,
        "observed_boundary_truncated": false,
        "observed_geometry_limit": "CENTROID_ONLY_BBOX_IS_PIXEL_SPACE_NOT_GEO_POLYGON",
        "lpz_forecast_generated": false,
        "kind": "OBSERVED_ORIGIN",
        "lead_from_as_of_minutes": 0
      }
    },
    {
      "type": "Feature",
      "geometry": {
        "type": "Point",
        "coordinates": [
          139.1171004261538,
          33.461361138812784
        ]
      },
      "properties": {
        "research_object_id": "F3-38149440f68994fd-000020",
        "source_slot_utc": "2026-09-21T03:30:00Z",
        "observation_valid_time_utc": "2026-09-21T03:30:00Z",
        "observed_centroid_lon_lat": [
          139.31488037109375,
          33.32364354794104
        ],
        "observed_bbox_pixel": [
          771,
          719,
          798,
          734
        ],
        "observed_approx_area_km2": 67.0961373674777,
        "observed_boundary_truncated": false,
        "observed_geometry_limit": "CENTROID_ONLY_BBOX_IS_PIXEL_SPACE_NOT_GEO_POLYGON",
        "lpz_forecast_generated": false,
        "kind": "RESEARCH_POINT_EXTRAPOLATION",
        "lead_from_as_of_minutes": 15,
        "target_valid_time_utc": "2026-09-21T04:00:00Z",
        "research_only": true,
        "probability": null,
        "intensity": null,
        "footprint": null,
        "affected_regions": null
      }
    },
    {
      "type": "Feature",
      "geometry": {
        "type": "LineString",
        "coordinates": [
          [
            139.31488037109375,
            33.32364354794104
          ],
          [
            139.1171004261538,
            33.461361138812784
          ]
        ]
      },
      "properties": {
        "research_object_id": "F3-38149440f68994fd-000020",
        "source_slot_utc": "2026-09-21T03:30:00Z",
        "observation_valid_time_utc": "2026-09-21T03:30:00Z",
        "observed_centroid_lon_lat": [
          139.31488037109375,
          33.32364354794104
        ],
        "observed_bbox_pixel": [
          771,
          719,
          798,
          734
        ],
        "observed_approx_area_km2": 67.0961373674777,
        "observed_boundary_truncated": false,
        "observed_geometry_limit": "CENTROID_ONLY_BBOX_IS_PIXEL_SPACE_NOT_GEO_POLYGON",
        "lpz_forecast_generated": false,
        "kind": "RESEARCH_POINT_MOTION_ARROW",
        "lead_from_as_of_minutes": 15,
        "target_valid_time_utc": "2026-09-21T04:00:00Z",
        "research_only": true,
        "probability": null,
        "intensity": null,
        "footprint": null,
        "affected_regions": null
      }
    },
    {
      "type": "Feature",
      "geometry": {
        "type": "Point",
        "coordinates": [
          139.01821045368388,
          33.530219934248656
        ]
      },
      "properties": {
        "research_object_id": "F3-38149440f68994fd-000020",
        "source_slot_utc": "2026-09-21T03:30:00Z",
        "observation_valid_time_utc": "2026-09-21T03:30:00Z",
        "observed_centroid_lon_lat": [
          139.31488037109375,
          33.32364354794104
        ],
        "observed_bbox_pixel": [
          771,
          719,
          798,
          734
        ],
        "observed_approx_area_km2": 67.0961373674777,
        "observed_boundary_truncated": false,
        "observed_geometry_limit": "CENTROID_ONLY_BBOX_IS_PIXEL_SPACE_NOT_GEO_POLYGON",
        "lpz_forecast_generated": false,
        "kind": "RESEARCH_POINT_EXTRAPOLATION",
        "lead_from_as_of_minutes": 30,
        "target_valid_time_utc": "2026-09-21T04:15:00Z",
        "research_only": true,
        "probability": null,
        "intensity": null,
        "footprint": null,
        "affected_regions": null
      }
    },
    {
      "type": "Feature",
      "geometry": {
        "type": "LineString",
        "coordinates": [
          [
            139.31488037109375,
            33.32364354794104
          ],
          [
            139.01821045368388,
            33.530219934248656
          ]
        ]
      },
      "properties": {
        "research_object_id": "F3-38149440f68994fd-000020",
        "source_slot_utc": "2026-09-21T03:30:00Z",
        "observation_valid_time_utc": "2026-09-21T03:30:00Z",
        "observed_centroid_lon_lat": [
          139.31488037109375,
          33.32364354794104
        ],
        "observed_bbox_pixel": [
          771,
          719,
          798,
          734
        ],
        "observed_approx_area_km2": 67.0961373674777,
        "observed_boundary_truncated": false,
        "observed_geometry_limit": "CENTROID_ONLY_BBOX_IS_PIXEL_SPACE_NOT_GEO_POLYGON",
        "lpz_forecast_generated": false,
        "kind": "RESEARCH_POINT_MOTION_ARROW",
        "lead_from_as_of_minutes": 30,
        "target_valid_time_utc": "2026-09-21T04:15:00Z",
        "research_only": true,
        "probability": null,
        "intensity": null,
        "footprint": null,
        "affected_regions": null
      }
    },
    {
      "type": "Feature",
      "geometry": {
        "type": "Point",
        "coordinates": [
          138.18878173828125,
          34.35477416538755
        ]
      },
      "properties": {
        "research_object_id": "F3-38149440f68994fd-000025",
        "source_slot_utc": "2026-09-21T03:30:00Z",
        "observation_valid_time_utc": "2026-09-21T03:30:00Z",
        "observed_centroid_lon_lat": [
          138.18878173828125,
          34.35477416538755
        ],
        "observed_bbox_pixel": [
          577,
          491,
          585,
          513
        ],
        "observed_approx_area_km2": 32.62075187157652,
        "observed_boundary_truncated": false,
        "observed_geometry_limit": "CENTROID_ONLY_BBOX_IS_PIXEL_SPACE_NOT_GEO_POLYGON",
        "lpz_forecast_generated": false,
        "kind": "OBSERVED_ORIGIN",
        "lead_from_as_of_minutes": 0
      }
    },
    {
      "type": "Feature",
      "geometry": {
        "type": "Point",
        "coordinates": [
          138.08990745993486,
          34.32756530895149
        ]
      },
      "properties": {
        "research_object_id": "F3-38149440f68994fd-000025",
        "source_slot_utc": "2026-09-21T03:30:00Z",
        "observation_valid_time_utc": "2026-09-21T03:30:00Z",
        "observed_centroid_lon_lat": [
          138.18878173828125,
          34.35477416538755
        ],
        "observed_bbox_pixel": [
          577,
          491,
          585,
          513
        ],
        "observed_approx_area_km2": 32.62075187157652,
        "observed_boundary_truncated": false,
        "observed_geometry_limit": "CENTROID_ONLY_BBOX_IS_PIXEL_SPACE_NOT_GEO_POLYGON",
        "lpz_forecast_generated": false,
        "kind": "RESEARCH_POINT_EXTRAPOLATION",
        "lead_from_as_of_minutes": 15,
        "target_valid_time_utc": "2026-09-21T04:00:00Z",
        "research_only": true,
        "probability": null,
        "intensity": null,
        "footprint": null,
        "affected_regions": null
      }
    },
    {
      "type": "Feature",
      "geometry": {
        "type": "LineString",
        "coordinates": [
          [
            138.18878173828125,
            34.35477416538755
          ],
          [
            138.08990745993486,
            34.32756530895149
          ]
        ]
      },
      "properties": {
        "research_object_id": "F3-38149440f68994fd-000025",
        "source_slot_utc": "2026-09-21T03:30:00Z",
        "observation_valid_time_utc": "2026-09-21T03:30:00Z",
        "observed_centroid_lon_lat": [
          138.18878173828125,
          34.35477416538755
        ],
        "observed_bbox_pixel": [
          577,
          491,
          585,
          513
        ],
        "observed_approx_area_km2": 32.62075187157652,
        "observed_boundary_truncated": false,
        "observed_geometry_limit": "CENTROID_ONLY_BBOX_IS_PIXEL_SPACE_NOT_GEO_POLYGON",
        "lpz_forecast_generated": false,
        "kind": "RESEARCH_POINT_MOTION_ARROW",
        "lead_from_as_of_minutes": 15,
        "target_valid_time_utc": "2026-09-21T04:00:00Z",
        "research_only": true,
        "probability": null,
        "intensity": null,
        "footprint": null,
        "affected_regions": null
      }
    },
    {
      "type": "Feature",
      "geometry": {
        "type": "Point",
        "coordinates": [
          138.0404703207617,
          34.31396088073346
        ]
      },
      "properties": {
        "research_object_id": "F3-38149440f68994fd-000025",
        "source_slot_utc": "2026-09-21T03:30:00Z",
        "observation_valid_time_utc": "2026-09-21T03:30:00Z",
        "observed_centroid_lon_lat": [
          138.18878173828125,
          34.35477416538755
        ],
        "observed_bbox_pixel": [
          577,
          491,
          585,
          513
        ],
        "observed_approx_area_km2": 32.62075187157652,
        "observed_boundary_truncated": false,
        "observed_geometry_limit": "CENTROID_ONLY_BBOX_IS_PIXEL_SPACE_NOT_GEO_POLYGON",
        "lpz_forecast_generated": false,
        "kind": "RESEARCH_POINT_EXTRAPOLATION",
        "lead_from_as_of_minutes": 30,
        "target_valid_time_utc": "2026-09-21T04:15:00Z",
        "research_only": true,
        "probability": null,
        "intensity": null,
        "footprint": null,
        "affected_regions": null
      }
    },
    {
      "type": "Feature",
      "geometry": {
        "type": "LineString",
        "coordinates": [
          [
            138.18878173828125,
            34.35477416538755
          ],
          [
            138.0404703207617,
            34.31396088073346
          ]
        ]
      },
      "properties": {
        "research_object_id": "F3-38149440f68994fd-000025",
        "source_slot_utc": "2026-09-21T03:30:00Z",
        "observation_valid_time_utc": "2026-09-21T03:30:00Z",
        "observed_centroid_lon_lat": [
          138.18878173828125,
          34.35477416538755
        ],
        "observed_bbox_pixel": [
          577,
          491,
          585,
          513
        ],
        "observed_approx_area_km2": 32.62075187157652,
        "observed_boundary_truncated": false,
        "observed_geometry_limit": "CENTROID_ONLY_BBOX_IS_PIXEL_SPACE_NOT_GEO_POLYGON",
        "lpz_forecast_generated": false,
        "kind": "RESEARCH_POINT_MOTION_ARROW",
        "lead_from_as_of_minutes": 30,
        "target_valid_time_utc": "2026-09-21T04:15:00Z",
        "research_only": true,
        "probability": null,
        "intensity": null,
        "footprint": null,
        "affected_regions": null
      }
    },
    {
      "type": "Feature",
      "geometry": {
        "type": "Point",
        "coordinates": [
          138.89190673828125,
          34.960246302573466
        ]
      },
      "properties": {
        "research_object_id": "F3-38149440f68994fd-000027",
        "source_slot_utc": "2026-09-21T03:30:00Z",
        "observation_valid_time_utc": "2026-09-21T03:30:00Z",
        "observed_centroid_lon_lat": [
          138.89190673828125,
          34.960246302573466
        ],
        "observed_bbox_pixel": [
          703,
          364,
          713,
          371
        ],
        "observed_approx_area_km2": 14.818023713861846,
        "observed_boundary_truncated": false,
        "observed_geometry_limit": "CENTROID_ONLY_BBOX_IS_PIXEL_SPACE_NOT_GEO_POLYGON",
        "lpz_forecast_generated": false,
        "kind": "OBSERVED_ORIGIN",
        "lead_from_as_of_minutes": 0
      }
    },
    {
      "type": "Feature",
      "geometry": {
        "type": "Point",
        "coordinates": [
          138.89190673828125,
          34.98725857400879
        ]
      },
      "properties": {
        "research_object_id": "F3-38149440f68994fd-000027",
        "source_slot_utc": "2026-09-21T03:30:00Z",
        "observation_valid_time_utc": "2026-09-21T03:30:00Z",
        "observed_centroid_lon_lat": [
          138.89190673828125,
          34.960246302573466
        ],
        "observed_bbox_pixel": [
          703,
          364,
          713,
          371
        ],
        "observed_approx_area_km2": 14.818023713861846,
        "observed_boundary_truncated": false,
        "observed_geometry_limit": "CENTROID_ONLY_BBOX_IS_PIXEL_SPACE_NOT_GEO_POLYGON",
        "lpz_forecast_generated": false,
        "kind": "RESEARCH_POINT_EXTRAPOLATION",
        "lead_from_as_of_minutes": 15,
        "target_valid_time_utc": "2026-09-21T04:00:00Z",
        "research_only": true,
        "probability": null,
        "intensity": null,
        "footprint": null,
        "affected_regions": null
      }
    },
    {
      "type": "Feature",
      "geometry": {
        "type": "LineString",
        "coordinates": [
          [
            138.89190673828125,
            34.960246302573466
          ],
          [
            138.89190673828125,
            34.98725857400879
          ]
        ]
      },
      "properties": {
        "research_object_id": "F3-38149440f68994fd-000027",
        "source_slot_utc": "2026-09-21T03:30:00Z",
        "observation_valid_time_utc": "2026-09-21T03:30:00Z",
        "observed_centroid_lon_lat": [
          138.89190673828125,
          34.960246302573466
        ],
        "observed_bbox_pixel": [
          703,
          364,
          713,
          371
        ],
        "observed_approx_area_km2": 14.818023713861846,
        "observed_boundary_truncated": false,
        "observed_geometry_limit": "CENTROID_ONLY_BBOX_IS_PIXEL_SPACE_NOT_GEO_POLYGON",
        "lpz_forecast_generated": false,
        "kind": "RESEARCH_POINT_MOTION_ARROW",
        "lead_from_as_of_minutes": 15,
        "target_valid_time_utc": "2026-09-21T04:00:00Z",
        "research_only": true,
        "probability": null,
        "intensity": null,
        "footprint": null,
        "affected_regions": null
      }
    },
    {
      "type": "Feature",
      "geometry": {
        "type": "Point",
        "coordinates": [
          138.89190673828125,
          35.000764709726454
        ]
      },
      "properties": {
        "research_object_id": "F3-38149440f68994fd-000027",
        "source_slot_utc": "2026-09-21T03:30:00Z",
        "observation_valid_time_utc": "2026-09-21T03:30:00Z",
        "observed_centroid_lon_lat": [
          138.89190673828125,
          34.960246302573466
        ],
        "observed_bbox_pixel": [
          703,
          364,
          713,
          371
        ],
        "observed_approx_area_km2": 14.818023713861846,
        "observed_boundary_truncated": false,
        "observed_geometry_limit": "CENTROID_ONLY_BBOX_IS_PIXEL_SPACE_NOT_GEO_POLYGON",
        "lpz_forecast_generated": false,
        "kind": "RESEARCH_POINT_EXTRAPOLATION",
        "lead_from_as_of_minutes": 30,
        "target_valid_time_utc": "2026-09-21T04:15:00Z",
        "research_only": true,
        "probability": null,
        "intensity": null,
        "footprint": null,
        "affected_regions": null
      }
    },
    {
      "type": "Feature",
      "geometry": {
        "type": "LineString",
        "coordinates": [
          [
            138.89190673828125,
            34.960246302573466
          ],
          [
            138.89190673828125,
            35.000764709726454
          ]
        ]
      },
      "properties": {
        "research_object_id": "F3-38149440f68994fd-000027",
        "source_slot_utc": "2026-09-21T03:30:00Z",
        "observation_valid_time_utc": "2026-09-21T03:30:00Z",
        "observed_centroid_lon_lat": [
          138.89190673828125,
          34.960246302573466
        ],
        "observed_bbox_pixel": [
          703,
          364,
          713,
          371
        ],
        "observed_approx_area_km2": 14.818023713861846,
        "observed_boundary_truncated": false,
        "observed_geometry_limit": "CENTROID_ONLY_BBOX_IS_PIXEL_SPACE_NOT_GEO_POLYGON",
        "lpz_forecast_generated": false,
        "kind": "RESEARCH_POINT_MOTION_ARROW",
        "lead_from_as_of_minutes": 30,
        "target_valid_time_utc": "2026-09-21T04:15:00Z",
        "research_only": true,
        "probability": null,
        "intensity": null,
        "footprint": null,
        "affected_regions": null
      }
    },
    {
      "type": "Feature",
      "geometry": {
        "type": "Point",
        "coordinates": [
          140.26519775390625,
          34.99175369350488
        ]
      },
      "properties": {
        "research_object_id": "F3-38149440f68994fd-000030",
        "source_slot_utc": "2026-09-21T03:30:00Z",
        "observation_valid_time_utc": "2026-09-21T03:30:00Z",
        "observed_centroid_lon_lat": [
          140.26519775390625,
          34.99175369350488
        ],
        "observed_bbox_pixel": [
          957,
          360,
          960,
          362
        ],
        "observed_approx_area_km2": 2.258638005196458,
        "observed_boundary_truncated": false,
        "observed_geometry_limit": "CENTROID_ONLY_BBOX_IS_PIXEL_SPACE_NOT_GEO_POLYGON",
        "lpz_forecast_generated": false,
        "kind": "OBSERVED_ORIGIN",
        "lead_from_as_of_minutes": 0
      }
    },
    {
      "type": "Feature",
      "geometry": {
        "type": "Point",
        "coordinates": [
          140.29816217448263,
          35.15378725157539
        ]
      },
      "properties": {
        "research_object_id": "F3-38149440f68994fd-000030",
        "source_slot_utc": "2026-09-21T03:30:00Z",
        "observation_valid_time_utc": "2026-09-21T03:30:00Z",
        "observed_centroid_lon_lat": [
          140.26519775390625,
          34.99175369350488
        ],
        "observed_bbox_pixel": [
          957,
          360,
          960,
          362
        ],
        "observed_approx_area_km2": 2.258638005196458,
        "observed_boundary_truncated": false,
        "observed_geometry_limit": "CENTROID_ONLY_BBOX_IS_PIXEL_SPACE_NOT_GEO_POLYGON",
        "lpz_forecast_generated": false,
        "kind": "RESEARCH_POINT_EXTRAPOLATION",
        "lead_from_as_of_minutes": 15,
        "target_valid_time_utc": "2026-09-21T04:00:00Z",
        "research_only": true,
        "probability": null,
        "intensity": null,
        "footprint": null,
        "affected_regions": null
      }
    },
    {
      "type": "Feature",
      "geometry": {
        "type": "LineString",
        "coordinates": [
          [
            140.26519775390625,
            34.99175369350488
          ],
          [
            140.29816217448263,
            35.15378725157539
          ]
        ]
      },
      "properties": {
        "research_object_id": "F3-38149440f68994fd-000030",
        "source_slot_utc": "2026-09-21T03:30:00Z",
        "observation_valid_time_utc": "2026-09-21T03:30:00Z",
        "observed_centroid_lon_lat": [
          140.26519775390625,
          34.99175369350488
        ],
        "observed_bbox_pixel": [
          957,
          360,
          960,
          362
        ],
        "observed_approx_area_km2": 2.258638005196458,
        "observed_boundary_truncated": false,
        "observed_geometry_limit": "CENTROID_ONLY_BBOX_IS_PIXEL_SPACE_NOT_GEO_POLYGON",
        "lpz_forecast_generated": false,
        "kind": "RESEARCH_POINT_MOTION_ARROW",
        "lead_from_as_of_minutes": 15,
        "target_valid_time_utc": "2026-09-21T04:00:00Z",
        "research_only": true,
        "probability": null,
        "intensity": null,
        "footprint": null,
        "affected_regions": null
      }
    },
    {
      "type": "Feature",
      "geometry": {
        "type": "Point",
        "coordinates": [
          140.31464438477076,
          35.23480403061064
        ]
      },
      "properties": {
        "research_object_id": "F3-38149440f68994fd-000030",
        "source_slot_utc": "2026-09-21T03:30:00Z",
        "observation_valid_time_utc": "2026-09-21T03:30:00Z",
        "observed_centroid_lon_lat": [
          140.26519775390625,
          34.99175369350488
        ],
        "observed_bbox_pixel": [
          957,
          360,
          960,
          362
        ],
        "observed_approx_area_km2": 2.258638005196458,
        "observed_boundary_truncated": false,
        "observed_geometry_limit": "CENTROID_ONLY_BBOX_IS_PIXEL_SPACE_NOT_GEO_POLYGON",
        "lpz_forecast_generated": false,
        "kind": "RESEARCH_POINT_EXTRAPOLATION",
        "lead_from_as_of_minutes": 30,
        "target_valid_time_utc": "2026-09-21T04:15:00Z",
        "research_only": true,
        "probability": null,
        "intensity": null,
        "footprint": null,
        "affected_regions": null
      }
    },
    {
      "type": "Feature",
      "geometry": {
        "type": "LineString",
        "coordinates": [
          [
            140.26519775390625,
            34.99175369350488
          ],
          [
            140.31464438477076,
            35.23480403061064
          ]
        ]
      },
      "properties": {
        "research_object_id": "F3-38149440f68994fd-000030",
        "source_slot_utc": "2026-09-21T03:30:00Z",
        "observation_valid_time_utc": "2026-09-21T03:30:00Z",
        "observed_centroid_lon_lat": [
          140.26519775390625,
          34.99175369350488
        ],
        "observed_bbox_pixel": [
          957,
          360,
          960,
          362
        ],
        "observed_approx_area_km2": 2.258638005196458,
        "observed_boundary_truncated": false,
        "observed_geometry_limit": "CENTROID_ONLY_BBOX_IS_PIXEL_SPACE_NOT_GEO_POLYGON",
        "lpz_forecast_generated": false,
        "kind": "RESEARCH_POINT_MOTION_ARROW",
        "lead_from_as_of_minutes": 30,
        "target_valid_time_utc": "2026-09-21T04:15:00Z",
        "research_only": true,
        "probability": null,
        "intensity": null,
        "footprint": null,
        "affected_regions": null
      }
    },
    {
      "type": "Feature",
      "geometry": {
        "type": "Point",
        "coordinates": [
          138.65570068359375,
          34.68516948942845
        ]
      },
      "properties": {
        "research_object_id": "F3-38149440f68994fd-000032",
        "source_slot_utc": "2026-09-21T03:30:00Z",
        "observation_valid_time_utc": "2026-09-21T03:30:00Z",
        "observed_centroid_lon_lat": [
          138.65570068359375,
          34.68516948942845
        ],
        "observed_bbox_pixel": [
          659,
          421,
          671,
          435
        ],
        "observed_approx_area_km2": 16.687180322177944,
        "observed_boundary_truncated": false,
        "observed_geometry_limit": "CENTROID_ONLY_BBOX_IS_PIXEL_SPACE_NOT_GEO_POLYGON",
        "lpz_forecast_generated": false,
        "kind": "OBSERVED_ORIGIN",
        "lead_from_as_of_minutes": 0
      }
    },
    {
      "type": "Feature",
      "geometry": {
        "type": "Point",
        "coordinates": [
          138.5568210331786,
          34.712272117034495
        ]
      },
      "properties": {
        "research_object_id": "F3-38149440f68994fd-000032",
        "source_slot_utc": "2026-09-21T03:30:00Z",
        "observation_valid_time_utc": "2026-09-21T03:30:00Z",
        "observed_centroid_lon_lat": [
          138.65570068359375,
          34.68516948942845
        ],
        "observed_bbox_pixel": [
          659,
          421,
          671,
          435
        ],
        "observed_approx_area_km2": 16.687180322177944,
        "observed_boundary_truncated": false,
        "observed_geometry_limit": "CENTROID_ONLY_BBOX_IS_PIXEL_SPACE_NOT_GEO_POLYGON",
        "lpz_forecast_generated": false,
        "kind": "RESEARCH_POINT_EXTRAPOLATION",
        "lead_from_as_of_minutes": 15,
        "target_valid_time_utc": "2026-09-21T04:00:00Z",
        "research_only": true,
        "probability": null,
        "intensity": null,
        "footprint": null,
        "affected_regions": null
      }
    },
    {
      "type": "Feature",
      "geometry": {
        "type": "LineString",
        "coordinates": [
          [
            138.65570068359375,
            34.68516948942845
          ],
          [
            138.5568210331786,
            34.712272117034495
          ]
        ]
      },
      "properties": {
        "research_object_id": "F3-38149440f68994fd-000032",
        "source_slot_utc": "2026-09-21T03:30:00Z",
        "observation_valid_time_utc": "2026-09-21T03:30:00Z",
        "observed_centroid_lon_lat": [
          138.65570068359375,
          34.68516948942845
        ],
        "observed_bbox_pixel": [
          659,
          421,
          671,
          435
        ],
        "observed_approx_area_km2": 16.687180322177944,
        "observed_boundary_truncated": false,
        "observed_geometry_limit": "CENTROID_ONLY_BBOX_IS_PIXEL_SPACE_NOT_GEO_POLYGON",
        "lpz_forecast_generated": false,
        "kind": "RESEARCH_POINT_MOTION_ARROW",
        "lead_from_as_of_minutes": 15,
        "target_valid_time_utc": "2026-09-21T04:00:00Z",
        "research_only": true,
        "probability": null,
        "intensity": null,
        "footprint": null,
        "affected_regions": null
      }
    },
    {
      "type": "Feature",
      "geometry": {
        "type": "Point",
        "coordinates": [
          138.50738120797098,
          34.725823430837515
        ]
      },
      "properties": {
        "research_object_id": "F3-38149440f68994fd-000032",
        "source_slot_utc": "2026-09-21T03:30:00Z",
        "observation_valid_time_utc": "2026-09-21T03:30:00Z",
        "observed_centroid_lon_lat": [
          138.65570068359375,
          34.68516948942845
        ],
        "observed_bbox_pixel": [
          659,
          421,
          671,
          435
        ],
        "observed_approx_area_km2": 16.687180322177944,
        "observed_boundary_truncated": false,
        "observed_geometry_limit": "CENTROID_ONLY_BBOX_IS_PIXEL_SPACE_NOT_GEO_POLYGON",
        "lpz_forecast_generated": false,
        "kind": "RESEARCH_POINT_EXTRAPOLATION",
        "lead_from_as_of_minutes": 30,
        "target_valid_time_utc": "2026-09-21T04:15:00Z",
        "research_only": true,
        "probability": null,
        "intensity": null,
        "footprint": null,
        "affected_regions": null
      }
    },
    {
      "type": "Feature",
      "geometry": {
        "type": "LineString",
        "coordinates": [
          [
            138.65570068359375,
            34.68516948942845
          ],
          [
            138.50738120797098,
            34.725823430837515
          ]
        ]
      },
      "properties": {
        "research_object_id": "F3-38149440f68994fd-000032",
        "source_slot_utc": "2026-09-21T03:30:00Z",
        "observation_valid_time_utc": "2026-09-21T03:30:00Z",
        "observed_centroid_lon_lat": [
          138.65570068359375,
          34.68516948942845
        ],
        "observed_bbox_pixel": [
          659,
          421,
          671,
          435
        ],
        "observed_approx_area_km2": 16.687180322177944,
        "observed_boundary_truncated": false,
        "observed_geometry_limit": "CENTROID_ONLY_BBOX_IS_PIXEL_SPACE_NOT_GEO_POLYGON",
        "lpz_forecast_generated": false,
        "kind": "RESEARCH_POINT_MOTION_ARROW",
        "lead_from_as_of_minutes": 30,
        "target_valid_time_utc": "2026-09-21T04:15:00Z",
        "research_only": true,
        "probability": null,
        "intensity": null,
        "footprint": null,
        "affected_regions": null
      }
    },
    {
      "type": "Feature",
      "geometry": {
        "type": "Point",
        "coordinates": [
          138.16131591796875,
          34.268566186749894
        ]
      },
      "properties": {
        "research_object_id": "F3-38149440f68994fd-000036",
        "source_slot_utc": "2026-09-21T03:30:00Z",
        "observation_valid_time_utc": "2026-09-21T03:30:00Z",
        "observed_centroid_lon_lat": [
          138.16131591796875,
          34.268566186749894
        ],
        "observed_bbox_pixel": [
          573,
          517,
          580,
          526
        ],
        "observed_approx_area_km2": 13.024050267601936,
        "observed_boundary_truncated": false,
        "observed_geometry_limit": "CENTROID_ONLY_BBOX_IS_PIXEL_SPACE_NOT_GEO_POLYGON",
        "lpz_forecast_generated": false,
        "kind": "OBSERVED_ORIGIN",
        "lead_from_as_of_minutes": 0
      }
    },
    {
      "type": "Feature",
      "geometry": {
        "type": "Point",
        "coordinates": [
          137.9635726872948,
          34.21409403484631
        ]
      },
      "properties": {
        "research_object_id": "F3-38149440f68994fd-000036",
        "source_slot_utc": "2026-09-21T03:30:00Z",
        "observation_valid_time_utc": "2026-09-21T03:30:00Z",
        "observed_centroid_lon_lat": [
          138.16131591796875,
          34.268566186749894
        ],
        "observed_bbox_pixel": [
          573,
          517,
          580,
          526
        ],
        "observed_approx_area_km2": 13.024050267601936,
        "observed_boundary_truncated": false,
        "observed_geometry_limit": "CENTROID_ONLY_BBOX_IS_PIXEL_SPACE_NOT_GEO_POLYGON",
        "lpz_forecast_generated": false,
        "kind": "RESEARCH_POINT_EXTRAPOLATION",
        "lead_from_as_of_minutes": 15,
        "target_valid_time_utc": "2026-09-21T04:00:00Z",
        "research_only": true,
        "probability": null,
        "intensity": null,
        "footprint": null,
        "affected_regions": null
      }
    },
    {
      "type": "Feature",
      "geometry": {
        "type": "LineString",
        "coordinates": [
          [
            138.16131591796875,
            34.268566186749894
          ],
          [
            137.9635726872948,
            34.21409403484631
          ]
        ]
      },
      "properties": {
        "research_object_id": "F3-38149440f68994fd-000036",
        "source_slot_utc": "2026-09-21T03:30:00Z",
        "observation_valid_time_utc": "2026-09-21T03:30:00Z",
        "observed_centroid_lon_lat": [
          138.16131591796875,
          34.268566186749894
        ],
        "observed_bbox_pixel": [
          573,
          517,
          580,
          526
        ],
        "observed_approx_area_km2": 13.024050267601936,
        "observed_boundary_truncated": false,
        "observed_geometry_limit": "CENTROID_ONLY_BBOX_IS_PIXEL_SPACE_NOT_GEO_POLYGON",
        "lpz_forecast_generated": false,
        "kind": "RESEARCH_POINT_MOTION_ARROW",
        "lead_from_as_of_minutes": 15,
        "target_valid_time_utc": "2026-09-21T04:00:00Z",
        "research_only": true,
        "probability": null,
        "intensity": null,
        "footprint": null,
        "affected_regions": null
      }
    },
    {
      "type": "Feature",
      "geometry": {
        "type": "Point",
        "coordinates": [
          137.86470107195782,
          34.18685795889452
        ]
      },
      "properties": {
        "research_object_id": "F3-38149440f68994fd-000036",
        "source_slot_utc": "2026-09-21T03:30:00Z",
        "observation_valid_time_utc": "2026-09-21T03:30:00Z",
        "observed_centroid_lon_lat": [
          138.16131591796875,
          34.268566186749894
        ],
        "observed_bbox_pixel": [
          573,
          517,
          580,
          526
        ],
        "observed_approx_area_km2": 13.024050267601936,
        "observed_boundary_truncated": false,
        "observed_geometry_limit": "CENTROID_ONLY_BBOX_IS_PIXEL_SPACE_NOT_GEO_POLYGON",
        "lpz_forecast_generated": false,
        "kind": "RESEARCH_POINT_EXTRAPOLATION",
        "lead_from_as_of_minutes": 30,
        "target_valid_time_utc": "2026-09-21T04:15:00Z",
        "research_only": true,
        "probability": null,
        "intensity": null,
        "footprint": null,
        "affected_regions": null
      }
    },
    {
      "type": "Feature",
      "geometry": {
        "type": "LineString",
        "coordinates": [
          [
            138.16131591796875,
            34.268566186749894
          ],
          [
            137.86470107195782,
            34.18685795889452
          ]
        ]
      },
      "properties": {
        "research_object_id": "F3-38149440f68994fd-000036",
        "source_slot_utc": "2026-09-21T03:30:00Z",
        "observation_valid_time_utc": "2026-09-21T03:30:00Z",
        "observed_centroid_lon_lat": [
          138.16131591796875,
          34.268566186749894
        ],
        "observed_bbox_pixel": [
          573,
          517,
          580,
          526
        ],
        "observed_approx_area_km2": 13.024050267601936,
        "observed_boundary_truncated": false,
        "observed_geometry_limit": "CENTROID_ONLY_BBOX_IS_PIXEL_SPACE_NOT_GEO_POLYGON",
        "lpz_forecast_generated": false,
        "kind": "RESEARCH_POINT_MOTION_ARROW",
        "lead_from_as_of_minutes": 30,
        "target_valid_time_utc": "2026-09-21T04:15:00Z",
        "research_only": true,
        "probability": null,
        "intensity": null,
        "footprint": null,
        "affected_regions": null
      }
    },
    {
      "type": "Feature",
      "geometry": {
        "type": "Point",
        "coordinates": [
          139.18304443359375,
          33.781430223803554
        ]
      },
      "properties": {
        "research_object_id": "F3-38149440f68994fd-000039",
        "source_slot_utc": "2026-09-21T03:30:00Z",
        "observation_valid_time_utc": "2026-09-21T03:30:00Z",
        "observed_centroid_lon_lat": [
          139.18304443359375,
          33.781430223803554
        ],
        "observed_bbox_pixel": [
          757,
          625,
          765,
          630
        ],
        "observed_approx_area_km2": 9.557922200329047,
        "observed_boundary_truncated": false,
        "observed_geometry_limit": "CENTROID_ONLY_BBOX_IS_PIXEL_SPACE_NOT_GEO_POLYGON",
        "lpz_forecast_generated": false,
        "kind": "OBSERVED_ORIGIN",
        "lead_from_as_of_minutes": 0
      }
    },
    {
      "type": "Feature",
      "geometry": {
        "type": "Point",
        "coordinates": [
          139.18304443359375,
          33.726644454382054
        ]
      },
      "properties": {
        "research_object_id": "F3-38149440f68994fd-000039",
        "source_slot_utc": "2026-09-21T03:30:00Z",
        "observation_valid_time_utc": "2026-09-21T03:30:00Z",
        "observed_centroid_lon_lat": [
          139.18304443359375,
          33.781430223803554
        ],
        "observed_bbox_pixel": [
          757,
          625,
          765,
          630
        ],
        "observed_approx_area_km2": 9.557922200329047,
        "observed_boundary_truncated": false,
        "observed_geometry_limit": "CENTROID_ONLY_BBOX_IS_PIXEL_SPACE_NOT_GEO_POLYGON",
        "lpz_forecast_generated": false,
        "kind": "RESEARCH_POINT_EXTRAPOLATION",
        "lead_from_as_of_minutes": 15,
        "target_valid_time_utc": "2026-09-21T04:00:00Z",
        "research_only": true,
        "probability": null,
        "intensity": null,
        "footprint": null,
        "affected_regions": null
      }
    },
    {
      "type": "Feature",
      "geometry": {
        "type": "LineString",
        "coordinates": [
          [
            139.18304443359375,
            33.781430223803554
          ],
          [
            139.18304443359375,
            33.726644454382054
          ]
        ]
      },
      "properties": {
        "research_object_id": "F3-38149440f68994fd-000039",
        "source_slot_utc": "2026-09-21T03:30:00Z",
        "observation_valid_time_utc": "2026-09-21T03:30:00Z",
        "observed_centroid_lon_lat": [
          139.18304443359375,
          33.781430223803554
        ],
        "observed_bbox_pixel": [
          757,
          625,
          765,
          630
        ],
        "observed_approx_area_km2": 9.557922200329047,
        "observed_boundary_truncated": false,
        "observed_geometry_limit": "CENTROID_ONLY_BBOX_IS_PIXEL_SPACE_NOT_GEO_POLYGON",
        "lpz_forecast_generated": false,
        "kind": "RESEARCH_POINT_MOTION_ARROW",
        "lead_from_as_of_minutes": 15,
        "target_valid_time_utc": "2026-09-21T04:00:00Z",
        "research_only": true,
        "probability": null,
        "intensity": null,
        "footprint": null,
        "affected_regions": null
      }
    },
    {
      "type": "Feature",
      "geometry": {
        "type": "Point",
        "coordinates": [
          139.18304443359375,
          33.699251569671304
        ]
      },
      "properties": {
        "research_object_id": "F3-38149440f68994fd-000039",
        "source_slot_utc": "2026-09-21T03:30:00Z",
        "observation_valid_time_utc": "2026-09-21T03:30:00Z",
        "observed_centroid_lon_lat": [
          139.18304443359375,
          33.781430223803554
        ],
        "observed_bbox_pixel": [
          757,
          625,
          765,
          630
        ],
        "observed_approx_area_km2": 9.557922200329047,
        "observed_boundary_truncated": false,
        "observed_geometry_limit": "CENTROID_ONLY_BBOX_IS_PIXEL_SPACE_NOT_GEO_POLYGON",
        "lpz_forecast_generated": false,
        "kind": "RESEARCH_POINT_EXTRAPOLATION",
        "lead_from_as_of_minutes": 30,
        "target_valid_time_utc": "2026-09-21T04:15:00Z",
        "research_only": true,
        "probability": null,
        "intensity": null,
        "footprint": null,
        "affected_regions": null
      }
    },
    {
      "type": "Feature",
      "geometry": {
        "type": "LineString",
        "coordinates": [
          [
            139.18304443359375,
            33.781430223803554
          ],
          [
            139.18304443359375,
            33.699251569671304
          ]
        ]
      },
      "properties": {
        "research_object_id": "F3-38149440f68994fd-000039",
        "source_slot_utc": "2026-09-21T03:30:00Z",
        "observation_valid_time_utc": "2026-09-21T03:30:00Z",
        "observed_centroid_lon_lat": [
          139.18304443359375,
          33.781430223803554
        ],
        "observed_bbox_pixel": [
          757,
          625,
          765,
          630
        ],
        "observed_approx_area_km2": 9.557922200329047,
        "observed_boundary_truncated": false,
        "observed_geometry_limit": "CENTROID_ONLY_BBOX_IS_PIXEL_SPACE_NOT_GEO_POLYGON",
        "lpz_forecast_generated": false,
        "kind": "RESEARCH_POINT_MOTION_ARROW",
        "lead_from_as_of_minutes": 30,
        "target_valid_time_utc": "2026-09-21T04:15:00Z",
        "research_only": true,
        "probability": null,
        "intensity": null,
        "footprint": null,
        "affected_regions": null
      }
    },
    {
      "type": "Feature",
      "geometry": {
        "type": "Point",
        "coordinates": [
          140.21575927734375,
          35.00975247399123
        ]
      },
      "properties": {
        "research_object_id": "F3-38149440f68994fd-000041",
        "source_slot_utc": "2026-09-21T03:30:00Z",
        "observation_valid_time_utc": "2026-09-21T03:30:00Z",
        "observed_centroid_lon_lat": [
          140.21575927734375,
          35.00975247399123
        ],
        "observed_bbox_pixel": [
          948,
          354,
          951,
          359
        ],
        "observed_approx_area_km2": 5.267837324973998,
        "observed_boundary_truncated": false,
        "observed_geometry_limit": "CENTROID_ONLY_BBOX_IS_PIXEL_SPACE_NOT_GEO_POLYGON",
        "lpz_forecast_generated": false,
        "kind": "OBSERVED_ORIGIN",
        "lead_from_as_of_minutes": 0
      }
    },
    {
      "type": "Feature",
      "geometry": {
        "type": "Point",
        "coordinates": [
          140.14983405706323,
          35.117745156909294
        ]
      },
      "properties": {
        "research_object_id": "F3-38149440f68994fd-000041",
        "source_slot_utc": "2026-09-21T03:30:00Z",
        "observation_valid_time_utc": "2026-09-21T03:30:00Z",
        "observed_centroid_lon_lat": [
          140.21575927734375,
          35.00975247399123
        ],
        "observed_bbox_pixel": [
          948,
          354,
          951,
          359
        ],
        "observed_approx_area_km2": 5.267837324973998,
        "observed_boundary_truncated": false,
        "observed_geometry_limit": "CENTROID_ONLY_BBOX_IS_PIXEL_SPACE_NOT_GEO_POLYGON",
        "lpz_forecast_generated": false,
        "kind": "RESEARCH_POINT_EXTRAPOLATION",
        "lead_from_as_of_minutes": 15,
        "target_valid_time_utc": "2026-09-21T04:00:00Z",
        "research_only": true,
        "probability": null,
        "intensity": null,
        "footprint": null,
        "affected_regions": null
      }
    },
    {
      "type": "Feature",
      "geometry": {
        "type": "LineString",
        "coordinates": [
          [
            140.21575927734375,
            35.00975247399123
          ],
          [
            140.14983405706323,
            35.117745156909294
          ]
        ]
      },
      "properties": {
        "research_object_id": "F3-38149440f68994fd-000041",
        "source_slot_utc": "2026-09-21T03:30:00Z",
        "observation_valid_time_utc": "2026-09-21T03:30:00Z",
        "observed_centroid_lon_lat": [
          140.21575927734375,
          35.00975247399123
        ],
        "observed_bbox_pixel": [
          948,
          354,
          951,
          359
        ],
        "observed_approx_area_km2": 5.267837324973998,
        "observed_boundary_truncated": false,
        "observed_geometry_limit": "CENTROID_ONLY_BBOX_IS_PIXEL_SPACE_NOT_GEO_POLYGON",
        "lpz_forecast_generated": false,
        "kind": "RESEARCH_POINT_MOTION_ARROW",
        "lead_from_as_of_minutes": 15,
        "target_valid_time_utc": "2026-09-21T04:00:00Z",
        "research_only": true,
        "probability": null,
        "intensity": null,
        "footprint": null,
        "affected_regions": null
      }
    },
    {
      "type": "Feature",
      "geometry": {
        "type": "Point",
        "coordinates": [
          140.11687144692303,
          35.17174149836833
        ]
      },
      "properties": {
        "research_object_id": "F3-38149440f68994fd-000041",
        "source_slot_utc": "2026-09-21T03:30:00Z",
        "observation_valid_time_utc": "2026-09-21T03:30:00Z",
        "observed_centroid_lon_lat": [
          140.21575927734375,
          35.00975247399123
        ],
        "observed_bbox_pixel": [
          948,
          354,
          951,
          359
        ],
        "observed_approx_area_km2": 5.267837324973998,
        "observed_boundary_truncated": false,
        "observed_geometry_limit": "CENTROID_ONLY_BBOX_IS_PIXEL_SPACE_NOT_GEO_POLYGON",
        "lpz_forecast_generated": false,
        "kind": "RESEARCH_POINT_EXTRAPOLATION",
        "lead_from_as_of_minutes": 30,
        "target_valid_time_utc": "2026-09-21T04:15:00Z",
        "research_only": true,
        "probability": null,
        "intensity": null,
        "footprint": null,
        "affected_regions": null
      }
    },
    {
      "type": "Feature",
      "geometry": {
        "type": "LineString",
        "coordinates": [
          [
            140.21575927734375,
            35.00975247399123
          ],
          [
            140.11687144692303,
            35.17174149836833
          ]
        ]
      },
      "properties": {
        "research_object_id": "F3-38149440f68994fd-000041",
        "source_slot_utc": "2026-09-21T03:30:00Z",
        "observation_valid_time_utc": "2026-09-21T03:30:00Z",
        "observed_centroid_lon_lat": [
          140.21575927734375,
          35.00975247399123
        ],
        "observed_bbox_pixel": [
          948,
          354,
          951,
          359
        ],
        "observed_approx_area_km2": 5.267837324973998,
        "observed_boundary_truncated": false,
        "observed_geometry_limit": "CENTROID_ONLY_BBOX_IS_PIXEL_SPACE_NOT_GEO_POLYGON",
        "lpz_forecast_generated": false,
        "kind": "RESEARCH_POINT_MOTION_ARROW",
        "lead_from_as_of_minutes": 30,
        "target_valid_time_utc": "2026-09-21T04:15:00Z",
        "research_only": true,
        "probability": null,
        "intensity": null,
        "footprint": null,
        "affected_regions": null
      }
    },
    {
      "type": "Feature",
      "geometry": {
        "type": "Point",
        "coordinates": [
          140.30364990234375,
          36.51184370986245
        ]
      },
      "properties": {
        "research_object_id": "F3-38149440f68994fd-000042",
        "source_slot_utc": "2026-09-21T03:30:00Z",
        "observation_valid_time_utc": "2026-09-21T03:30:00Z",
        "observed_centroid_lon_lat": [
          140.30364990234375,
          36.51184370986245
        ],
        "observed_bbox_pixel": [
          963,
          16,
          969,
          23
        ],
        "observed_approx_area_km2": 6.52192627288811,
        "observed_boundary_truncated": false,
        "observed_geometry_limit": "CENTROID_ONLY_BBOX_IS_PIXEL_SPACE_NOT_GEO_POLYGON",
        "lpz_forecast_generated": false,
        "kind": "OBSERVED_ORIGIN",
        "lead_from_as_of_minutes": 0
      }
    },
    {
      "type": "Feature",
      "geometry": {
        "type": "Point",
        "coordinates": [
          140.27069091796875,
          36.51184370986245
        ]
      },
      "properties": {
        "research_object_id": "F3-38149440f68994fd-000042",
        "source_slot_utc": "2026-09-21T03:30:00Z",
        "observation_valid_time_utc": "2026-09-21T03:30:00Z",
        "observed_centroid_lon_lat": [
          140.30364990234375,
          36.51184370986245
        ],
        "observed_bbox_pixel": [
          963,
          16,
          969,
          23
        ],
        "observed_approx_area_km2": 6.52192627288811,
        "observed_boundary_truncated": false,
        "observed_geometry_limit": "CENTROID_ONLY_BBOX_IS_PIXEL_SPACE_NOT_GEO_POLYGON",
        "lpz_forecast_generated": false,
        "kind": "RESEARCH_POINT_EXTRAPOLATION",
        "lead_from_as_of_minutes": 15,
        "target_valid_time_utc": "2026-09-21T04:00:00Z",
        "research_only": true,
        "probability": null,
        "intensity": null,
        "footprint": null,
        "affected_regions": null
      }
    },
    {
      "type": "Feature",
      "geometry": {
        "type": "LineString",
        "coordinates": [
          [
            140.30364990234375,
            36.51184370986245
          ],
          [
            140.27069091796875,
            36.51184370986245
          ]
        ]
      },
      "properties": {
        "research_object_id": "F3-38149440f68994fd-000042",
        "source_slot_utc": "2026-09-21T03:30:00Z",
        "observation_valid_time_utc": "2026-09-21T03:30:00Z",
        "observed_centroid_lon_lat": [
          140.30364990234375,
          36.51184370986245
        ],
        "observed_bbox_pixel": [
          963,
          16,
          969,
          23
        ],
        "observed_approx_area_km2": 6.52192627288811,
        "observed_boundary_truncated": false,
        "observed_geometry_limit": "CENTROID_ONLY_BBOX_IS_PIXEL_SPACE_NOT_GEO_POLYGON",
        "lpz_forecast_generated": false,
        "kind": "RESEARCH_POINT_MOTION_ARROW",
        "lead_from_as_of_minutes": 15,
        "target_valid_time_utc": "2026-09-21T04:00:00Z",
        "research_only": true,
        "probability": null,
        "intensity": null,
        "footprint": null,
        "affected_regions": null
      }
    },
    {
      "type": "Feature",
      "geometry": {
        "type": "Point",
        "coordinates": [
          140.25421142578125,
          36.51184370986245
        ]
      },
      "properties": {
        "research_object_id": "F3-38149440f68994fd-000042",
        "source_slot_utc": "2026-09-21T03:30:00Z",
        "observation_valid_time_utc": "2026-09-21T03:30:00Z",
        "observed_centroid_lon_lat": [
          140.30364990234375,
          36.51184370986245
        ],
        "observed_bbox_pixel": [
          963,
          16,
          969,
          23
        ],
        "observed_approx_area_km2": 6.52192627288811,
        "observed_boundary_truncated": false,
        "observed_geometry_limit": "CENTROID_ONLY_BBOX_IS_PIXEL_SPACE_NOT_GEO_POLYGON",
        "lpz_forecast_generated": false,
        "kind": "RESEARCH_POINT_EXTRAPOLATION",
        "lead_from_as_of_minutes": 30,
        "target_valid_time_utc": "2026-09-21T04:15:00Z",
        "research_only": true,
        "probability": null,
        "intensity": null,
        "footprint": null,
        "affected_regions": null
      }
    },
    {
      "type": "Feature",
      "geometry": {
        "type": "LineString",
        "coordinates": [
          [
            140.30364990234375,
            36.51184370986245
          ],
          [
            140.25421142578125,
            36.51184370986245
          ]
        ]
      },
      "properties": {
        "research_object_id": "F3-38149440f68994fd-000042",
        "source_slot_utc": "2026-09-21T03:30:00Z",
        "observation_valid_time_utc": "2026-09-21T03:30:00Z",
        "observed_centroid_lon_lat": [
          140.30364990234375,
          36.51184370986245
        ],
        "observed_bbox_pixel": [
          963,
          16,
          969,
          23
        ],
        "observed_approx_area_km2": 6.52192627288811,
        "observed_boundary_truncated": false,
        "observed_geometry_limit": "CENTROID_ONLY_BBOX_IS_PIXEL_SPACE_NOT_GEO_POLYGON",
        "lpz_forecast_generated": false,
        "kind": "RESEARCH_POINT_MOTION_ARROW",
        "lead_from_as_of_minutes": 30,
        "target_valid_time_utc": "2026-09-21T04:15:00Z",
        "research_only": true,
        "probability": null,
        "intensity": null,
        "footprint": null,
        "affected_regions": null
      }
    },
    {
      "type": "Feature",
      "geometry": {
        "type": "Point",
        "coordinates": [
          139.54559326171875,
          34.72129745316465
        ]
      },
      "properties": {
        "research_object_id": "F3-38149440f68994fd-000046",
        "source_slot_utc": "2026-09-21T03:30:00Z",
        "observation_valid_time_utc": "2026-09-21T03:30:00Z",
        "observed_centroid_lon_lat": [
          139.54559326171875,
          34.72129745316465
        ],
        "observed_bbox_pixel": [
          826,
          419,
          829,
          422
        ],
        "observed_approx_area_km2": 3.2839995667113775,
        "observed_boundary_truncated": false,
        "observed_geometry_limit": "CENTROID_ONLY_BBOX_IS_PIXEL_SPACE_NOT_GEO_POLYGON",
        "lpz_forecast_generated": false,
        "kind": "OBSERVED_ORIGIN",
        "lead_from_as_of_minutes": 0
      }
    },
    {
      "type": "Feature",
      "geometry": {
        "type": "Point",
        "coordinates": [
          139.54559326171875,
          34.77548052447018
        ]
      },
      "properties": {
        "research_object_id": "F3-38149440f68994fd-000046",
        "source_slot_utc": "2026-09-21T03:30:00Z",
        "observation_valid_time_utc": "2026-09-21T03:30:00Z",
        "observed_centroid_lon_lat": [
          139.54559326171875,
          34.72129745316465
        ],
        "observed_bbox_pixel": [
          826,
          419,
          829,
          422
        ],
        "observed_approx_area_km2": 3.2839995667113775,
        "observed_boundary_truncated": false,
        "observed_geometry_limit": "CENTROID_ONLY_BBOX_IS_PIXEL_SPACE_NOT_GEO_POLYGON",
        "lpz_forecast_generated": false,
        "kind": "RESEARCH_POINT_EXTRAPOLATION",
        "lead_from_as_of_minutes": 15,
        "target_valid_time_utc": "2026-09-21T04:00:00Z",
        "research_only": true,
        "probability": null,
        "intensity": null,
        "footprint": null,
        "affected_regions": null
      }
    },
    {
      "type": "Feature",
      "geometry": {
        "type": "LineString",
        "coordinates": [
          [
            139.54559326171875,
            34.72129745316465
          ],
          [
            139.54559326171875,
            34.77548052447018
          ]
        ]
      },
      "properties": {
        "research_object_id": "F3-38149440f68994fd-000046",
        "source_slot_utc": "2026-09-21T03:30:00Z",
        "observation_valid_time_utc": "2026-09-21T03:30:00Z",
        "observed_centroid_lon_lat": [
          139.54559326171875,
          34.72129745316465
        ],
        "observed_bbox_pixel": [
          826,
          419,
          829,
          422
        ],
        "observed_approx_area_km2": 3.2839995667113775,
        "observed_boundary_truncated": false,
        "observed_geometry_limit": "CENTROID_ONLY_BBOX_IS_PIXEL_SPACE_NOT_GEO_POLYGON",
        "lpz_forecast_generated": false,
        "kind": "RESEARCH_POINT_MOTION_ARROW",
        "lead_from_as_of_minutes": 15,
        "target_valid_time_utc": "2026-09-21T04:00:00Z",
        "research_only": true,
        "probability": null,
        "intensity": null,
        "footprint": null,
        "affected_regions": null
      }
    },
    {
      "type": "Feature",
      "geometry": {
        "type": "Point",
        "coordinates": [
          139.54559326171875,
          34.80257206012295
        ]
      },
      "properties": {
        "research_object_id": "F3-38149440f68994fd-000046",
        "source_slot_utc": "2026-09-21T03:30:00Z",
        "observation_valid_time_utc": "2026-09-21T03:30:00Z",
        "observed_centroid_lon_lat": [
          139.54559326171875,
          34.72129745316465
        ],
        "observed_bbox_pixel": [
          826,
          419,
          829,
          422
        ],
        "observed_approx_area_km2": 3.2839995667113775,
        "observed_boundary_truncated": false,
        "observed_geometry_limit": "CENTROID_ONLY_BBOX_IS_PIXEL_SPACE_NOT_GEO_POLYGON",
        "lpz_forecast_generated": false,
        "kind": "RESEARCH_POINT_EXTRAPOLATION",
        "lead_from_as_of_minutes": 30,
        "target_valid_time_utc": "2026-09-21T04:15:00Z",
        "research_only": true,
        "probability": null,
        "intensity": null,
        "footprint": null,
        "affected_regions": null
      }
    },
    {
      "type": "Feature",
      "geometry": {
        "type": "LineString",
        "coordinates": [
          [
            139.54559326171875,
            34.72129745316465
          ],
          [
            139.54559326171875,
            34.80257206012295
          ]
        ]
      },
      "properties": {
        "research_object_id": "F3-38149440f68994fd-000046",
        "source_slot_utc": "2026-09-21T03:30:00Z",
        "observation_valid_time_utc": "2026-09-21T03:30:00Z",
        "observed_centroid_lon_lat": [
          139.54559326171875,
          34.72129745316465
        ],
        "observed_bbox_pixel": [
          826,
          419,
          829,
          422
        ],
        "observed_approx_area_km2": 3.2839995667113775,
        "observed_boundary_truncated": false,
        "observed_geometry_limit": "CENTROID_ONLY_BBOX_IS_PIXEL_SPACE_NOT_GEO_POLYGON",
        "lpz_forecast_generated": false,
        "kind": "RESEARCH_POINT_MOTION_ARROW",
        "lead_from_as_of_minutes": 30,
        "target_valid_time_utc": "2026-09-21T04:15:00Z",
        "research_only": true,
        "probability": null,
        "intensity": null,
        "footprint": null,
        "affected_regions": null
      }
    },
    {
      "type": "Feature",
      "geometry": {
        "type": "Point",
        "coordinates": [
          138.17779541015625,
          34.22769994387314
        ]
      },
      "properties": {
        "research_object_id": "F3-38149440f68994fd-000048",
        "source_slot_utc": "2026-09-21T03:30:00Z",
        "observation_valid_time_utc": "2026-09-21T03:30:00Z",
        "observed_centroid_lon_lat": [
          138.17779541015625,
          34.22769994387314
        ],
        "observed_bbox_pixel": [
          577,
          528,
          580,
          530
        ],
        "observed_approx_area_km2": 3.0674600930236515,
        "observed_boundary_truncated": false,
        "observed_geometry_limit": "CENTROID_ONLY_BBOX_IS_PIXEL_SPACE_NOT_GEO_POLYGON",
        "lpz_forecast_generated": false,
        "kind": "OBSERVED_ORIGIN",
        "lead_from_as_of_minutes": 0
      }
    },
    {
      "type": "Feature",
      "geometry": {
        "type": "Point",
        "coordinates": [
          138.24371515629468,
          34.25495145483347
        ]
      },
      "properties": {
        "research_object_id": "F3-38149440f68994fd-000048",
        "source_slot_utc": "2026-09-21T03:30:00Z",
        "observation_valid_time_utc": "2026-09-21T03:30:00Z",
        "observed_centroid_lon_lat": [
          138.17779541015625,
          34.22769994387314
        ],
        "observed_bbox_pixel": [
          577,
          528,
          580,
          530
        ],
        "observed_approx_area_km2": 3.0674600930236515,
        "observed_boundary_truncated": false,
        "observed_geometry_limit": "CENTROID_ONLY_BBOX_IS_PIXEL_SPACE_NOT_GEO_POLYGON",
        "lpz_forecast_generated": false,
        "kind": "RESEARCH_POINT_EXTRAPOLATION",
        "lead_from_as_of_minutes": 15,
        "target_valid_time_utc": "2026-09-21T04:00:00Z",
        "research_only": true,
        "probability": null,
        "intensity": null,
        "footprint": null,
        "affected_regions": null
      }
    },
    {
      "type": "Feature",
      "geometry": {
        "type": "LineString",
        "coordinates": [
          [
            138.17779541015625,
            34.22769994387314
          ],
          [
            138.24371515629468,
            34.25495145483347
          ]
        ]
      },
      "properties": {
        "research_object_id": "F3-38149440f68994fd-000048",
        "source_slot_utc": "2026-09-21T03:30:00Z",
        "observation_valid_time_utc": "2026-09-21T03:30:00Z",
        "observed_centroid_lon_lat": [
          138.17779541015625,
          34.22769994387314
        ],
        "observed_bbox_pixel": [
          577,
          528,
          580,
          530
        ],
        "observed_approx_area_km2": 3.0674600930236515,
        "observed_boundary_truncated": false,
        "observed_geometry_limit": "CENTROID_ONLY_BBOX_IS_PIXEL_SPACE_NOT_GEO_POLYGON",
        "lpz_forecast_generated": false,
        "kind": "RESEARCH_POINT_MOTION_ARROW",
        "lead_from_as_of_minutes": 15,
        "target_valid_time_utc": "2026-09-21T04:00:00Z",
        "research_only": true,
        "probability": null,
        "intensity": null,
        "footprint": null,
        "affected_regions": null
      }
    },
    {
      "type": "Feature",
      "geometry": {
        "type": "Point",
        "coordinates": [
          138.2766750293639,
          34.26857721031363
        ]
      },
      "properties": {
        "research_object_id": "F3-38149440f68994fd-000048",
        "source_slot_utc": "2026-09-21T03:30:00Z",
        "observation_valid_time_utc": "2026-09-21T03:30:00Z",
        "observed_centroid_lon_lat": [
          138.17779541015625,
          34.22769994387314
        ],
        "observed_bbox_pixel": [
          577,
          528,
          580,
          530
        ],
        "observed_approx_area_km2": 3.0674600930236515,
        "observed_boundary_truncated": false,
        "observed_geometry_limit": "CENTROID_ONLY_BBOX_IS_PIXEL_SPACE_NOT_GEO_POLYGON",
        "lpz_forecast_generated": false,
        "kind": "RESEARCH_POINT_EXTRAPOLATION",
        "lead_from_as_of_minutes": 30,
        "target_valid_time_utc": "2026-09-21T04:15:00Z",
        "research_only": true,
        "probability": null,
        "intensity": null,
        "footprint": null,
        "affected_regions": null
      }
    },
    {
      "type": "Feature",
      "geometry": {
        "type": "LineString",
        "coordinates": [
          [
            138.17779541015625,
            34.22769994387314
          ],
          [
            138.2766750293639,
            34.26857721031363
          ]
        ]
      },
      "properties": {
        "research_object_id": "F3-38149440f68994fd-000048",
        "source_slot_utc": "2026-09-21T03:30:00Z",
        "observation_valid_time_utc": "2026-09-21T03:30:00Z",
        "observed_centroid_lon_lat": [
          138.17779541015625,
          34.22769994387314
        ],
        "observed_bbox_pixel": [
          577,
          528,
          580,
          530
        ],
        "observed_approx_area_km2": 3.0674600930236515,
        "observed_boundary_truncated": false,
        "observed_geometry_limit": "CENTROID_ONLY_BBOX_IS_PIXEL_SPACE_NOT_GEO_POLYGON",
        "lpz_forecast_generated": false,
        "kind": "RESEARCH_POINT_MOTION_ARROW",
        "lead_from_as_of_minutes": 30,
        "target_valid_time_utc": "2026-09-21T04:15:00Z",
        "research_only": true,
        "probability": null,
        "intensity": null,
        "footprint": null,
        "affected_regions": null
      }
    },
    {
      "type": "Feature",
      "geometry": {
        "type": "Point",
        "coordinates": [
          140.23773193359375,
          35.56127775438454
        ]
      },
      "properties": {
        "research_object_id": "F3-38149440f68994fd-000050",
        "source_slot_utc": "2026-09-21T03:30:00Z",
        "observation_valid_time_utc": "2026-09-21T03:30:00Z",
        "observed_centroid_lon_lat": [
          140.23773193359375,
          35.56127775438454
        ],
        "observed_bbox_pixel": [
          953,
          233,
          955,
          235
        ],
        "observed_approx_area_km2": 1.2372750813181312,
        "observed_boundary_truncated": false,
        "observed_geometry_limit": "CENTROID_ONLY_BBOX_IS_PIXEL_SPACE_NOT_GEO_POLYGON",
        "lpz_forecast_generated": false,
        "kind": "OBSERVED_ORIGIN",
        "lead_from_as_of_minutes": 0
      }
    },
    {
      "type": "Feature",
      "geometry": {
        "type": "Point",
        "coordinates": [
          140.20477203036057,
          35.58809043762425
        ]
      },
      "properties": {
        "research_object_id": "F3-38149440f68994fd-000050",
        "source_slot_utc": "2026-09-21T03:30:00Z",
        "observation_valid_time_utc": "2026-09-21T03:30:00Z",
        "observed_centroid_lon_lat": [
          140.23773193359375,
          35.56127775438454
        ],
        "observed_bbox_pixel": [
          953,
          233,
          955,
          235
        ],
        "observed_approx_area_km2": 1.2372750813181312,
        "observed_boundary_truncated": false,
        "observed_geometry_limit": "CENTROID_ONLY_BBOX_IS_PIXEL_SPACE_NOT_GEO_POLYGON",
        "lpz_forecast_generated": false,
        "kind": "RESEARCH_POINT_EXTRAPOLATION",
        "lead_from_as_of_minutes": 15,
        "target_valid_time_utc": "2026-09-21T04:00:00Z",
        "research_only": true,
        "probability": null,
        "intensity": null,
        "footprint": null,
        "affected_regions": null
      }
    },
    {
      "type": "Feature",
      "geometry": {
        "type": "LineString",
        "coordinates": [
          [
            140.23773193359375,
            35.56127775438454
          ],
          [
            140.20477203036057,
            35.58809043762425
          ]
        ]
      },
      "properties": {
        "research_object_id": "F3-38149440f68994fd-000050",
        "source_slot_utc": "2026-09-21T03:30:00Z",
        "observation_valid_time_utc": "2026-09-21T03:30:00Z",
        "observed_centroid_lon_lat": [
          140.23773193359375,
          35.56127775438454
        ],
        "observed_bbox_pixel": [
          953,
          233,
          955,
          235
        ],
        "observed_approx_area_km2": 1.2372750813181312,
        "observed_boundary_truncated": false,
        "observed_geometry_limit": "CENTROID_ONLY_BBOX_IS_PIXEL_SPACE_NOT_GEO_POLYGON",
        "lpz_forecast_generated": false,
        "kind": "RESEARCH_POINT_MOTION_ARROW",
        "lead_from_as_of_minutes": 15,
        "target_valid_time_utc": "2026-09-21T04:00:00Z",
        "research_only": true,
        "probability": null,
        "intensity": null,
        "footprint": null,
        "affected_regions": null
      }
    },
    {
      "type": "Feature",
      "geometry": {
        "type": "Point",
        "coordinates": [
          140.18829207874393,
          35.60149677924411
        ]
      },
      "properties": {
        "research_object_id": "F3-38149440f68994fd-000050",
        "source_slot_utc": "2026-09-21T03:30:00Z",
        "observation_valid_time_utc": "2026-09-21T03:30:00Z",
        "observed_centroid_lon_lat": [
          140.23773193359375,
          35.56127775438454
        ],
        "observed_bbox_pixel": [
          953,
          233,
          955,
          235
        ],
        "observed_approx_area_km2": 1.2372750813181312,
        "observed_boundary_truncated": false,
        "observed_geometry_limit": "CENTROID_ONLY_BBOX_IS_PIXEL_SPACE_NOT_GEO_POLYGON",
        "lpz_forecast_generated": false,
        "kind": "RESEARCH_POINT_EXTRAPOLATION",
        "lead_from_as_of_minutes": 30,
        "target_valid_time_utc": "2026-09-21T04:15:00Z",
        "research_only": true,
        "probability": null,
        "intensity": null,
        "footprint": null,
        "affected_regions": null
      }
    },
    {
      "type": "Feature",
      "geometry": {
        "type": "LineString",
        "coordinates": [
          [
            140.23773193359375,
            35.56127775438454
          ],
          [
            140.18829207874393,
            35.60149677924411
          ]
        ]
      },
      "properties": {
        "research_object_id": "F3-38149440f68994fd-000050",
        "source_slot_utc": "2026-09-21T03:30:00Z",
        "observation_valid_time_utc": "2026-09-21T03:30:00Z",
        "observed_centroid_lon_lat": [
          140.23773193359375,
          35.56127775438454
        ],
        "observed_bbox_pixel": [
          953,
          233,
          955,
          235
        ],
        "observed_approx_area_km2": 1.2372750813181312,
        "observed_boundary_truncated": false,
        "observed_geometry_limit": "CENTROID_ONLY_BBOX_IS_PIXEL_SPACE_NOT_GEO_POLYGON",
        "lpz_forecast_generated": false,
        "kind": "RESEARCH_POINT_MOTION_ARROW",
        "lead_from_as_of_minutes": 30,
        "target_valid_time_utc": "2026-09-21T04:15:00Z",
        "research_only": true,
        "probability": null,
        "intensity": null,
        "footprint": null,
        "affected_regions": null
      }
    },
    {
      "type": "Feature",
      "geometry": {
        "type": "Point",
        "coordinates": [
          139.47967529296875,
          35.0187503794383
        ]
      },
      "properties": {
        "research_object_id": "F3-0ea0f787f115440a-000000",
        "source_slot_utc": "2026-09-21T03:45:00Z",
        "observation_valid_time_utc": "2026-09-21T03:45:00Z",
        "observed_centroid_lon_lat": [
          139.47967529296875,
          35.0187503794383
        ],
        "observed_bbox_pixel": [
          674,
          279,
          974,
          426
        ],
        "observed_approx_area_km2": 3726.0495053497593,
        "observed_boundary_truncated": false,
        "observed_geometry_limit": "CENTROID_ONLY_BBOX_IS_PIXEL_SPACE_NOT_GEO_POLYGON",
        "lpz_forecast_generated": false,
        "kind": "OBSERVED_ORIGIN",
        "lead_from_as_of_minutes": 0
      }
    },
    {
      "type": "Feature",
      "geometry": {
        "type": "Point",
        "coordinates": [
          139.71044530204995,
          35.26174059491261
        ]
      },
      "properties": {
        "research_object_id": "F3-0ea0f787f115440a-000000",
        "source_slot_utc": "2026-09-21T03:45:00Z",
        "observation_valid_time_utc": "2026-09-21T03:45:00Z",
        "observed_centroid_lon_lat": [
          139.47967529296875,
          35.0187503794383
        ],
        "observed_bbox_pixel": [
          674,
          279,
          974,
          426
        ],
        "observed_approx_area_km2": 3726.0495053497593,
        "observed_boundary_truncated": false,
        "observed_geometry_limit": "CENTROID_ONLY_BBOX_IS_PIXEL_SPACE_NOT_GEO_POLYGON",
        "lpz_forecast_generated": false,
        "kind": "RESEARCH_POINT_EXTRAPOLATION",
        "lead_from_as_of_minutes": 15,
        "target_valid_time_utc": "2026-09-21T04:15:00Z",
        "research_only": true,
        "probability": null,
        "intensity": null,
        "footprint": null,
        "affected_regions": null
      }
    },
    {
      "type": "Feature",
      "geometry": {
        "type": "LineString",
        "coordinates": [
          [
            139.47967529296875,
            35.0187503794383
          ],
          [
            139.71044530204995,
            35.26174059491261
          ]
        ]
      },
      "properties": {
        "research_object_id": "F3-0ea0f787f115440a-000000",
        "source_slot_utc": "2026-09-21T03:45:00Z",
        "observation_valid_time_utc": "2026-09-21T03:45:00Z",
        "observed_centroid_lon_lat": [
          139.47967529296875,
          35.0187503794383
        ],
        "observed_bbox_pixel": [
          674,
          279,
          974,
          426
        ],
        "observed_approx_area_km2": 3726.0495053497593,
        "observed_boundary_truncated": false,
        "observed_geometry_limit": "CENTROID_ONLY_BBOX_IS_PIXEL_SPACE_NOT_GEO_POLYGON",
        "lpz_forecast_generated": false,
        "kind": "RESEARCH_POINT_MOTION_ARROW",
        "lead_from_as_of_minutes": 15,
        "target_valid_time_utc": "2026-09-21T04:15:00Z",
        "research_only": true,
        "probability": null,
        "intensity": null,
        "footprint": null,
        "affected_regions": null
      }
    },
    {
      "type": "Feature",
      "geometry": {
        "type": "Point",
        "coordinates": [
          139.8258303065905,
          35.38323570264976
        ]
      },
      "properties": {
        "research_object_id": "F3-0ea0f787f115440a-000000",
        "source_slot_utc": "2026-09-21T03:45:00Z",
        "observation_valid_time_utc": "2026-09-21T03:45:00Z",
        "observed_centroid_lon_lat": [
          139.47967529296875,
          35.0187503794383
        ],
        "observed_bbox_pixel": [
          674,
          279,
          974,
          426
        ],
        "observed_approx_area_km2": 3726.0495053497593,
        "observed_boundary_truncated": false,
        "observed_geometry_limit": "CENTROID_ONLY_BBOX_IS_PIXEL_SPACE_NOT_GEO_POLYGON",
        "lpz_forecast_generated": false,
        "kind": "RESEARCH_POINT_EXTRAPOLATION",
        "lead_from_as_of_minutes": 30,
        "target_valid_time_utc": "2026-09-21T04:30:00Z",
        "research_only": true,
        "probability": null,
        "intensity": null,
        "footprint": null,
        "affected_regions": null
      }
    },
    {
      "type": "Feature",
      "geometry": {
        "type": "LineString",
        "coordinates": [
          [
            139.47967529296875,
            35.0187503794383
          ],
          [
            139.8258303065905,
            35.38323570264976
          ]
        ]
      },
      "properties": {
        "research_object_id": "F3-0ea0f787f115440a-000000",
        "source_slot_utc": "2026-09-21T03:45:00Z",
        "observation_valid_time_utc": "2026-09-21T03:45:00Z",
        "observed_centroid_lon_lat": [
          139.47967529296875,
          35.0187503794383
        ],
        "observed_bbox_pixel": [
          674,
          279,
          974,
          426
        ],
        "observed_approx_area_km2": 3726.0495053497593,
        "observed_boundary_truncated": false,
        "observed_geometry_limit": "CENTROID_ONLY_BBOX_IS_PIXEL_SPACE_NOT_GEO_POLYGON",
        "lpz_forecast_generated": false,
        "kind": "RESEARCH_POINT_MOTION_ARROW",
        "lead_from_as_of_minutes": 30,
        "target_valid_time_utc": "2026-09-21T04:30:00Z",
        "research_only": true,
        "probability": null,
        "intensity": null,
        "footprint": null,
        "affected_regions": null
      }
    },
    {
      "type": "Feature",
      "geometry": {
        "type": "Point",
        "coordinates": [
          138.97430419921875,
          34.504293238771275
        ]
      },
      "properties": {
        "research_object_id": "F3-0ea0f787f115440a-000001",
        "source_slot_utc": "2026-09-21T03:45:00Z",
        "observation_valid_time_utc": "2026-09-21T03:45:00Z",
        "observed_centroid_lon_lat": [
          138.97430419921875,
          34.504293238771275
        ],
        "observed_bbox_pixel": [
          679,
          433,
          766,
          518
        ],
        "observed_approx_area_km2": 478.9298944898342,
        "observed_boundary_truncated": false,
        "observed_geometry_limit": "CENTROID_ONLY_BBOX_IS_PIXEL_SPACE_NOT_GEO_POLYGON",
        "lpz_forecast_generated": false,
        "kind": "OBSERVED_ORIGIN",
        "lead_from_as_of_minutes": 0
      }
    },
    {
      "type": "Feature",
      "geometry": {
        "type": "Point",
        "coordinates": [
          138.80948690272282,
          34.640116491963916
        ]
      },
      "properties": {
        "research_object_id": "F3-0ea0f787f115440a-000001",
        "source_slot_utc": "2026-09-21T03:45:00Z",
        "observation_valid_time_utc": "2026-09-21T03:45:00Z",
        "observed_centroid_lon_lat": [
          138.97430419921875,
          34.504293238771275
        ],
        "observed_bbox_pixel": [
          679,
          433,
          766,
          518
        ],
        "observed_approx_area_km2": 478.9298944898342,
        "observed_boundary_truncated": false,
        "observed_geometry_limit": "CENTROID_ONLY_BBOX_IS_PIXEL_SPACE_NOT_GEO_POLYGON",
        "lpz_forecast_generated": false,
        "kind": "RESEARCH_POINT_EXTRAPOLATION",
        "lead_from_as_of_minutes": 15,
        "target_valid_time_utc": "2026-09-21T04:15:00Z",
        "research_only": true,
        "probability": null,
        "intensity": null,
        "footprint": null,
        "affected_regions": null
      }
    },
    {
      "type": "Feature",
      "geometry": {
        "type": "LineString",
        "coordinates": [
          [
            138.97430419921875,
            34.504293238771275
          ],
          [
            138.80948690272282,
            34.640116491963916
          ]
        ]
      },
      "properties": {
        "research_object_id": "F3-0ea0f787f115440a-000001",
        "source_slot_utc": "2026-09-21T03:45:00Z",
        "observation_valid_time_utc": "2026-09-21T03:45:00Z",
        "observed_centroid_lon_lat": [
          138.97430419921875,
          34.504293238771275
        ],
        "observed_bbox_pixel": [
          679,
          433,
          766,
          518
        ],
        "observed_approx_area_km2": 478.9298944898342,
        "observed_boundary_truncated": false,
        "observed_geometry_limit": "CENTROID_ONLY_BBOX_IS_PIXEL_SPACE_NOT_GEO_POLYGON",
        "lpz_forecast_generated": false,
        "kind": "RESEARCH_POINT_MOTION_ARROW",
        "lead_from_as_of_minutes": 15,
        "target_valid_time_utc": "2026-09-21T04:15:00Z",
        "research_only": true,
        "probability": null,
        "intensity": null,
        "footprint": null,
        "affected_regions": null
      }
    },
    {
      "type": "Feature",
      "geometry": {
        "type": "Point",
        "coordinates": [
          138.7270782544748,
          34.708028118560236
        ]
      },
      "properties": {
        "research_object_id": "F3-0ea0f787f115440a-000001",
        "source_slot_utc": "2026-09-21T03:45:00Z",
        "observation_valid_time_utc": "2026-09-21T03:45:00Z",
        "observed_centroid_lon_lat": [
          138.97430419921875,
          34.504293238771275
        ],
        "observed_bbox_pixel": [
          679,
          433,
          766,
          518
        ],
        "observed_approx_area_km2": 478.9298944898342,
        "observed_boundary_truncated": false,
        "observed_geometry_limit": "CENTROID_ONLY_BBOX_IS_PIXEL_SPACE_NOT_GEO_POLYGON",
        "lpz_forecast_generated": false,
        "kind": "RESEARCH_POINT_EXTRAPOLATION",
        "lead_from_as_of_minutes": 30,
        "target_valid_time_utc": "2026-09-21T04:30:00Z",
        "research_only": true,
        "probability": null,
        "intensity": null,
        "footprint": null,
        "affected_regions": null
      }
    },
    {
      "type": "Feature",
      "geometry": {
        "type": "LineString",
        "coordinates": [
          [
            138.97430419921875,
            34.504293238771275
          ],
          [
            138.7270782544748,
            34.708028118560236
          ]
        ]
      },
      "properties": {
        "research_object_id": "F3-0ea0f787f115440a-000001",
        "source_slot_utc": "2026-09-21T03:45:00Z",
        "observation_valid_time_utc": "2026-09-21T03:45:00Z",
        "observed_centroid_lon_lat": [
          138.97430419921875,
          34.504293238771275
        ],
        "observed_bbox_pixel": [
          679,
          433,
          766,
          518
        ],
        "observed_approx_area_km2": 478.9298944898342,
        "observed_boundary_truncated": false,
        "observed_geometry_limit": "CENTROID_ONLY_BBOX_IS_PIXEL_SPACE_NOT_GEO_POLYGON",
        "lpz_forecast_generated": false,
        "kind": "RESEARCH_POINT_MOTION_ARROW",
        "lead_from_as_of_minutes": 30,
        "target_valid_time_utc": "2026-09-21T04:30:00Z",
        "research_only": true,
        "probability": null,
        "intensity": null,
        "footprint": null,
        "affected_regions": null
      }
    },
    {
      "type": "Feature",
      "geometry": {
        "type": "Point",
        "coordinates": [
          139.24896240234375,
          34.013965274912636
        ]
      },
      "properties": {
        "research_object_id": "F3-0ea0f787f115440a-000002",
        "source_slot_utc": "2026-09-21T03:45:00Z",
        "observation_valid_time_utc": "2026-09-21T03:45:00Z",
        "observed_centroid_lon_lat": [
          139.24896240234375,
          34.013965274912636
        ],
        "observed_bbox_pixel": [
          733,
          565,
          817,
          593
        ],
        "observed_approx_area_km2": 276.6998062994574,
        "observed_boundary_truncated": false,
        "observed_geometry_limit": "CENTROID_ONLY_BBOX_IS_PIXEL_SPACE_NOT_GEO_POLYGON",
        "lpz_forecast_generated": false,
        "kind": "OBSERVED_ORIGIN",
        "lead_from_as_of_minutes": 0
      }
    },
    {
      "type": "Feature",
      "geometry": {
        "type": "Point",
        "coordinates": [
          139.0182185785344,
          34.15058230465249
        ]
      },
      "properties": {
        "research_object_id": "F3-0ea0f787f115440a-000002",
        "source_slot_utc": "2026-09-21T03:45:00Z",
        "observation_valid_time_utc": "2026-09-21T03:45:00Z",
        "observed_centroid_lon_lat": [
          139.24896240234375,
          34.013965274912636
        ],
        "observed_bbox_pixel": [
          733,
          565,
          817,
          593
        ],
        "observed_approx_area_km2": 276.6998062994574,
        "observed_boundary_truncated": false,
        "observed_geometry_limit": "CENTROID_ONLY_BBOX_IS_PIXEL_SPACE_NOT_GEO_POLYGON",
        "lpz_forecast_generated": false,
        "kind": "RESEARCH_POINT_EXTRAPOLATION",
        "lead_from_as_of_minutes": 15,
        "target_valid_time_utc": "2026-09-21T04:15:00Z",
        "research_only": true,
        "probability": null,
        "intensity": null,
        "footprint": null,
        "affected_regions": null
      }
    },
    {
      "type": "Feature",
      "geometry": {
        "type": "LineString",
        "coordinates": [
          [
            139.24896240234375,
            34.013965274912636
          ],
          [
            139.0182185785344,
            34.15058230465249
          ]
        ]
      },
      "properties": {
        "research_object_id": "F3-0ea0f787f115440a-000002",
        "source_slot_utc": "2026-09-21T03:45:00Z",
        "observation_valid_time_utc": "2026-09-21T03:45:00Z",
        "observed_centroid_lon_lat": [
          139.24896240234375,
          34.013965274912636
        ],
        "observed_bbox_pixel": [
          733,
          565,
          817,
          593
        ],
        "observed_approx_area_km2": 276.6998062994574,
        "observed_boundary_truncated": false,
        "observed_geometry_limit": "CENTROID_ONLY_BBOX_IS_PIXEL_SPACE_NOT_GEO_POLYGON",
        "lpz_forecast_generated": false,
        "kind": "RESEARCH_POINT_MOTION_ARROW",
        "lead_from_as_of_minutes": 15,
        "target_valid_time_utc": "2026-09-21T04:15:00Z",
        "research_only": true,
        "probability": null,
        "intensity": null,
        "footprint": null,
        "affected_regions": null
      }
    },
    {
      "type": "Feature",
      "geometry": {
        "type": "Point",
        "coordinates": [
          138.90284666662967,
          34.218890819522414
        ]
      },
      "properties": {
        "research_object_id": "F3-0ea0f787f115440a-000002",
        "source_slot_utc": "2026-09-21T03:45:00Z",
        "observation_valid_time_utc": "2026-09-21T03:45:00Z",
        "observed_centroid_lon_lat": [
          139.24896240234375,
          34.013965274912636
        ],
        "observed_bbox_pixel": [
          733,
          565,
          817,
          593
        ],
        "observed_approx_area_km2": 276.6998062994574,
        "observed_boundary_truncated": false,
        "observed_geometry_limit": "CENTROID_ONLY_BBOX_IS_PIXEL_SPACE_NOT_GEO_POLYGON",
        "lpz_forecast_generated": false,
        "kind": "RESEARCH_POINT_EXTRAPOLATION",
        "lead_from_as_of_minutes": 30,
        "target_valid_time_utc": "2026-09-21T04:30:00Z",
        "research_only": true,
        "probability": null,
        "intensity": null,
        "footprint": null,
        "affected_regions": null
      }
    },
    {
      "type": "Feature",
      "geometry": {
        "type": "LineString",
        "coordinates": [
          [
            139.24896240234375,
            34.013965274912636
          ],
          [
            138.90284666662967,
            34.218890819522414
          ]
        ]
      },
      "properties": {
        "research_object_id": "F3-0ea0f787f115440a-000002",
        "source_slot_utc": "2026-09-21T03:45:00Z",
        "observation_valid_time_utc": "2026-09-21T03:45:00Z",
        "observed_centroid_lon_lat": [
          139.24896240234375,
          34.013965274912636
        ],
        "observed_bbox_pixel": [
          733,
          565,
          817,
          593
        ],
        "observed_approx_area_km2": 276.6998062994574,
        "observed_boundary_truncated": false,
        "observed_geometry_limit": "CENTROID_ONLY_BBOX_IS_PIXEL_SPACE_NOT_GEO_POLYGON",
        "lpz_forecast_generated": false,
        "kind": "RESEARCH_POINT_MOTION_ARROW",
        "lead_from_as_of_minutes": 30,
        "target_valid_time_utc": "2026-09-21T04:30:00Z",
        "research_only": true,
        "probability": null,
        "intensity": null,
        "footprint": null,
        "affected_regions": null
      }
    },
    {
      "type": "Feature",
      "geometry": {
        "type": "Point",
        "coordinates": [
          138.66668701171875,
          34.6354677878332
        ]
      },
      "properties": {
        "research_object_id": "F3-0ea0f787f115440a-000003",
        "source_slot_utc": "2026-09-21T03:45:00Z",
        "observation_valid_time_utc": "2026-09-21T03:45:00Z",
        "observed_centroid_lon_lat": [
          138.66668701171875,
          34.6354677878332
        ],
        "observed_bbox_pixel": [
          658,
          425,
          678,
          455
        ],
        "observed_approx_area_km2": 74.16988333553485,
        "observed_boundary_truncated": false,
        "observed_geometry_limit": "CENTROID_ONLY_BBOX_IS_PIXEL_SPACE_NOT_GEO_POLYGON",
        "lpz_forecast_generated": false,
        "kind": "OBSERVED_ORIGIN",
        "lead_from_as_of_minutes": 0
      }
    },
    {
      "type": "Feature",
      "geometry": {
        "type": "Point",
        "coordinates": [
          138.96335827949935,
          34.77107699704795
        ]
      },
      "properties": {
        "research_object_id": "F3-0ea0f787f115440a-000003",
        "source_slot_utc": "2026-09-21T03:45:00Z",
        "observation_valid_time_utc": "2026-09-21T03:45:00Z",
        "observed_centroid_lon_lat": [
          138.66668701171875,
          34.6354677878332
        ],
        "observed_bbox_pixel": [
          658,
          425,
          678,
          455
        ],
        "observed_approx_area_km2": 74.16988333553485,
        "observed_boundary_truncated": false,
        "observed_geometry_limit": "CENTROID_ONLY_BBOX_IS_PIXEL_SPACE_NOT_GEO_POLYGON",
        "lpz_forecast_generated": false,
        "kind": "RESEARCH_POINT_EXTRAPOLATION",
        "lead_from_as_of_minutes": 15,
        "target_valid_time_utc": "2026-09-21T04:15:00Z",
        "research_only": true,
        "probability": null,
        "intensity": null,
        "footprint": null,
        "affected_regions": null
      }
    },
    {
      "type": "Feature",
      "geometry": {
        "type": "LineString",
        "coordinates": [
          [
            138.66668701171875,
            34.6354677878332
          ],
          [
            138.96335827949935,
            34.77107699704795
          ]
        ]
      },
      "properties": {
        "research_object_id": "F3-0ea0f787f115440a-000003",
        "source_slot_utc": "2026-09-21T03:45:00Z",
        "observation_valid_time_utc": "2026-09-21T03:45:00Z",
        "observed_centroid_lon_lat": [
          138.66668701171875,
          34.6354677878332
        ],
        "observed_bbox_pixel": [
          658,
          425,
          678,
          455
        ],
        "observed_approx_area_km2": 74.16988333553485,
        "observed_boundary_truncated": false,
        "observed_geometry_limit": "CENTROID_ONLY_BBOX_IS_PIXEL_SPACE_NOT_GEO_POLYGON",
        "lpz_forecast_generated": false,
        "kind": "RESEARCH_POINT_MOTION_ARROW",
        "lead_from_as_of_minutes": 15,
        "target_valid_time_utc": "2026-09-21T04:15:00Z",
        "research_only": true,
        "probability": null,
        "intensity": null,
        "footprint": null,
        "affected_regions": null
      }
    },
    {
      "type": "Feature",
      "geometry": {
        "type": "Point",
        "coordinates": [
          139.11169391338967,
          34.83888160165532
        ]
      },
      "properties": {
        "research_object_id": "F3-0ea0f787f115440a-000003",
        "source_slot_utc": "2026-09-21T03:45:00Z",
        "observation_valid_time_utc": "2026-09-21T03:45:00Z",
        "observed_centroid_lon_lat": [
          138.66668701171875,
          34.6354677878332
        ],
        "observed_bbox_pixel": [
          658,
          425,
          678,
          455
        ],
        "observed_approx_area_km2": 74.16988333553485,
        "observed_boundary_truncated": false,
        "observed_geometry_limit": "CENTROID_ONLY_BBOX_IS_PIXEL_SPACE_NOT_GEO_POLYGON",
        "lpz_forecast_generated": false,
        "kind": "RESEARCH_POINT_EXTRAPOLATION",
        "lead_from_as_of_minutes": 30,
        "target_valid_time_utc": "2026-09-21T04:30:00Z",
        "research_only": true,
        "probability": null,
        "intensity": null,
        "footprint": null,
        "affected_regions": null
      }
    },
    {
      "type": "Feature",
      "geometry": {
        "type": "LineString",
        "coordinates": [
          [
            138.66668701171875,
            34.6354677878332
          ],
          [
            139.11169391338967,
            34.83888160165532
          ]
        ]
      },
      "properties": {
        "research_object_id": "F3-0ea0f787f115440a-000003",
        "source_slot_utc": "2026-09-21T03:45:00Z",
        "observation_valid_time_utc": "2026-09-21T03:45:00Z",
        "observed_centroid_lon_lat": [
          138.66668701171875,
          34.6354677878332
        ],
        "observed_bbox_pixel": [
          658,
          425,
          678,
          455
        ],
        "observed_approx_area_km2": 74.16988333553485,
        "observed_boundary_truncated": false,
        "observed_geometry_limit": "CENTROID_ONLY_BBOX_IS_PIXEL_SPACE_NOT_GEO_POLYGON",
        "lpz_forecast_generated": false,
        "kind": "RESEARCH_POINT_MOTION_ARROW",
        "lead_from_as_of_minutes": 30,
        "target_valid_time_utc": "2026-09-21T04:30:00Z",
        "research_only": true,
        "probability": null,
        "intensity": null,
        "footprint": null,
        "affected_regions": null
      }
    },
    {
      "type": "Feature",
      "geometry": {
        "type": "Point",
        "coordinates": [
          139.27093505859375,
          33.41539481578251
        ]
      },
      "properties": {
        "research_object_id": "F3-0ea0f787f115440a-000004",
        "source_slot_utc": "2026-09-21T03:45:00Z",
        "observation_valid_time_utc": "2026-09-21T03:45:00Z",
        "observed_centroid_lon_lat": [
          139.27093505859375,
          33.41539481578251
        ],
        "observed_bbox_pixel": [
          769,
          701,
          787,
          714
        ],
        "observed_approx_area_km2": 51.58382007631874,
        "observed_boundary_truncated": false,
        "observed_geometry_limit": "CENTROID_ONLY_BBOX_IS_PIXEL_SPACE_NOT_GEO_POLYGON",
        "lpz_forecast_generated": false,
        "kind": "OBSERVED_ORIGIN",
        "lead_from_as_of_minutes": 0
      }
    },
    {
      "type": "Feature",
      "geometry": {
        "type": "Point",
        "coordinates": [
          139.10611403471785,
          33.580486128206395
        ]
      },
      "properties": {
        "research_object_id": "F3-0ea0f787f115440a-000004",
        "source_slot_utc": "2026-09-21T03:45:00Z",
        "observation_valid_time_utc": "2026-09-21T03:45:00Z",
        "observed_centroid_lon_lat": [
          139.27093505859375,
          33.41539481578251
        ],
        "observed_bbox_pixel": [
          769,
          701,
          787,
          714
        ],
        "observed_approx_area_km2": 51.58382007631874,
        "observed_boundary_truncated": false,
        "observed_geometry_limit": "CENTROID_ONLY_BBOX_IS_PIXEL_SPACE_NOT_GEO_POLYGON",
        "lpz_forecast_generated": false,
        "kind": "RESEARCH_POINT_EXTRAPOLATION",
        "lead_from_as_of_minutes": 15,
        "target_valid_time_utc": "2026-09-21T04:15:00Z",
        "research_only": true,
        "probability": null,
        "intensity": null,
        "footprint": null,
        "affected_regions": null
      }
    },
    {
      "type": "Feature",
      "geometry": {
        "type": "LineString",
        "coordinates": [
          [
            139.27093505859375,
            33.41539481578251
          ],
          [
            139.10611403471785,
            33.580486128206395
          ]
        ]
      },
      "properties": {
        "research_object_id": "F3-0ea0f787f115440a-000004",
        "source_slot_utc": "2026-09-21T03:45:00Z",
        "observation_valid_time_utc": "2026-09-21T03:45:00Z",
        "observed_centroid_lon_lat": [
          139.27093505859375,
          33.41539481578251
        ],
        "observed_bbox_pixel": [
          769,
          701,
          787,
          714
        ],
        "observed_approx_area_km2": 51.58382007631874,
        "observed_boundary_truncated": false,
        "observed_geometry_limit": "CENTROID_ONLY_BBOX_IS_PIXEL_SPACE_NOT_GEO_POLYGON",
        "lpz_forecast_generated": false,
        "kind": "RESEARCH_POINT_MOTION_ARROW",
        "lead_from_as_of_minutes": 15,
        "target_valid_time_utc": "2026-09-21T04:15:00Z",
        "research_only": true,
        "probability": null,
        "intensity": null,
        "footprint": null,
        "affected_regions": null
      }
    },
    {
      "type": "Feature",
      "geometry": {
        "type": "Point",
        "coordinates": [
          139.02370352277995,
          33.66303178441834
        ]
      },
      "properties": {
        "research_object_id": "F3-0ea0f787f115440a-000004",
        "source_slot_utc": "2026-09-21T03:45:00Z",
        "observation_valid_time_utc": "2026-09-21T03:45:00Z",
        "observed_centroid_lon_lat": [
          139.27093505859375,
          33.41539481578251
        ],
        "observed_bbox_pixel": [
          769,
          701,
          787,
          714
        ],
        "observed_approx_area_km2": 51.58382007631874,
        "observed_boundary_truncated": false,
        "observed_geometry_limit": "CENTROID_ONLY_BBOX_IS_PIXEL_SPACE_NOT_GEO_POLYGON",
        "lpz_forecast_generated": false,
        "kind": "RESEARCH_POINT_EXTRAPOLATION",
        "lead_from_as_of_minutes": 30,
        "target_valid_time_utc": "2026-09-21T04:30:00Z",
        "research_only": true,
        "probability": null,
        "intensity": null,
        "footprint": null,
        "affected_regions": null
      }
    },
    {
      "type": "Feature",
      "geometry": {
        "type": "LineString",
        "coordinates": [
          [
            139.27093505859375,
            33.41539481578251
          ],
          [
            139.02370352277995,
            33.66303178441834
          ]
        ]
      },
      "properties": {
        "research_object_id": "F3-0ea0f787f115440a-000004",
        "source_slot_utc": "2026-09-21T03:45:00Z",
        "observation_valid_time_utc": "2026-09-21T03:45:00Z",
        "observed_centroid_lon_lat": [
          139.27093505859375,
          33.41539481578251
        ],
        "observed_bbox_pixel": [
          769,
          701,
          787,
          714
        ],
        "observed_approx_area_km2": 51.58382007631874,
        "observed_boundary_truncated": false,
        "observed_geometry_limit": "CENTROID_ONLY_BBOX_IS_PIXEL_SPACE_NOT_GEO_POLYGON",
        "lpz_forecast_generated": false,
        "kind": "RESEARCH_POINT_MOTION_ARROW",
        "lead_from_as_of_minutes": 30,
        "target_valid_time_utc": "2026-09-21T04:30:00Z",
        "research_only": true,
        "probability": null,
        "intensity": null,
        "footprint": null,
        "affected_regions": null
      }
    },
    {
      "type": "Feature",
      "geometry": {
        "type": "Point",
        "coordinates": [
          140.13336181640625,
          35.10867496450758
        ]
      },
      "properties": {
        "research_object_id": "F3-0ea0f787f115440a-000006",
        "source_slot_utc": "2026-09-21T03:45:00Z",
        "observation_valid_time_utc": "2026-09-21T03:45:00Z",
        "observed_centroid_lon_lat": [
          140.13336181640625,
          35.10867496450758
        ],
        "observed_bbox_pixel": [
          931,
          332,
          938,
          336
        ],
        "observed_approx_area_km2": 5.004845620649553,
        "observed_boundary_truncated": false,
        "observed_geometry_limit": "CENTROID_ONLY_BBOX_IS_PIXEL_SPACE_NOT_GEO_POLYGON",
        "lpz_forecast_generated": false,
        "kind": "OBSERVED_ORIGIN",
        "lead_from_as_of_minutes": 0
      }
    },
    {
      "type": "Feature",
      "geometry": {
        "type": "Point",
        "coordinates": [
          140.0015658607855,
          34.81217727441217
        ]
      },
      "properties": {
        "research_object_id": "F3-0ea0f787f115440a-000006",
        "source_slot_utc": "2026-09-21T03:45:00Z",
        "observation_valid_time_utc": "2026-09-21T03:45:00Z",
        "observed_centroid_lon_lat": [
          140.13336181640625,
          35.10867496450758
        ],
        "observed_bbox_pixel": [
          931,
          332,
          938,
          336
        ],
        "observed_approx_area_km2": 5.004845620649553,
        "observed_boundary_truncated": false,
        "observed_geometry_limit": "CENTROID_ONLY_BBOX_IS_PIXEL_SPACE_NOT_GEO_POLYGON",
        "lpz_forecast_generated": false,
        "kind": "RESEARCH_POINT_EXTRAPOLATION",
        "lead_from_as_of_minutes": 15,
        "target_valid_time_utc": "2026-09-21T04:15:00Z",
        "research_only": true,
        "probability": null,
        "intensity": null,
        "footprint": null,
        "affected_regions": null
      }
    },
    {
      "type": "Feature",
      "geometry": {
        "type": "LineString",
        "coordinates": [
          [
            140.13336181640625,
            35.10867496450758
          ],
          [
            140.0015658607855,
            34.81217727441217
          ]
        ]
      },
      "properties": {
        "research_object_id": "F3-0ea0f787f115440a-000006",
        "source_slot_utc": "2026-09-21T03:45:00Z",
        "observation_valid_time_utc": "2026-09-21T03:45:00Z",
        "observed_centroid_lon_lat": [
          140.13336181640625,
          35.10867496450758
        ],
        "observed_bbox_pixel": [
          931,
          332,
          938,
          336
        ],
        "observed_approx_area_km2": 5.004845620649553,
        "observed_boundary_truncated": false,
        "observed_geometry_limit": "CENTROID_ONLY_BBOX_IS_PIXEL_SPACE_NOT_GEO_POLYGON",
        "lpz_forecast_generated": false,
        "kind": "RESEARCH_POINT_MOTION_ARROW",
        "lead_from_as_of_minutes": 15,
        "target_valid_time_utc": "2026-09-21T04:15:00Z",
        "research_only": true,
        "probability": null,
        "intensity": null,
        "footprint": null,
        "affected_regions": null
      }
    },
    {
      "type": "Feature",
      "geometry": {
        "type": "Point",
        "coordinates": [
          139.9356678829751,
          34.66392842936447
        ]
      },
      "properties": {
        "research_object_id": "F3-0ea0f787f115440a-000006",
        "source_slot_utc": "2026-09-21T03:45:00Z",
        "observation_valid_time_utc": "2026-09-21T03:45:00Z",
        "observed_centroid_lon_lat": [
          140.13336181640625,
          35.10867496450758
        ],
        "observed_bbox_pixel": [
          931,
          332,
          938,
          336
        ],
        "observed_approx_area_km2": 5.004845620649553,
        "observed_boundary_truncated": false,
        "observed_geometry_limit": "CENTROID_ONLY_BBOX_IS_PIXEL_SPACE_NOT_GEO_POLYGON",
        "lpz_forecast_generated": false,
        "kind": "RESEARCH_POINT_EXTRAPOLATION",
        "lead_from_as_of_minutes": 30,
        "target_valid_time_utc": "2026-09-21T04:30:00Z",
        "research_only": true,
        "probability": null,
        "intensity": null,
        "footprint": null,
        "affected_regions": null
      }
    },
    {
      "type": "Feature",
      "geometry": {
        "type": "LineString",
        "coordinates": [
          [
            140.13336181640625,
            35.10867496450758
          ],
          [
            139.9356678829751,
            34.66392842936447
          ]
        ]
      },
      "properties": {
        "research_object_id": "F3-0ea0f787f115440a-000006",
        "source_slot_utc": "2026-09-21T03:45:00Z",
        "observation_valid_time_utc": "2026-09-21T03:45:00Z",
        "observed_centroid_lon_lat": [
          140.13336181640625,
          35.10867496450758
        ],
        "observed_bbox_pixel": [
          931,
          332,
          938,
          336
        ],
        "observed_approx_area_km2": 5.004845620649553,
        "observed_boundary_truncated": false,
        "observed_geometry_limit": "CENTROID_ONLY_BBOX_IS_PIXEL_SPACE_NOT_GEO_POLYGON",
        "lpz_forecast_generated": false,
        "kind": "RESEARCH_POINT_MOTION_ARROW",
        "lead_from_as_of_minutes": 30,
        "target_valid_time_utc": "2026-09-21T04:30:00Z",
        "research_only": true,
        "probability": null,
        "intensity": null,
        "footprint": null,
        "affected_regions": null
      }
    },
    {
      "type": "Feature",
      "geometry": {
        "type": "Point",
        "coordinates": [
          138.69415283203125,
          34.218615861974456
        ]
      },
      "properties": {
        "research_object_id": "F3-0ea0f787f115440a-000012",
        "source_slot_utc": "2026-09-21T03:45:00Z",
        "observation_valid_time_utc": "2026-09-21T03:45:00Z",
        "observed_centroid_lon_lat": [
          138.69415283203125,
          34.218615861974456
        ],
        "observed_bbox_pixel": [
          663,
          523,
          679,
          541
        ],
        "observed_approx_area_km2": 44.23208881973403,
        "observed_boundary_truncated": false,
        "observed_geometry_limit": "CENTROID_ONLY_BBOX_IS_PIXEL_SPACE_NOT_GEO_POLYGON",
        "lpz_forecast_generated": false,
        "kind": "OBSERVED_ORIGIN",
        "lead_from_as_of_minutes": 0
      }
    },
    {
      "type": "Feature",
      "geometry": {
        "type": "Point",
        "coordinates": [
          138.76005836174613,
          34.02787586107124
        ]
      },
      "properties": {
        "research_object_id": "F3-0ea0f787f115440a-000012",
        "source_slot_utc": "2026-09-21T03:45:00Z",
        "observation_valid_time_utc": "2026-09-21T03:45:00Z",
        "observed_centroid_lon_lat": [
          138.69415283203125,
          34.218615861974456
        ],
        "observed_bbox_pixel": [
          663,
          523,
          679,
          541
        ],
        "observed_approx_area_km2": 44.23208881973403,
        "observed_boundary_truncated": false,
        "observed_geometry_limit": "CENTROID_ONLY_BBOX_IS_PIXEL_SPACE_NOT_GEO_POLYGON",
        "lpz_forecast_generated": false,
        "kind": "RESEARCH_POINT_EXTRAPOLATION",
        "lead_from_as_of_minutes": 15,
        "target_valid_time_utc": "2026-09-21T04:15:00Z",
        "research_only": true,
        "probability": null,
        "intensity": null,
        "footprint": null,
        "affected_regions": null
      }
    },
    {
      "type": "Feature",
      "geometry": {
        "type": "LineString",
        "coordinates": [
          [
            138.69415283203125,
            34.218615861974456
          ],
          [
            138.76005836174613,
            34.02787586107124
          ]
        ]
      },
      "properties": {
        "research_object_id": "F3-0ea0f787f115440a-000012",
        "source_slot_utc": "2026-09-21T03:45:00Z",
        "observation_valid_time_utc": "2026-09-21T03:45:00Z",
        "observed_centroid_lon_lat": [
          138.69415283203125,
          34.218615861974456
        ],
        "observed_bbox_pixel": [
          663,
          523,
          679,
          541
        ],
        "observed_approx_area_km2": 44.23208881973403,
        "observed_boundary_truncated": false,
        "observed_geometry_limit": "CENTROID_ONLY_BBOX_IS_PIXEL_SPACE_NOT_GEO_POLYGON",
        "lpz_forecast_generated": false,
        "kind": "RESEARCH_POINT_MOTION_ARROW",
        "lead_from_as_of_minutes": 15,
        "target_valid_time_utc": "2026-09-21T04:15:00Z",
        "research_only": true,
        "probability": null,
        "intensity": null,
        "footprint": null,
        "affected_regions": null
      }
    },
    {
      "type": "Feature",
      "geometry": {
        "type": "Point",
        "coordinates": [
          138.79301112660363,
          33.93250586061963
        ]
      },
      "properties": {
        "research_object_id": "F3-0ea0f787f115440a-000012",
        "source_slot_utc": "2026-09-21T03:45:00Z",
        "observation_valid_time_utc": "2026-09-21T03:45:00Z",
        "observed_centroid_lon_lat": [
          138.69415283203125,
          34.218615861974456
        ],
        "observed_bbox_pixel": [
          663,
          523,
          679,
          541
        ],
        "observed_approx_area_km2": 44.23208881973403,
        "observed_boundary_truncated": false,
        "observed_geometry_limit": "CENTROID_ONLY_BBOX_IS_PIXEL_SPACE_NOT_GEO_POLYGON",
        "lpz_forecast_generated": false,
        "kind": "RESEARCH_POINT_EXTRAPOLATION",
        "lead_from_as_of_minutes": 30,
        "target_valid_time_utc": "2026-09-21T04:30:00Z",
        "research_only": true,
        "probability": null,
        "intensity": null,
        "footprint": null,
        "affected_regions": null
      }
    },
    {
      "type": "Feature",
      "geometry": {
        "type": "LineString",
        "coordinates": [
          [
            138.69415283203125,
            34.218615861974456
          ],
          [
            138.79301112660363,
            33.93250586061963
          ]
        ]
      },
      "properties": {
        "research_object_id": "F3-0ea0f787f115440a-000012",
        "source_slot_utc": "2026-09-21T03:45:00Z",
        "observation_valid_time_utc": "2026-09-21T03:45:00Z",
        "observed_centroid_lon_lat": [
          138.69415283203125,
          34.218615861974456
        ],
        "observed_bbox_pixel": [
          663,
          523,
          679,
          541
        ],
        "observed_approx_area_km2": 44.23208881973403,
        "observed_boundary_truncated": false,
        "observed_geometry_limit": "CENTROID_ONLY_BBOX_IS_PIXEL_SPACE_NOT_GEO_POLYGON",
        "lpz_forecast_generated": false,
        "kind": "RESEARCH_POINT_MOTION_ARROW",
        "lead_from_as_of_minutes": 30,
        "target_valid_time_utc": "2026-09-21T04:30:00Z",
        "research_only": true,
        "probability": null,
        "intensity": null,
        "footprint": null,
        "affected_regions": null
      }
    },
    {
      "type": "Feature",
      "geometry": {
        "type": "Point",
        "coordinates": [
          139.37530517578125,
          34.65806316573297
        ]
      },
      "properties": {
        "research_object_id": "F3-0ea0f787f115440a-000013",
        "source_slot_utc": "2026-09-21T03:45:00Z",
        "observation_valid_time_utc": "2026-09-21T03:45:00Z",
        "observed_centroid_lon_lat": [
          139.37530517578125,
          34.65806316573297
        ],
        "observed_bbox_pixel": [
          781,
          423,
          811,
          446
        ],
        "observed_approx_area_km2": 74.88847229957098,
        "observed_boundary_truncated": false,
        "observed_geometry_limit": "CENTROID_ONLY_BBOX_IS_PIXEL_SPACE_NOT_GEO_POLYGON",
        "lpz_forecast_generated": false,
        "kind": "OBSERVED_ORIGIN",
        "lead_from_as_of_minutes": 0
      }
    },
    {
      "type": "Feature",
      "geometry": {
        "type": "Point",
        "coordinates": [
          139.37530517578125,
          34.84787468441729
        ]
      },
      "properties": {
        "research_object_id": "F3-0ea0f787f115440a-000013",
        "source_slot_utc": "2026-09-21T03:45:00Z",
        "observation_valid_time_utc": "2026-09-21T03:45:00Z",
        "observed_centroid_lon_lat": [
          139.37530517578125,
          34.65806316573297
        ],
        "observed_bbox_pixel": [
          781,
          423,
          811,
          446
        ],
        "observed_approx_area_km2": 74.88847229957098,
        "observed_boundary_truncated": false,
        "observed_geometry_limit": "CENTROID_ONLY_BBOX_IS_PIXEL_SPACE_NOT_GEO_POLYGON",
        "lpz_forecast_generated": false,
        "kind": "RESEARCH_POINT_EXTRAPOLATION",
        "lead_from_as_of_minutes": 15,
        "target_valid_time_utc": "2026-09-21T04:15:00Z",
        "research_only": true,
        "probability": null,
        "intensity": null,
        "footprint": null,
        "affected_regions": null
      }
    },
    {
      "type": "Feature",
      "geometry": {
        "type": "LineString",
        "coordinates": [
          [
            139.37530517578125,
            34.65806316573297
          ],
          [
            139.37530517578125,
            34.84787468441729
          ]
        ]
      },
      "properties": {
        "research_object_id": "F3-0ea0f787f115440a-000013",
        "source_slot_utc": "2026-09-21T03:45:00Z",
        "observation_valid_time_utc": "2026-09-21T03:45:00Z",
        "observed_centroid_lon_lat": [
          139.37530517578125,
          34.65806316573297
        ],
        "observed_bbox_pixel": [
          781,
          423,
          811,
          446
        ],
        "observed_approx_area_km2": 74.88847229957098,
        "observed_boundary_truncated": false,
        "observed_geometry_limit": "CENTROID_ONLY_BBOX_IS_PIXEL_SPACE_NOT_GEO_POLYGON",
        "lpz_forecast_generated": false,
        "kind": "RESEARCH_POINT_MOTION_ARROW",
        "lead_from_as_of_minutes": 15,
        "target_valid_time_utc": "2026-09-21T04:15:00Z",
        "research_only": true,
        "probability": null,
        "intensity": null,
        "footprint": null,
        "affected_regions": null
      }
    },
    {
      "type": "Feature",
      "geometry": {
        "type": "Point",
        "coordinates": [
          139.37530517578125,
          34.94278044375945
        ]
      },
      "properties": {
        "research_object_id": "F3-0ea0f787f115440a-000013",
        "source_slot_utc": "2026-09-21T03:45:00Z",
        "observation_valid_time_utc": "2026-09-21T03:45:00Z",
        "observed_centroid_lon_lat": [
          139.37530517578125,
          34.65806316573297
        ],
        "observed_bbox_pixel": [
          781,
          423,
          811,
          446
        ],
        "observed_approx_area_km2": 74.88847229957098,
        "observed_boundary_truncated": false,
        "observed_geometry_limit": "CENTROID_ONLY_BBOX_IS_PIXEL_SPACE_NOT_GEO_POLYGON",
        "lpz_forecast_generated": false,
        "kind": "RESEARCH_POINT_EXTRAPOLATION",
        "lead_from_as_of_minutes": 30,
        "target_valid_time_utc": "2026-09-21T04:30:00Z",
        "research_only": true,
        "probability": null,
        "intensity": null,
        "footprint": null,
        "affected_regions": null
      }
    },
    {
      "type": "Feature",
      "geometry": {
        "type": "LineString",
        "coordinates": [
          [
            139.37530517578125,
            34.65806316573297
          ],
          [
            139.37530517578125,
            34.94278044375945
          ]
        ]
      },
      "properties": {
        "research_object_id": "F3-0ea0f787f115440a-000013",
        "source_slot_utc": "2026-09-21T03:45:00Z",
        "observation_valid_time_utc": "2026-09-21T03:45:00Z",
        "observed_centroid_lon_lat": [
          139.37530517578125,
          34.65806316573297
        ],
        "observed_bbox_pixel": [
          781,
          423,
          811,
          446
        ],
        "observed_approx_area_km2": 74.88847229957098,
        "observed_boundary_truncated": false,
        "observed_geometry_limit": "CENTROID_ONLY_BBOX_IS_PIXEL_SPACE_NOT_GEO_POLYGON",
        "lpz_forecast_generated": false,
        "kind": "RESEARCH_POINT_MOTION_ARROW",
        "lead_from_as_of_minutes": 30,
        "target_valid_time_utc": "2026-09-21T04:30:00Z",
        "research_only": true,
        "probability": null,
        "intensity": null,
        "footprint": null,
        "affected_regions": null
      }
    },
    {
      "type": "Feature",
      "geometry": {
        "type": "Point",
        "coordinates": [
          139.90814208984375,
          35.005253150047466
        ]
      },
      "properties": {
        "research_object_id": "F3-0ea0f787f115440a-000015",
        "source_slot_utc": "2026-09-21T03:45:00Z",
        "observation_valid_time_utc": "2026-09-21T03:45:00Z",
        "observed_centroid_lon_lat": [
          139.90814208984375,
          35.005253150047466
        ],
        "observed_bbox_pixel": [
          884,
          348,
          907,
          365
        ],
        "observed_approx_area_km2": 45.910489535757215,
        "observed_boundary_truncated": false,
        "observed_geometry_limit": "CENTROID_ONLY_BBOX_IS_PIXEL_SPACE_NOT_GEO_POLYGON",
        "lpz_forecast_generated": false,
        "kind": "OBSERVED_ORIGIN",
        "lead_from_as_of_minutes": 0
      }
    },
    {
      "type": "Feature",
      "geometry": {
        "type": "Point",
        "coordinates": [
          139.87518038644828,
          35.08624988930296
        ]
      },
      "properties": {
        "research_object_id": "F3-0ea0f787f115440a-000015",
        "source_slot_utc": "2026-09-21T03:45:00Z",
        "observation_valid_time_utc": "2026-09-21T03:45:00Z",
        "observed_centroid_lon_lat": [
          139.90814208984375,
          35.005253150047466
        ],
        "observed_bbox_pixel": [
          884,
          348,
          907,
          365
        ],
        "observed_approx_area_km2": 45.910489535757215,
        "observed_boundary_truncated": false,
        "observed_geometry_limit": "CENTROID_ONLY_BBOX_IS_PIXEL_SPACE_NOT_GEO_POLYGON",
        "lpz_forecast_generated": false,
        "kind": "RESEARCH_POINT_EXTRAPOLATION",
        "lead_from_as_of_minutes": 15,
        "target_valid_time_utc": "2026-09-21T04:15:00Z",
        "research_only": true,
        "probability": null,
        "intensity": null,
        "footprint": null,
        "affected_regions": null
      }
    },
    {
      "type": "Feature",
      "geometry": {
        "type": "LineString",
        "coordinates": [
          [
            139.90814208984375,
            35.005253150047466
          ],
          [
            139.87518038644828,
            35.08624988930296
          ]
        ]
      },
      "properties": {
        "research_object_id": "F3-0ea0f787f115440a-000015",
        "source_slot_utc": "2026-09-21T03:45:00Z",
        "observation_valid_time_utc": "2026-09-21T03:45:00Z",
        "observed_centroid_lon_lat": [
          139.90814208984375,
          35.005253150047466
        ],
        "observed_bbox_pixel": [
          884,
          348,
          907,
          365
        ],
        "observed_approx_area_km2": 45.910489535757215,
        "observed_boundary_truncated": false,
        "observed_geometry_limit": "CENTROID_ONLY_BBOX_IS_PIXEL_SPACE_NOT_GEO_POLYGON",
        "lpz_forecast_generated": false,
        "kind": "RESEARCH_POINT_MOTION_ARROW",
        "lead_from_as_of_minutes": 15,
        "target_valid_time_utc": "2026-09-21T04:15:00Z",
        "research_only": true,
        "probability": null,
        "intensity": null,
        "footprint": null,
        "affected_regions": null
      }
    },
    {
      "type": "Feature",
      "geometry": {
        "type": "Point",
        "coordinates": [
          139.8586995347506,
          35.12674825893071
        ]
      },
      "properties": {
        "research_object_id": "F3-0ea0f787f115440a-000015",
        "source_slot_utc": "2026-09-21T03:45:00Z",
        "observation_valid_time_utc": "2026-09-21T03:45:00Z",
        "observed_centroid_lon_lat": [
          139.90814208984375,
          35.005253150047466
        ],
        "observed_bbox_pixel": [
          884,
          348,
          907,
          365
        ],
        "observed_approx_area_km2": 45.910489535757215,
        "observed_boundary_truncated": false,
        "observed_geometry_limit": "CENTROID_ONLY_BBOX_IS_PIXEL_SPACE_NOT_GEO_POLYGON",
        "lpz_forecast_generated": false,
        "kind": "RESEARCH_POINT_EXTRAPOLATION",
        "lead_from_as_of_minutes": 30,
        "target_valid_time_utc": "2026-09-21T04:30:00Z",
        "research_only": true,
        "probability": null,
        "intensity": null,
        "footprint": null,
        "affected_regions": null
      }
    },
    {
      "type": "Feature",
      "geometry": {
        "type": "LineString",
        "coordinates": [
          [
            139.90814208984375,
            35.005253150047466
          ],
          [
            139.8586995347506,
            35.12674825893071
          ]
        ]
      },
      "properties": {
        "research_object_id": "F3-0ea0f787f115440a-000015",
        "source_slot_utc": "2026-09-21T03:45:00Z",
        "observation_valid_time_utc": "2026-09-21T03:45:00Z",
        "observed_centroid_lon_lat": [
          139.90814208984375,
          35.005253150047466
        ],
        "observed_bbox_pixel": [
          884,
          348,
          907,
          365
        ],
        "observed_approx_area_km2": 45.910489535757215,
        "observed_boundary_truncated": false,
        "observed_geometry_limit": "CENTROID_ONLY_BBOX_IS_PIXEL_SPACE_NOT_GEO_POLYGON",
        "lpz_forecast_generated": false,
        "kind": "RESEARCH_POINT_MOTION_ARROW",
        "lead_from_as_of_minutes": 30,
        "target_valid_time_utc": "2026-09-21T04:30:00Z",
        "research_only": true,
        "probability": null,
        "intensity": null,
        "footprint": null,
        "affected_regions": null
      }
    },
    {
      "type": "Feature",
      "geometry": {
        "type": "Point",
        "coordinates": [
          138.12286376953125,
          34.173180761144984
        ]
      },
      "properties": {
        "research_object_id": "F3-0ea0f787f115440a-000016",
        "source_slot_utc": "2026-09-21T03:45:00Z",
        "observation_valid_time_utc": "2026-09-21T03:45:00Z",
        "observed_centroid_lon_lat": [
          138.12286376953125,
          34.173180761144984
        ],
        "observed_bbox_pixel": [
          564,
          535,
          573,
          550
        ],
        "observed_approx_area_km2": 24.571439730793955,
        "observed_boundary_truncated": false,
        "observed_geometry_limit": "CENTROID_ONLY_BBOX_IS_PIXEL_SPACE_NOT_GEO_POLYGON",
        "lpz_forecast_generated": false,
        "kind": "OBSERVED_ORIGIN",
        "lead_from_as_of_minutes": 0
      }
    },
    {
      "type": "Feature",
      "geometry": {
        "type": "Point",
        "coordinates": [
          138.1558263036846,
          34.28226612509355
        ]
      },
      "properties": {
        "research_object_id": "F3-0ea0f787f115440a-000016",
        "source_slot_utc": "2026-09-21T03:45:00Z",
        "observation_valid_time_utc": "2026-09-21T03:45:00Z",
        "observed_centroid_lon_lat": [
          138.12286376953125,
          34.173180761144984
        ],
        "observed_bbox_pixel": [
          564,
          535,
          573,
          550
        ],
        "observed_approx_area_km2": 24.571439730793955,
        "observed_boundary_truncated": false,
        "observed_geometry_limit": "CENTROID_ONLY_BBOX_IS_PIXEL_SPACE_NOT_GEO_POLYGON",
        "lpz_forecast_generated": false,
        "kind": "RESEARCH_POINT_EXTRAPOLATION",
        "lead_from_as_of_minutes": 15,
        "target_valid_time_utc": "2026-09-21T04:15:00Z",
        "research_only": true,
        "probability": null,
        "intensity": null,
        "footprint": null,
        "affected_regions": null
      }
    },
    {
      "type": "Feature",
      "geometry": {
        "type": "LineString",
        "coordinates": [
          [
            138.12286376953125,
            34.173180761144984
          ],
          [
            138.1558263036846,
            34.28226612509355
          ]
        ]
      },
      "properties": {
        "research_object_id": "F3-0ea0f787f115440a-000016",
        "source_slot_utc": "2026-09-21T03:45:00Z",
        "observation_valid_time_utc": "2026-09-21T03:45:00Z",
        "observed_centroid_lon_lat": [
          138.12286376953125,
          34.173180761144984
        ],
        "observed_bbox_pixel": [
          564,
          535,
          573,
          550
        ],
        "observed_approx_area_km2": 24.571439730793955,
        "observed_boundary_truncated": false,
        "observed_geometry_limit": "CENTROID_ONLY_BBOX_IS_PIXEL_SPACE_NOT_GEO_POLYGON",
        "lpz_forecast_generated": false,
        "kind": "RESEARCH_POINT_MOTION_ARROW",
        "lead_from_as_of_minutes": 15,
        "target_valid_time_utc": "2026-09-21T04:15:00Z",
        "research_only": true,
        "probability": null,
        "intensity": null,
        "footprint": null,
        "affected_regions": null
      }
    },
    {
      "type": "Feature",
      "geometry": {
        "type": "Point",
        "coordinates": [
          138.1723075707613,
          34.33680880706783
        ]
      },
      "properties": {
        "research_object_id": "F3-0ea0f787f115440a-000016",
        "source_slot_utc": "2026-09-21T03:45:00Z",
        "observation_valid_time_utc": "2026-09-21T03:45:00Z",
        "observed_centroid_lon_lat": [
          138.12286376953125,
          34.173180761144984
        ],
        "observed_bbox_pixel": [
          564,
          535,
          573,
          550
        ],
        "observed_approx_area_km2": 24.571439730793955,
        "observed_boundary_truncated": false,
        "observed_geometry_limit": "CENTROID_ONLY_BBOX_IS_PIXEL_SPACE_NOT_GEO_POLYGON",
        "lpz_forecast_generated": false,
        "kind": "RESEARCH_POINT_EXTRAPOLATION",
        "lead_from_as_of_minutes": 30,
        "target_valid_time_utc": "2026-09-21T04:30:00Z",
        "research_only": true,
        "probability": null,
        "intensity": null,
        "footprint": null,
        "affected_regions": null
      }
    },
    {
      "type": "Feature",
      "geometry": {
        "type": "LineString",
        "coordinates": [
          [
            138.12286376953125,
            34.173180761144984
          ],
          [
            138.1723075707613,
            34.33680880706783
          ]
        ]
      },
      "properties": {
        "research_object_id": "F3-0ea0f787f115440a-000016",
        "source_slot_utc": "2026-09-21T03:45:00Z",
        "observation_valid_time_utc": "2026-09-21T03:45:00Z",
        "observed_centroid_lon_lat": [
          138.12286376953125,
          34.173180761144984
        ],
        "observed_bbox_pixel": [
          564,
          535,
          573,
          550
        ],
        "observed_approx_area_km2": 24.571439730793955,
        "observed_boundary_truncated": false,
        "observed_geometry_limit": "CENTROID_ONLY_BBOX_IS_PIXEL_SPACE_NOT_GEO_POLYGON",
        "lpz_forecast_generated": false,
        "kind": "RESEARCH_POINT_MOTION_ARROW",
        "lead_from_as_of_minutes": 30,
        "target_valid_time_utc": "2026-09-21T04:30:00Z",
        "research_only": true,
        "probability": null,
        "intensity": null,
        "footprint": null,
        "affected_regions": null
      }
    },
    {
      "type": "Feature",
      "geometry": {
        "type": "Point",
        "coordinates": [
          138.22723388671875,
          34.39104576945998
        ]
      },
      "properties": {
        "research_object_id": "F3-0ea0f787f115440a-000018",
        "source_slot_utc": "2026-09-21T03:45:00Z",
        "observation_valid_time_utc": "2026-09-21T03:45:00Z",
        "observed_centroid_lon_lat": [
          138.22723388671875,
          34.39104576945998
        ],
        "observed_bbox_pixel": [
          580,
          483,
          597,
          503
        ],
        "observed_approx_area_km2": 50.161914383836205,
        "observed_boundary_truncated": false,
        "observed_geometry_limit": "CENTROID_ONLY_BBOX_IS_PIXEL_SPACE_NOT_GEO_POLYGON",
        "lpz_forecast_generated": false,
        "kind": "OBSERVED_ORIGIN",
        "lead_from_as_of_minutes": 0
      }
    },
    {
      "type": "Feature",
      "geometry": {
        "type": "Point",
        "coordinates": [
          138.22723388671875,
          34.39104576945998
        ]
      },
      "properties": {
        "research_object_id": "F3-0ea0f787f115440a-000018",
        "source_slot_utc": "2026-09-21T03:45:00Z",
        "observation_valid_time_utc": "2026-09-21T03:45:00Z",
        "observed_centroid_lon_lat": [
          138.22723388671875,
          34.39104576945998
        ],
        "observed_bbox_pixel": [
          580,
          483,
          597,
          503
        ],
        "observed_approx_area_km2": 50.161914383836205,
        "observed_boundary_truncated": false,
        "observed_geometry_limit": "CENTROID_ONLY_BBOX_IS_PIXEL_SPACE_NOT_GEO_POLYGON",
        "lpz_forecast_generated": false,
        "kind": "RESEARCH_POINT_EXTRAPOLATION",
        "lead_from_as_of_minutes": 15,
        "target_valid_time_utc": "2026-09-21T04:15:00Z",
        "research_only": true,
        "probability": null,
        "intensity": null,
        "footprint": null,
        "affected_regions": null
      }
    },
    {
      "type": "Feature",
      "geometry": {
        "type": "LineString",
        "coordinates": [
          [
            138.22723388671875,
            34.39104576945998
          ],
          [
            138.22723388671875,
            34.39104576945998
          ]
        ]
      },
      "properties": {
        "research_object_id": "F3-0ea0f787f115440a-000018",
        "source_slot_utc": "2026-09-21T03:45:00Z",
        "observation_valid_time_utc": "2026-09-21T03:45:00Z",
        "observed_centroid_lon_lat": [
          138.22723388671875,
          34.39104576945998
        ],
        "observed_bbox_pixel": [
          580,
          483,
          597,
          503
        ],
        "observed_approx_area_km2": 50.161914383836205,
        "observed_boundary_truncated": false,
        "observed_geometry_limit": "CENTROID_ONLY_BBOX_IS_PIXEL_SPACE_NOT_GEO_POLYGON",
        "lpz_forecast_generated": false,
        "kind": "RESEARCH_POINT_MOTION_ARROW",
        "lead_from_as_of_minutes": 15,
        "target_valid_time_utc": "2026-09-21T04:15:00Z",
        "research_only": true,
        "probability": null,
        "intensity": null,
        "footprint": null,
        "affected_regions": null
      }
    },
    {
      "type": "Feature",
      "geometry": {
        "type": "Point",
        "coordinates": [
          138.22723388671875,
          34.39104576945998
        ]
      },
      "properties": {
        "research_object_id": "F3-0ea0f787f115440a-000018",
        "source_slot_utc": "2026-09-21T03:45:00Z",
        "observation_valid_time_utc": "2026-09-21T03:45:00Z",
        "observed_centroid_lon_lat": [
          138.22723388671875,
          34.39104576945998
        ],
        "observed_bbox_pixel": [
          580,
          483,
          597,
          503
        ],
        "observed_approx_area_km2": 50.161914383836205,
        "observed_boundary_truncated": false,
        "observed_geometry_limit": "CENTROID_ONLY_BBOX_IS_PIXEL_SPACE_NOT_GEO_POLYGON",
        "lpz_forecast_generated": false,
        "kind": "RESEARCH_POINT_EXTRAPOLATION",
        "lead_from_as_of_minutes": 30,
        "target_valid_time_utc": "2026-09-21T04:30:00Z",
        "research_only": true,
        "probability": null,
        "intensity": null,
        "footprint": null,
        "affected_regions": null
      }
    },
    {
      "type": "Feature",
      "geometry": {
        "type": "LineString",
        "coordinates": [
          [
            138.22723388671875,
            34.39104576945998
          ],
          [
            138.22723388671875,
            34.39104576945998
          ]
        ]
      },
      "properties": {
        "research_object_id": "F3-0ea0f787f115440a-000018",
        "source_slot_utc": "2026-09-21T03:45:00Z",
        "observation_valid_time_utc": "2026-09-21T03:45:00Z",
        "observed_centroid_lon_lat": [
          138.22723388671875,
          34.39104576945998
        ],
        "observed_bbox_pixel": [
          580,
          483,
          597,
          503
        ],
        "observed_approx_area_km2": 50.161914383836205,
        "observed_boundary_truncated": false,
        "observed_geometry_limit": "CENTROID_ONLY_BBOX_IS_PIXEL_SPACE_NOT_GEO_POLYGON",
        "lpz_forecast_generated": false,
        "kind": "RESEARCH_POINT_MOTION_ARROW",
        "lead_from_as_of_minutes": 30,
        "target_valid_time_utc": "2026-09-21T04:30:00Z",
        "research_only": true,
        "probability": null,
        "intensity": null,
        "footprint": null,
        "affected_regions": null
      }
    },
    {
      "type": "Feature",
      "geometry": {
        "type": "Point",
        "coordinates": [
          140.02899169921875,
          35.07271701786368
        ]
      },
      "properties": {
        "research_object_id": "F3-0ea0f787f115440a-000020",
        "source_slot_utc": "2026-09-21T03:45:00Z",
        "observation_valid_time_utc": "2026-09-21T03:45:00Z",
        "observed_centroid_lon_lat": [
          140.02899169921875,
          35.07271701786368
        ],
        "observed_bbox_pixel": [
          910,
          338,
          923,
          348
        ],
        "observed_approx_area_km2": 20.287507278312862,
        "observed_boundary_truncated": false,
        "observed_geometry_limit": "CENTROID_ONLY_BBOX_IS_PIXEL_SPACE_NOT_GEO_POLYGON",
        "lpz_forecast_generated": false,
        "kind": "OBSERVED_ORIGIN",
        "lead_from_as_of_minutes": 0
      }
    },
    {
      "type": "Feature",
      "geometry": {
        "type": "Point",
        "coordinates": [
          140.094913299425,
          35.12666879986833
        ]
      },
      "properties": {
        "research_object_id": "F3-0ea0f787f115440a-000020",
        "source_slot_utc": "2026-09-21T03:45:00Z",
        "observation_valid_time_utc": "2026-09-21T03:45:00Z",
        "observed_centroid_lon_lat": [
          140.02899169921875,
          35.07271701786368
        ],
        "observed_bbox_pixel": [
          910,
          338,
          923,
          348
        ],
        "observed_approx_area_km2": 20.287507278312862,
        "observed_boundary_truncated": false,
        "observed_geometry_limit": "CENTROID_ONLY_BBOX_IS_PIXEL_SPACE_NOT_GEO_POLYGON",
        "lpz_forecast_generated": false,
        "kind": "RESEARCH_POINT_EXTRAPOLATION",
        "lead_from_as_of_minutes": 15,
        "target_valid_time_utc": "2026-09-21T04:15:00Z",
        "research_only": true,
        "probability": null,
        "intensity": null,
        "footprint": null,
        "affected_regions": null
      }
    },
    {
      "type": "Feature",
      "geometry": {
        "type": "LineString",
        "coordinates": [
          [
            140.02899169921875,
            35.07271701786368
          ],
          [
            140.094913299425,
            35.12666879986833
          ]
        ]
      },
      "properties": {
        "research_object_id": "F3-0ea0f787f115440a-000020",
        "source_slot_utc": "2026-09-21T03:45:00Z",
        "observation_valid_time_utc": "2026-09-21T03:45:00Z",
        "observed_centroid_lon_lat": [
          140.02899169921875,
          35.07271701786368
        ],
        "observed_bbox_pixel": [
          910,
          338,
          923,
          348
        ],
        "observed_approx_area_km2": 20.287507278312862,
        "observed_boundary_truncated": false,
        "observed_geometry_limit": "CENTROID_ONLY_BBOX_IS_PIXEL_SPACE_NOT_GEO_POLYGON",
        "lpz_forecast_generated": false,
        "kind": "RESEARCH_POINT_MOTION_ARROW",
        "lead_from_as_of_minutes": 15,
        "target_valid_time_utc": "2026-09-21T04:15:00Z",
        "research_only": true,
        "probability": null,
        "intensity": null,
        "footprint": null,
        "affected_regions": null
      }
    },
    {
      "type": "Feature",
      "geometry": {
        "type": "Point",
        "coordinates": [
          140.12787409952819,
          35.15364469087065
        ]
      },
      "properties": {
        "research_object_id": "F3-0ea0f787f115440a-000020",
        "source_slot_utc": "2026-09-21T03:45:00Z",
        "observation_valid_time_utc": "2026-09-21T03:45:00Z",
        "observed_centroid_lon_lat": [
          140.02899169921875,
          35.07271701786368
        ],
        "observed_bbox_pixel": [
          910,
          338,
          923,
          348
        ],
        "observed_approx_area_km2": 20.287507278312862,
        "observed_boundary_truncated": false,
        "observed_geometry_limit": "CENTROID_ONLY_BBOX_IS_PIXEL_SPACE_NOT_GEO_POLYGON",
        "lpz_forecast_generated": false,
        "kind": "RESEARCH_POINT_EXTRAPOLATION",
        "lead_from_as_of_minutes": 30,
        "target_valid_time_utc": "2026-09-21T04:30:00Z",
        "research_only": true,
        "probability": null,
        "intensity": null,
        "footprint": null,
        "affected_regions": null
      }
    },
    {
      "type": "Feature",
      "geometry": {
        "type": "LineString",
        "coordinates": [
          [
            140.02899169921875,
            35.07271701786368
          ],
          [
            140.12787409952819,
            35.15364469087065
          ]
        ]
      },
      "properties": {
        "research_object_id": "F3-0ea0f787f115440a-000020",
        "source_slot_utc": "2026-09-21T03:45:00Z",
        "observation_valid_time_utc": "2026-09-21T03:45:00Z",
        "observed_centroid_lon_lat": [
          140.02899169921875,
          35.07271701786368
        ],
        "observed_bbox_pixel": [
          910,
          338,
          923,
          348
        ],
        "observed_approx_area_km2": 20.287507278312862,
        "observed_boundary_truncated": false,
        "observed_geometry_limit": "CENTROID_ONLY_BBOX_IS_PIXEL_SPACE_NOT_GEO_POLYGON",
        "lpz_forecast_generated": false,
        "kind": "RESEARCH_POINT_MOTION_ARROW",
        "lead_from_as_of_minutes": 30,
        "target_valid_time_utc": "2026-09-21T04:30:00Z",
        "research_only": true,
        "probability": null,
        "intensity": null,
        "footprint": null,
        "affected_regions": null
      }
    },
    {
      "type": "Feature",
      "geometry": {
        "type": "Point",
        "coordinates": [
          138.26019287109375,
          34.44995361537075
        ]
      },
      "properties": {
        "research_object_id": "F3-0ea0f787f115440a-000021",
        "source_slot_utc": "2026-09-21T03:45:00Z",
        "observation_valid_time_utc": "2026-09-21T03:45:00Z",
        "observed_centroid_lon_lat": [
          138.26019287109375,
          34.44995361537075
        ],
        "observed_bbox_pixel": [
          592,
          479,
          595,
          482
        ],
        "observed_approx_area_km2": 2.288434295614853,
        "observed_boundary_truncated": false,
        "observed_geometry_limit": "CENTROID_ONLY_BBOX_IS_PIXEL_SPACE_NOT_GEO_POLYGON",
        "lpz_forecast_generated": false,
        "kind": "OBSERVED_ORIGIN",
        "lead_from_as_of_minutes": 0
      }
    },
    {
      "type": "Feature",
      "geometry": {
        "type": "Point",
        "coordinates": [
          138.457957502388,
          34.50431387924832
        ]
      },
      "properties": {
        "research_object_id": "F3-0ea0f787f115440a-000021",
        "source_slot_utc": "2026-09-21T03:45:00Z",
        "observation_valid_time_utc": "2026-09-21T03:45:00Z",
        "observed_centroid_lon_lat": [
          138.26019287109375,
          34.44995361537075
        ],
        "observed_bbox_pixel": [
          592,
          479,
          595,
          482
        ],
        "observed_approx_area_km2": 2.288434295614853,
        "observed_boundary_truncated": false,
        "observed_geometry_limit": "CENTROID_ONLY_BBOX_IS_PIXEL_SPACE_NOT_GEO_POLYGON",
        "lpz_forecast_generated": false,
        "kind": "RESEARCH_POINT_EXTRAPOLATION",
        "lead_from_as_of_minutes": 15,
        "target_valid_time_utc": "2026-09-21T04:15:00Z",
        "research_only": true,
        "probability": null,
        "intensity": null,
        "footprint": null,
        "affected_regions": null
      }
    },
    {
      "type": "Feature",
      "geometry": {
        "type": "LineString",
        "coordinates": [
          [
            138.26019287109375,
            34.44995361537075
          ],
          [
            138.457957502388,
            34.50431387924832
          ]
        ]
      },
      "properties": {
        "research_object_id": "F3-0ea0f787f115440a-000021",
        "source_slot_utc": "2026-09-21T03:45:00Z",
        "observation_valid_time_utc": "2026-09-21T03:45:00Z",
        "observed_centroid_lon_lat": [
          138.26019287109375,
          34.44995361537075
        ],
        "observed_bbox_pixel": [
          592,
          479,
          595,
          482
        ],
        "observed_approx_area_km2": 2.288434295614853,
        "observed_boundary_truncated": false,
        "observed_geometry_limit": "CENTROID_ONLY_BBOX_IS_PIXEL_SPACE_NOT_GEO_POLYGON",
        "lpz_forecast_generated": false,
        "kind": "RESEARCH_POINT_MOTION_ARROW",
        "lead_from_as_of_minutes": 15,
        "target_valid_time_utc": "2026-09-21T04:15:00Z",
        "research_only": true,
        "probability": null,
        "intensity": null,
        "footprint": null,
        "affected_regions": null
      }
    },
    {
      "type": "Feature",
      "geometry": {
        "type": "Point",
        "coordinates": [
          138.5568398180351,
          34.53149401118711
        ]
      },
      "properties": {
        "research_object_id": "F3-0ea0f787f115440a-000021",
        "source_slot_utc": "2026-09-21T03:45:00Z",
        "observation_valid_time_utc": "2026-09-21T03:45:00Z",
        "observed_centroid_lon_lat": [
          138.26019287109375,
          34.44995361537075
        ],
        "observed_bbox_pixel": [
          592,
          479,
          595,
          482
        ],
        "observed_approx_area_km2": 2.288434295614853,
        "observed_boundary_truncated": false,
        "observed_geometry_limit": "CENTROID_ONLY_BBOX_IS_PIXEL_SPACE_NOT_GEO_POLYGON",
        "lpz_forecast_generated": false,
        "kind": "RESEARCH_POINT_EXTRAPOLATION",
        "lead_from_as_of_minutes": 30,
        "target_valid_time_utc": "2026-09-21T04:30:00Z",
        "research_only": true,
        "probability": null,
        "intensity": null,
        "footprint": null,
        "affected_regions": null
      }
    },
    {
      "type": "Feature",
      "geometry": {
        "type": "LineString",
        "coordinates": [
          [
            138.26019287109375,
            34.44995361537075
          ],
          [
            138.5568398180351,
            34.53149401118711
          ]
        ]
      },
      "properties": {
        "research_object_id": "F3-0ea0f787f115440a-000021",
        "source_slot_utc": "2026-09-21T03:45:00Z",
        "observation_valid_time_utc": "2026-09-21T03:45:00Z",
        "observed_centroid_lon_lat": [
          138.26019287109375,
          34.44995361537075
        ],
        "observed_bbox_pixel": [
          592,
          479,
          595,
          482
        ],
        "observed_approx_area_km2": 2.288434295614853,
        "observed_boundary_truncated": false,
        "observed_geometry_limit": "CENTROID_ONLY_BBOX_IS_PIXEL_SPACE_NOT_GEO_POLYGON",
        "lpz_forecast_generated": false,
        "kind": "RESEARCH_POINT_MOTION_ARROW",
        "lead_from_as_of_minutes": 30,
        "target_valid_time_utc": "2026-09-21T04:30:00Z",
        "research_only": true,
        "probability": null,
        "intensity": null,
        "footprint": null,
        "affected_regions": null
      }
    },
    {
      "type": "Feature",
      "geometry": {
        "type": "Point",
        "coordinates": [
          138.12835693359375,
          34.232241617439286
        ]
      },
      "properties": {
        "research_object_id": "F3-0ea0f787f115440a-000026",
        "source_slot_utc": "2026-09-21T03:45:00Z",
        "observation_valid_time_utc": "2026-09-21T03:45:00Z",
        "observed_centroid_lon_lat": [
          138.12835693359375,
          34.232241617439286
        ],
        "observed_bbox_pixel": [
          566,
          526,
          575,
          533
        ],
        "observed_approx_area_km2": 11.75732879667864,
        "observed_boundary_truncated": false,
        "observed_geometry_limit": "CENTROID_ONLY_BBOX_IS_PIXEL_SPACE_NOT_GEO_POLYGON",
        "lpz_forecast_generated": false,
        "kind": "OBSERVED_ORIGIN",
        "lead_from_as_of_minutes": 0
      }
    },
    {
      "type": "Feature",
      "geometry": {
        "type": "Point",
        "coordinates": [
          137.93060302734375,
          34.232241617439286
        ]
      },
      "properties": {
        "research_object_id": "F3-0ea0f787f115440a-000026",
        "source_slot_utc": "2026-09-21T03:45:00Z",
        "observation_valid_time_utc": "2026-09-21T03:45:00Z",
        "observed_centroid_lon_lat": [
          138.12835693359375,
          34.232241617439286
        ],
        "observed_bbox_pixel": [
          566,
          526,
          575,
          533
        ],
        "observed_approx_area_km2": 11.75732879667864,
        "observed_boundary_truncated": false,
        "observed_geometry_limit": "CENTROID_ONLY_BBOX_IS_PIXEL_SPACE_NOT_GEO_POLYGON",
        "lpz_forecast_generated": false,
        "kind": "RESEARCH_POINT_EXTRAPOLATION",
        "lead_from_as_of_minutes": 15,
        "target_valid_time_utc": "2026-09-21T04:15:00Z",
        "research_only": true,
        "probability": null,
        "intensity": null,
        "footprint": null,
        "affected_regions": null
      }
    },
    {
      "type": "Feature",
      "geometry": {
        "type": "LineString",
        "coordinates": [
          [
            138.12835693359375,
            34.232241617439286
          ],
          [
            137.93060302734375,
            34.232241617439286
          ]
        ]
      },
      "properties": {
        "research_object_id": "F3-0ea0f787f115440a-000026",
        "source_slot_utc": "2026-09-21T03:45:00Z",
        "observation_valid_time_utc": "2026-09-21T03:45:00Z",
        "observed_centroid_lon_lat": [
          138.12835693359375,
          34.232241617439286
        ],
        "observed_bbox_pixel": [
          566,
          526,
          575,
          533
        ],
        "observed_approx_area_km2": 11.75732879667864,
        "observed_boundary_truncated": false,
        "observed_geometry_limit": "CENTROID_ONLY_BBOX_IS_PIXEL_SPACE_NOT_GEO_POLYGON",
        "lpz_forecast_generated": false,
        "kind": "RESEARCH_POINT_MOTION_ARROW",
        "lead_from_as_of_minutes": 15,
        "target_valid_time_utc": "2026-09-21T04:15:00Z",
        "research_only": true,
        "probability": null,
        "intensity": null,
        "footprint": null,
        "affected_regions": null
      }
    },
    {
      "type": "Feature",
      "geometry": {
        "type": "Point",
        "coordinates": [
          137.83172607421875,
          34.232241617439286
        ]
      },
      "properties": {
        "research_object_id": "F3-0ea0f787f115440a-000026",
        "source_slot_utc": "2026-09-21T03:45:00Z",
        "observation_valid_time_utc": "2026-09-21T03:45:00Z",
        "observed_centroid_lon_lat": [
          138.12835693359375,
          34.232241617439286
        ],
        "observed_bbox_pixel": [
          566,
          526,
          575,
          533
        ],
        "observed_approx_area_km2": 11.75732879667864,
        "observed_boundary_truncated": false,
        "observed_geometry_limit": "CENTROID_ONLY_BBOX_IS_PIXEL_SPACE_NOT_GEO_POLYGON",
        "lpz_forecast_generated": false,
        "kind": "RESEARCH_POINT_EXTRAPOLATION",
        "lead_from_as_of_minutes": 30,
        "target_valid_time_utc": "2026-09-21T04:30:00Z",
        "research_only": true,
        "probability": null,
        "intensity": null,
        "footprint": null,
        "affected_regions": null
      }
    },
    {
      "type": "Feature",
      "geometry": {
        "type": "LineString",
        "coordinates": [
          [
            138.12835693359375,
            34.232241617439286
          ],
          [
            137.83172607421875,
            34.232241617439286
          ]
        ]
      },
      "properties": {
        "research_object_id": "F3-0ea0f787f115440a-000026",
        "source_slot_utc": "2026-09-21T03:45:00Z",
        "observation_valid_time_utc": "2026-09-21T03:45:00Z",
        "observed_centroid_lon_lat": [
          138.12835693359375,
          34.232241617439286
        ],
        "observed_bbox_pixel": [
          566,
          526,
          575,
          533
        ],
        "observed_approx_area_km2": 11.75732879667864,
        "observed_boundary_truncated": false,
        "observed_geometry_limit": "CENTROID_ONLY_BBOX_IS_PIXEL_SPACE_NOT_GEO_POLYGON",
        "lpz_forecast_generated": false,
        "kind": "RESEARCH_POINT_MOTION_ARROW",
        "lead_from_as_of_minutes": 30,
        "target_valid_time_utc": "2026-09-21T04:30:00Z",
        "research_only": true,
        "probability": null,
        "intensity": null,
        "footprint": null,
        "affected_regions": null
      }
    },
    {
      "type": "Feature",
      "geometry": {
        "type": "Point",
        "coordinates": [
          138.26568603515625,
          34.47712785074854
        ]
      },
      "properties": {
        "research_object_id": "F3-0ea0f787f115440a-000027",
        "source_slot_utc": "2026-09-21T03:45:00Z",
        "observation_valid_time_utc": "2026-09-21T03:45:00Z",
        "observed_centroid_lon_lat": [
          138.26568603515625,
          34.47712785074854
        ],
        "observed_bbox_pixel": [
          593,
          472,
          597,
          477
        ],
        "observed_approx_area_km2": 5.844414798320713,
        "observed_boundary_truncated": false,
        "observed_geometry_limit": "CENTROID_ONLY_BBOX_IS_PIXEL_SPACE_NOT_GEO_POLYGON",
        "lpz_forecast_generated": false,
        "kind": "OBSERVED_ORIGIN",
        "lead_from_as_of_minutes": 0
      }
    },
    {
      "type": "Feature",
      "geometry": {
        "type": "Point",
        "coordinates": [
          138.13386440774212,
          34.36846039922562
        ]
      },
      "properties": {
        "research_object_id": "F3-0ea0f787f115440a-000027",
        "source_slot_utc": "2026-09-21T03:45:00Z",
        "observation_valid_time_utc": "2026-09-21T03:45:00Z",
        "observed_centroid_lon_lat": [
          138.26568603515625,
          34.47712785074854
        ],
        "observed_bbox_pixel": [
          593,
          472,
          597,
          477
        ],
        "observed_approx_area_km2": 5.844414798320713,
        "observed_boundary_truncated": false,
        "observed_geometry_limit": "CENTROID_ONLY_BBOX_IS_PIXEL_SPACE_NOT_GEO_POLYGON",
        "lpz_forecast_generated": false,
        "kind": "RESEARCH_POINT_EXTRAPOLATION",
        "lead_from_as_of_minutes": 15,
        "target_valid_time_utc": "2026-09-21T04:15:00Z",
        "research_only": true,
        "probability": null,
        "intensity": null,
        "footprint": null,
        "affected_regions": null
      }
    },
    {
      "type": "Feature",
      "geometry": {
        "type": "LineString",
        "coordinates": [
          [
            138.26568603515625,
            34.47712785074854
          ],
          [
            138.13386440774212,
            34.36846039922562
          ]
        ]
      },
      "properties": {
        "research_object_id": "F3-0ea0f787f115440a-000027",
        "source_slot_utc": "2026-09-21T03:45:00Z",
        "observation_valid_time_utc": "2026-09-21T03:45:00Z",
        "observed_centroid_lon_lat": [
          138.26568603515625,
          34.47712785074854
        ],
        "observed_bbox_pixel": [
          593,
          472,
          597,
          477
        ],
        "observed_approx_area_km2": 5.844414798320713,
        "observed_boundary_truncated": false,
        "observed_geometry_limit": "CENTROID_ONLY_BBOX_IS_PIXEL_SPACE_NOT_GEO_POLYGON",
        "lpz_forecast_generated": false,
        "kind": "RESEARCH_POINT_MOTION_ARROW",
        "lead_from_as_of_minutes": 15,
        "target_valid_time_utc": "2026-09-21T04:15:00Z",
        "research_only": true,
        "probability": null,
        "intensity": null,
        "footprint": null,
        "affected_regions": null
      }
    },
    {
      "type": "Feature",
      "geometry": {
        "type": "Point",
        "coordinates": [
          138.0679535940351,
          34.31412667346416
        ]
      },
      "properties": {
        "research_object_id": "F3-0ea0f787f115440a-000027",
        "source_slot_utc": "2026-09-21T03:45:00Z",
        "observation_valid_time_utc": "2026-09-21T03:45:00Z",
        "observed_centroid_lon_lat": [
          138.26568603515625,
          34.47712785074854
        ],
        "observed_bbox_pixel": [
          593,
          472,
          597,
          477
        ],
        "observed_approx_area_km2": 5.844414798320713,
        "observed_boundary_truncated": false,
        "observed_geometry_limit": "CENTROID_ONLY_BBOX_IS_PIXEL_SPACE_NOT_GEO_POLYGON",
        "lpz_forecast_generated": false,
        "kind": "RESEARCH_POINT_EXTRAPOLATION",
        "lead_from_as_of_minutes": 30,
        "target_valid_time_utc": "2026-09-21T04:30:00Z",
        "research_only": true,
        "probability": null,
        "intensity": null,
        "footprint": null,
        "affected_regions": null
      }
    },
    {
      "type": "Feature",
      "geometry": {
        "type": "LineString",
        "coordinates": [
          [
            138.26568603515625,
            34.47712785074854
          ],
          [
            138.0679535940351,
            34.31412667346416
          ]
        ]
      },
      "properties": {
        "research_object_id": "F3-0ea0f787f115440a-000027",
        "source_slot_utc": "2026-09-21T03:45:00Z",
        "observation_valid_time_utc": "2026-09-21T03:45:00Z",
        "observed_centroid_lon_lat": [
          138.26568603515625,
          34.47712785074854
        ],
        "observed_bbox_pixel": [
          593,
          472,
          597,
          477
        ],
        "observed_approx_area_km2": 5.844414798320713,
        "observed_boundary_truncated": false,
        "observed_geometry_limit": "CENTROID_ONLY_BBOX_IS_PIXEL_SPACE_NOT_GEO_POLYGON",
        "lpz_forecast_generated": false,
        "kind": "RESEARCH_POINT_MOTION_ARROW",
        "lead_from_as_of_minutes": 30,
        "target_valid_time_utc": "2026-09-21T04:30:00Z",
        "research_only": true,
        "probability": null,
        "intensity": null,
        "footprint": null,
        "affected_regions": null
      }
    },
    {
      "type": "Feature",
      "geometry": {
        "type": "Point",
        "coordinates": [
          138.28216552734375,
          34.43183254485124
        ]
      },
      "properties": {
        "research_object_id": "F3-0ea0f787f115440a-000030",
        "source_slot_utc": "2026-09-21T03:45:00Z",
        "observation_valid_time_utc": "2026-09-21T03:45:00Z",
        "observed_centroid_lon_lat": [
          138.28216552734375,
          34.43183254485124
        ],
        "observed_bbox_pixel": [
          597,
          484,
          597,
          485
        ],
        "observed_approx_area_km2": 0.5087615952095526,
        "observed_boundary_truncated": false,
        "observed_geometry_limit": "CENTROID_ONLY_BBOX_IS_PIXEL_SPACE_NOT_GEO_POLYGON",
        "lpz_forecast_generated": false,
        "kind": "OBSERVED_ORIGIN",
        "lead_from_as_of_minutes": 0
      }
    },
    {
      "type": "Feature",
      "geometry": {
        "type": "Point",
        "coordinates": [
          138.24920743631492,
          34.404648728356285
        ]
      },
      "properties": {
        "research_object_id": "F3-0ea0f787f115440a-000030",
        "source_slot_utc": "2026-09-21T03:45:00Z",
        "observation_valid_time_utc": "2026-09-21T03:45:00Z",
        "observed_centroid_lon_lat": [
          138.28216552734375,
          34.43183254485124
        ],
        "observed_bbox_pixel": [
          597,
          484,
          597,
          485
        ],
        "observed_approx_area_km2": 0.5087615952095526,
        "observed_boundary_truncated": false,
        "observed_geometry_limit": "CENTROID_ONLY_BBOX_IS_PIXEL_SPACE_NOT_GEO_POLYGON",
        "lpz_forecast_generated": false,
        "kind": "RESEARCH_POINT_EXTRAPOLATION",
        "lead_from_as_of_minutes": 15,
        "target_valid_time_utc": "2026-09-21T04:15:00Z",
        "research_only": true,
        "probability": null,
        "intensity": null,
        "footprint": null,
        "affected_regions": null
      }
    },
    {
      "type": "Feature",
      "geometry": {
        "type": "LineString",
        "coordinates": [
          [
            138.28216552734375,
            34.43183254485124
          ],
          [
            138.24920743631492,
            34.404648728356285
          ]
        ]
      },
      "properties": {
        "research_object_id": "F3-0ea0f787f115440a-000030",
        "source_slot_utc": "2026-09-21T03:45:00Z",
        "observation_valid_time_utc": "2026-09-21T03:45:00Z",
        "observed_centroid_lon_lat": [
          138.28216552734375,
          34.43183254485124
        ],
        "observed_bbox_pixel": [
          597,
          484,
          597,
          485
        ],
        "observed_approx_area_km2": 0.5087615952095526,
        "observed_boundary_truncated": false,
        "observed_geometry_limit": "CENTROID_ONLY_BBOX_IS_PIXEL_SPACE_NOT_GEO_POLYGON",
        "lpz_forecast_generated": false,
        "kind": "RESEARCH_POINT_MOTION_ARROW",
        "lead_from_as_of_minutes": 15,
        "target_valid_time_utc": "2026-09-21T04:15:00Z",
        "research_only": true,
        "probability": null,
        "intensity": null,
        "footprint": null,
        "affected_regions": null
      }
    },
    {
      "type": "Feature",
      "geometry": {
        "type": "Point",
        "coordinates": [
          138.2327283908005,
          34.39105682010881
        ]
      },
      "properties": {
        "research_object_id": "F3-0ea0f787f115440a-000030",
        "source_slot_utc": "2026-09-21T03:45:00Z",
        "observation_valid_time_utc": "2026-09-21T03:45:00Z",
        "observed_centroid_lon_lat": [
          138.28216552734375,
          34.43183254485124
        ],
        "observed_bbox_pixel": [
          597,
          484,
          597,
          485
        ],
        "observed_approx_area_km2": 0.5087615952095526,
        "observed_boundary_truncated": false,
        "observed_geometry_limit": "CENTROID_ONLY_BBOX_IS_PIXEL_SPACE_NOT_GEO_POLYGON",
        "lpz_forecast_generated": false,
        "kind": "RESEARCH_POINT_EXTRAPOLATION",
        "lead_from_as_of_minutes": 30,
        "target_valid_time_utc": "2026-09-21T04:30:00Z",
        "research_only": true,
        "probability": null,
        "intensity": null,
        "footprint": null,
        "affected_regions": null
      }
    },
    {
      "type": "Feature",
      "geometry": {
        "type": "LineString",
        "coordinates": [
          [
            138.28216552734375,
            34.43183254485124
          ],
          [
            138.2327283908005,
            34.39105682010881
          ]
        ]
      },
      "properties": {
        "research_object_id": "F3-0ea0f787f115440a-000030",
        "source_slot_utc": "2026-09-21T03:45:00Z",
        "observation_valid_time_utc": "2026-09-21T03:45:00Z",
        "observed_centroid_lon_lat": [
          138.28216552734375,
          34.43183254485124
        ],
        "observed_bbox_pixel": [
          597,
          484,
          597,
          485
        ],
        "observed_approx_area_km2": 0.5087615952095526,
        "observed_boundary_truncated": false,
        "observed_geometry_limit": "CENTROID_ONLY_BBOX_IS_PIXEL_SPACE_NOT_GEO_POLYGON",
        "lpz_forecast_generated": false,
        "kind": "RESEARCH_POINT_MOTION_ARROW",
        "lead_from_as_of_minutes": 30,
        "target_valid_time_utc": "2026-09-21T04:30:00Z",
        "research_only": true,
        "probability": null,
        "intensity": null,
        "footprint": null,
        "affected_regions": null
      }
    },
    {
      "type": "Feature",
      "geometry": {
        "type": "Point",
        "coordinates": [
          138.60626220703125,
          34.72581233927868
        ]
      },
      "properties": {
        "research_object_id": "F3-0ea0f787f115440a-000031",
        "source_slot_utc": "2026-09-21T03:45:00Z",
        "observation_valid_time_utc": "2026-09-21T03:45:00Z",
        "observed_centroid_lon_lat": [
          138.60626220703125,
          34.72581233927868
        ],
        "observed_bbox_pixel": [
          654,
          418,
          658,
          422
        ],
        "observed_approx_area_km2": 5.051755228818672,
        "observed_boundary_truncated": false,
        "observed_geometry_limit": "CENTROID_ONLY_BBOX_IS_PIXEL_SPACE_NOT_GEO_POLYGON",
        "lpz_forecast_generated": false,
        "kind": "OBSERVED_ORIGIN",
        "lead_from_as_of_minutes": 0
      }
    },
    {
      "type": "Feature",
      "geometry": {
        "type": "Point",
        "coordinates": [
          138.67218377584982,
          34.779992451988626
        ]
      },
      "properties": {
        "research_object_id": "F3-0ea0f787f115440a-000031",
        "source_slot_utc": "2026-09-21T03:45:00Z",
        "observation_valid_time_utc": "2026-09-21T03:45:00Z",
        "observed_centroid_lon_lat": [
          138.60626220703125,
          34.72581233927868
        ],
        "observed_bbox_pixel": [
          654,
          418,
          658,
          422
        ],
        "observed_approx_area_km2": 5.051755228818672,
        "observed_boundary_truncated": false,
        "observed_geometry_limit": "CENTROID_ONLY_BBOX_IS_PIXEL_SPACE_NOT_GEO_POLYGON",
        "lpz_forecast_generated": false,
        "kind": "RESEARCH_POINT_EXTRAPOLATION",
        "lead_from_as_of_minutes": 15,
        "target_valid_time_utc": "2026-09-21T04:15:00Z",
        "research_only": true,
        "probability": null,
        "intensity": null,
        "footprint": null,
        "affected_regions": null
      }
    },
    {
      "type": "Feature",
      "geometry": {
        "type": "LineString",
        "coordinates": [
          [
            138.60626220703125,
            34.72581233927868
          ],
          [
            138.67218377584982,
            34.779992451988626
          ]
        ]
      },
      "properties": {
        "research_object_id": "F3-0ea0f787f115440a-000031",
        "source_slot_utc": "2026-09-21T03:45:00Z",
        "observation_valid_time_utc": "2026-09-21T03:45:00Z",
        "observed_centroid_lon_lat": [
          138.60626220703125,
          34.72581233927868
        ],
        "observed_bbox_pixel": [
          654,
          418,
          658,
          422
        ],
        "observed_approx_area_km2": 5.051755228818672,
        "observed_boundary_truncated": false,
        "observed_geometry_limit": "CENTROID_ONLY_BBOX_IS_PIXEL_SPACE_NOT_GEO_POLYGON",
        "lpz_forecast_generated": false,
        "kind": "RESEARCH_POINT_MOTION_ARROW",
        "lead_from_as_of_minutes": 15,
        "target_valid_time_utc": "2026-09-21T04:15:00Z",
        "research_only": true,
        "probability": null,
        "intensity": null,
        "footprint": null,
        "affected_regions": null
      }
    },
    {
      "type": "Feature",
      "geometry": {
        "type": "Point",
        "coordinates": [
          138.70514456025904,
          34.8070825083436
        ]
      },
      "properties": {
        "research_object_id": "F3-0ea0f787f115440a-000031",
        "source_slot_utc": "2026-09-21T03:45:00Z",
        "observation_valid_time_utc": "2026-09-21T03:45:00Z",
        "observed_centroid_lon_lat": [
          138.60626220703125,
          34.72581233927868
        ],
        "observed_bbox_pixel": [
          654,
          418,
          658,
          422
        ],
        "observed_approx_area_km2": 5.051755228818672,
        "observed_boundary_truncated": false,
        "observed_geometry_limit": "CENTROID_ONLY_BBOX_IS_PIXEL_SPACE_NOT_GEO_POLYGON",
        "lpz_forecast_generated": false,
        "kind": "RESEARCH_POINT_EXTRAPOLATION",
        "lead_from_as_of_minutes": 30,
        "target_valid_time_utc": "2026-09-21T04:30:00Z",
        "research_only": true,
        "probability": null,
        "intensity": null,
        "footprint": null,
        "affected_regions": null
      }
    },
    {
      "type": "Feature",
      "geometry": {
        "type": "LineString",
        "coordinates": [
          [
            138.60626220703125,
            34.72581233927868
          ],
          [
            138.70514456025904,
            34.8070825083436
          ]
        ]
      },
      "properties": {
        "research_object_id": "F3-0ea0f787f115440a-000031",
        "source_slot_utc": "2026-09-21T03:45:00Z",
        "observation_valid_time_utc": "2026-09-21T03:45:00Z",
        "observed_centroid_lon_lat": [
          138.60626220703125,
          34.72581233927868
        ],
        "observed_bbox_pixel": [
          654,
          418,
          658,
          422
        ],
        "observed_approx_area_km2": 5.051755228818672,
        "observed_boundary_truncated": false,
        "observed_geometry_limit": "CENTROID_ONLY_BBOX_IS_PIXEL_SPACE_NOT_GEO_POLYGON",
        "lpz_forecast_generated": false,
        "kind": "RESEARCH_POINT_MOTION_ARROW",
        "lead_from_as_of_minutes": 30,
        "target_valid_time_utc": "2026-09-21T04:30:00Z",
        "research_only": true,
        "probability": null,
        "intensity": null,
        "footprint": null,
        "affected_regions": null
      }
    },
    {
      "type": "Feature",
      "geometry": {
        "type": "Point",
        "coordinates": [
          138.35357666015625,
          33.98664113654013
        ]
      },
      "properties": {
        "research_object_id": "F3-0ea0f787f115440a-000033",
        "source_slot_utc": "2026-09-21T03:45:00Z",
        "observation_valid_time_utc": "2026-09-21T03:45:00Z",
        "observed_centroid_lon_lat": [
          138.35357666015625,
          33.98664113654013
        ],
        "observed_bbox_pixel": [
          609,
          581,
          612,
          583
        ],
        "observed_approx_area_km2": 3.084990283685312,
        "observed_boundary_truncated": false,
        "observed_geometry_limit": "CENTROID_ONLY_BBOX_IS_PIXEL_SPACE_NOT_GEO_POLYGON",
        "lpz_forecast_generated": false,
        "kind": "OBSERVED_ORIGIN",
        "lead_from_as_of_minutes": 0
      }
    },
    {
      "type": "Feature",
      "geometry": {
        "type": "Point",
        "coordinates": [
          138.35357666015625,
          33.98664113654013
        ]
      },
      "properties": {
        "research_object_id": "F3-0ea0f787f115440a-000033",
        "source_slot_utc": "2026-09-21T03:45:00Z",
        "observation_valid_time_utc": "2026-09-21T03:45:00Z",
        "observed_centroid_lon_lat": [
          138.35357666015625,
          33.98664113654013
        ],
        "observed_bbox_pixel": [
          609,
          581,
          612,
          583
        ],
        "observed_approx_area_km2": 3.084990283685312,
        "observed_boundary_truncated": false,
        "observed_geometry_limit": "CENTROID_ONLY_BBOX_IS_PIXEL_SPACE_NOT_GEO_POLYGON",
        "lpz_forecast_generated": false,
        "kind": "RESEARCH_POINT_EXTRAPOLATION",
        "lead_from_as_of_minutes": 15,
        "target_valid_time_utc": "2026-09-21T04:15:00Z",
        "research_only": true,
        "probability": null,
        "intensity": null,
        "footprint": null,
        "affected_regions": null
      }
    },
    {
      "type": "Feature",
      "geometry": {
        "type": "LineString",
        "coordinates": [
          [
            138.35357666015625,
            33.98664113654013
          ],
          [
            138.35357666015625,
            33.98664113654013
          ]
        ]
      },
      "properties": {
        "research_object_id": "F3-0ea0f787f115440a-000033",
        "source_slot_utc": "2026-09-21T03:45:00Z",
        "observation_valid_time_utc": "2026-09-21T03:45:00Z",
        "observed_centroid_lon_lat": [
          138.35357666015625,
          33.98664113654013
        ],
        "observed_bbox_pixel": [
          609,
          581,
          612,
          583
        ],
        "observed_approx_area_km2": 3.084990283685312,
        "observed_boundary_truncated": false,
        "observed_geometry_limit": "CENTROID_ONLY_BBOX_IS_PIXEL_SPACE_NOT_GEO_POLYGON",
        "lpz_forecast_generated": false,
        "kind": "RESEARCH_POINT_MOTION_ARROW",
        "lead_from_as_of_minutes": 15,
        "target_valid_time_utc": "2026-09-21T04:15:00Z",
        "research_only": true,
        "probability": null,
        "intensity": null,
        "footprint": null,
        "affected_regions": null
      }
    },
    {
      "type": "Feature",
      "geometry": {
        "type": "Point",
        "coordinates": [
          138.35357666015625,
          33.98664113654013
        ]
      },
      "properties": {
        "research_object_id": "F3-0ea0f787f115440a-000033",
        "source_slot_utc": "2026-09-21T03:45:00Z",
        "observation_valid_time_utc": "2026-09-21T03:45:00Z",
        "observed_centroid_lon_lat": [
          138.35357666015625,
          33.98664113654013
        ],
        "observed_bbox_pixel": [
          609,
          581,
          612,
          583
        ],
        "observed_approx_area_km2": 3.084990283685312,
        "observed_boundary_truncated": false,
        "observed_geometry_limit": "CENTROID_ONLY_BBOX_IS_PIXEL_SPACE_NOT_GEO_POLYGON",
        "lpz_forecast_generated": false,
        "kind": "RESEARCH_POINT_EXTRAPOLATION",
        "lead_from_as_of_minutes": 30,
        "target_valid_time_utc": "2026-09-21T04:30:00Z",
        "research_only": true,
        "probability": null,
        "intensity": null,
        "footprint": null,
        "affected_regions": null
      }
    },
    {
      "type": "Feature",
      "geometry": {
        "type": "LineString",
        "coordinates": [
          [
            138.35357666015625,
            33.98664113654013
          ],
          [
            138.35357666015625,
            33.98664113654013
          ]
        ]
      },
      "properties": {
        "research_object_id": "F3-0ea0f787f115440a-000033",
        "source_slot_utc": "2026-09-21T03:45:00Z",
        "observation_valid_time_utc": "2026-09-21T03:45:00Z",
        "observed_centroid_lon_lat": [
          138.35357666015625,
          33.98664113654013
        ],
        "observed_bbox_pixel": [
          609,
          581,
          612,
          583
        ],
        "observed_approx_area_km2": 3.084990283685312,
        "observed_boundary_truncated": false,
        "observed_geometry_limit": "CENTROID_ONLY_BBOX_IS_PIXEL_SPACE_NOT_GEO_POLYGON",
        "lpz_forecast_generated": false,
        "kind": "RESEARCH_POINT_MOTION_ARROW",
        "lead_from_as_of_minutes": 30,
        "target_valid_time_utc": "2026-09-21T04:30:00Z",
        "research_only": true,
        "probability": null,
        "intensity": null,
        "footprint": null,
        "affected_regions": null
      }
    },
    {
      "type": "Feature",
      "geometry": {
        "type": "Point",
        "coordinates": [
          140.35858154296875,
          35.10867496450758
        ]
      },
      "properties": {
        "research_object_id": "F3-0ea0f787f115440a-000036",
        "source_slot_utc": "2026-09-21T03:45:00Z",
        "observation_valid_time_utc": "2026-09-21T03:45:00Z",
        "observed_centroid_lon_lat": [
          140.35858154296875,
          35.10867496450758
        ],
        "observed_bbox_pixel": [
          974,
          334,
          978,
          336
        ],
        "observed_approx_area_km2": 2.5024228103247763,
        "observed_boundary_truncated": false,
        "observed_geometry_limit": "CENTROID_ONLY_BBOX_IS_PIXEL_SPACE_NOT_GEO_POLYGON",
        "lpz_forecast_generated": false,
        "kind": "OBSERVED_ORIGIN",
        "lead_from_as_of_minutes": 0
      }
    },
    {
      "type": "Feature",
      "geometry": {
        "type": "Point",
        "coordinates": [
          140.35858154296875,
          35.10867496450758
        ]
      },
      "properties": {
        "research_object_id": "F3-0ea0f787f115440a-000036",
        "source_slot_utc": "2026-09-21T03:45:00Z",
        "observation_valid_time_utc": "2026-09-21T03:45:00Z",
        "observed_centroid_lon_lat": [
          140.35858154296875,
          35.10867496450758
        ],
        "observed_bbox_pixel": [
          974,
          334,
          978,
          336
        ],
        "observed_approx_area_km2": 2.5024228103247763,
        "observed_boundary_truncated": false,
        "observed_geometry_limit": "CENTROID_ONLY_BBOX_IS_PIXEL_SPACE_NOT_GEO_POLYGON",
        "lpz_forecast_generated": false,
        "kind": "RESEARCH_POINT_EXTRAPOLATION",
        "lead_from_as_of_minutes": 15,
        "target_valid_time_utc": "2026-09-21T04:15:00Z",
        "research_only": true,
        "probability": null,
        "intensity": null,
        "footprint": null,
        "affected_regions": null
      }
    },
    {
      "type": "Feature",
      "geometry": {
        "type": "LineString",
        "coordinates": [
          [
            140.35858154296875,
            35.10867496450758
          ],
          [
            140.35858154296875,
            35.10867496450758
          ]
        ]
      },
      "properties": {
        "research_object_id": "F3-0ea0f787f115440a-000036",
        "source_slot_utc": "2026-09-21T03:45:00Z",
        "observation_valid_time_utc": "2026-09-21T03:45:00Z",
        "observed_centroid_lon_lat": [
          140.35858154296875,
          35.10867496450758
        ],
        "observed_bbox_pixel": [
          974,
          334,
          978,
          336
        ],
        "observed_approx_area_km2": 2.5024228103247763,
        "observed_boundary_truncated": false,
        "observed_geometry_limit": "CENTROID_ONLY_BBOX_IS_PIXEL_SPACE_NOT_GEO_POLYGON",
        "lpz_forecast_generated": false,
        "kind": "RESEARCH_POINT_MOTION_ARROW",
        "lead_from_as_of_minutes": 15,
        "target_valid_time_utc": "2026-09-21T04:15:00Z",
        "research_only": true,
        "probability": null,
        "intensity": null,
        "footprint": null,
        "affected_regions": null
      }
    },
    {
      "type": "Feature",
      "geometry": {
        "type": "Point",
        "coordinates": [
          140.35858154296875,
          35.10867496450758
        ]
      },
      "properties": {
        "research_object_id": "F3-0ea0f787f115440a-000036",
        "source_slot_utc": "2026-09-21T03:45:00Z",
        "observation_valid_time_utc": "2026-09-21T03:45:00Z",
        "observed_centroid_lon_lat": [
          140.35858154296875,
          35.10867496450758
        ],
        "observed_bbox_pixel": [
          974,
          334,
          978,
          336
        ],
        "observed_approx_area_km2": 2.5024228103247763,
        "observed_boundary_truncated": false,
        "observed_geometry_limit": "CENTROID_ONLY_BBOX_IS_PIXEL_SPACE_NOT_GEO_POLYGON",
        "lpz_forecast_generated": false,
        "kind": "RESEARCH_POINT_EXTRAPOLATION",
        "lead_from_as_of_minutes": 30,
        "target_valid_time_utc": "2026-09-21T04:30:00Z",
        "research_only": true,
        "probability": null,
        "intensity": null,
        "footprint": null,
        "affected_regions": null
      }
    },
    {
      "type": "Feature",
      "geometry": {
        "type": "LineString",
        "coordinates": [
          [
            140.35858154296875,
            35.10867496450758
          ],
          [
            140.35858154296875,
            35.10867496450758
          ]
        ]
      },
      "properties": {
        "research_object_id": "F3-0ea0f787f115440a-000036",
        "source_slot_utc": "2026-09-21T03:45:00Z",
        "observation_valid_time_utc": "2026-09-21T03:45:00Z",
        "observed_centroid_lon_lat": [
          140.35858154296875,
          35.10867496450758
        ],
        "observed_bbox_pixel": [
          974,
          334,
          978,
          336
        ],
        "observed_approx_area_km2": 2.5024228103247763,
        "observed_boundary_truncated": false,
        "observed_geometry_limit": "CENTROID_ONLY_BBOX_IS_PIXEL_SPACE_NOT_GEO_POLYGON",
        "lpz_forecast_generated": false,
        "kind": "RESEARCH_POINT_MOTION_ARROW",
        "lead_from_as_of_minutes": 30,
        "target_valid_time_utc": "2026-09-21T04:30:00Z",
        "research_only": true,
        "probability": null,
        "intensity": null,
        "footprint": null,
        "affected_regions": null
      }
    },
    {
      "type": "Feature",
      "geometry": {
        "type": "Point",
        "coordinates": [
          138.19976806640625,
          34.42730166315868
        ]
      },
      "properties": {
        "research_object_id": "F3-0ea0f787f115440a-000038",
        "source_slot_utc": "2026-09-21T03:45:00Z",
        "observation_valid_time_utc": "2026-09-21T03:45:00Z",
        "observed_centroid_lon_lat": [
          138.19976806640625,
          34.42730166315868
        ],
        "observed_bbox_pixel": [
          582,
          485,
          583,
          486
        ],
        "observed_approx_area_km2": 1.0176335088320507,
        "observed_boundary_truncated": false,
        "observed_geometry_limit": "CENTROID_ONLY_BBOX_IS_PIXEL_SPACE_NOT_GEO_POLYGON",
        "lpz_forecast_generated": false,
        "kind": "OBSERVED_ORIGIN",
        "lead_from_as_of_minutes": 0
      }
    },
    {
      "type": "Feature",
      "geometry": {
        "type": "Point",
        "coordinates": [
          138.19976806640625,
          34.42730166315868
        ]
      },
      "properties": {
        "research_object_id": "F3-0ea0f787f115440a-000038",
        "source_slot_utc": "2026-09-21T03:45:00Z",
        "observation_valid_time_utc": "2026-09-21T03:45:00Z",
        "observed_centroid_lon_lat": [
          138.19976806640625,
          34.42730166315868
        ],
        "observed_bbox_pixel": [
          582,
          485,
          583,
          486
        ],
        "observed_approx_area_km2": 1.0176335088320507,
        "observed_boundary_truncated": false,
        "observed_geometry_limit": "CENTROID_ONLY_BBOX_IS_PIXEL_SPACE_NOT_GEO_POLYGON",
        "lpz_forecast_generated": false,
        "kind": "RESEARCH_POINT_EXTRAPOLATION",
        "lead_from_as_of_minutes": 15,
        "target_valid_time_utc": "2026-09-21T04:15:00Z",
        "research_only": true,
        "probability": null,
        "intensity": null,
        "footprint": null,
        "affected_regions": null
      }
    },
    {
      "type": "Feature",
      "geometry": {
        "type": "LineString",
        "coordinates": [
          [
            138.19976806640625,
            34.42730166315868
          ],
          [
            138.19976806640625,
            34.42730166315868
          ]
        ]
      },
      "properties": {
        "research_object_id": "F3-0ea0f787f115440a-000038",
        "source_slot_utc": "2026-09-21T03:45:00Z",
        "observation_valid_time_utc": "2026-09-21T03:45:00Z",
        "observed_centroid_lon_lat": [
          138.19976806640625,
          34.42730166315868
        ],
        "observed_bbox_pixel": [
          582,
          485,
          583,
          486
        ],
        "observed_approx_area_km2": 1.0176335088320507,
        "observed_boundary_truncated": false,
        "observed_geometry_limit": "CENTROID_ONLY_BBOX_IS_PIXEL_SPACE_NOT_GEO_POLYGON",
        "lpz_forecast_generated": false,
        "kind": "RESEARCH_POINT_MOTION_ARROW",
        "lead_from_as_of_minutes": 15,
        "target_valid_time_utc": "2026-09-21T04:15:00Z",
        "research_only": true,
        "probability": null,
        "intensity": null,
        "footprint": null,
        "affected_regions": null
      }
    },
    {
      "type": "Feature",
      "geometry": {
        "type": "Point",
        "coordinates": [
          138.19976806640625,
          34.42730166315868
        ]
      },
      "properties": {
        "research_object_id": "F3-0ea0f787f115440a-000038",
        "source_slot_utc": "2026-09-21T03:45:00Z",
        "observation_valid_time_utc": "2026-09-21T03:45:00Z",
        "observed_centroid_lon_lat": [
          138.19976806640625,
          34.42730166315868
        ],
        "observed_bbox_pixel": [
          582,
          485,
          583,
          486
        ],
        "observed_approx_area_km2": 1.0176335088320507,
        "observed_boundary_truncated": false,
        "observed_geometry_limit": "CENTROID_ONLY_BBOX_IS_PIXEL_SPACE_NOT_GEO_POLYGON",
        "lpz_forecast_generated": false,
        "kind": "RESEARCH_POINT_EXTRAPOLATION",
        "lead_from_as_of_minutes": 30,
        "target_valid_time_utc": "2026-09-21T04:30:00Z",
        "research_only": true,
        "probability": null,
        "intensity": null,
        "footprint": null,
        "affected_regions": null
      }
    },
    {
      "type": "Feature",
      "geometry": {
        "type": "LineString",
        "coordinates": [
          [
            138.19976806640625,
            34.42730166315868
          ],
          [
            138.19976806640625,
            34.42730166315868
          ]
        ]
      },
      "properties": {
        "research_object_id": "F3-0ea0f787f115440a-000038",
        "source_slot_utc": "2026-09-21T03:45:00Z",
        "observation_valid_time_utc": "2026-09-21T03:45:00Z",
        "observed_centroid_lon_lat": [
          138.19976806640625,
          34.42730166315868
        ],
        "observed_bbox_pixel": [
          582,
          485,
          583,
          486
        ],
        "observed_approx_area_km2": 1.0176335088320507,
        "observed_boundary_truncated": false,
        "observed_geometry_limit": "CENTROID_ONLY_BBOX_IS_PIXEL_SPACE_NOT_GEO_POLYGON",
        "lpz_forecast_generated": false,
        "kind": "RESEARCH_POINT_MOTION_ARROW",
        "lead_from_as_of_minutes": 30,
        "target_valid_time_utc": "2026-09-21T04:30:00Z",
        "research_only": true,
        "probability": null,
        "intensity": null,
        "footprint": null,
        "affected_regions": null
      }
    },
    {
      "type": "Feature",
      "geometry": {
        "type": "Point",
        "coordinates": [
          139.56756591796875,
          35.14012515937233
        ]
      },
      "properties": {
        "research_object_id": "F3-7790b1634eca992e-000000",
        "source_slot_utc": "2026-09-21T04:00:00Z",
        "observation_valid_time_utc": "2026-09-21T04:00:00Z",
        "observed_centroid_lon_lat": [
          139.56756591796875,
          35.14012515937233
        ],
        "observed_bbox_pixel": [
          687,
          268,
          979,
          404
        ],
        "observed_approx_area_km2": 2481.23725747247,
        "observed_boundary_truncated": false,
        "observed_geometry_limit": "CENTROID_ONLY_BBOX_IS_PIXEL_SPACE_NOT_GEO_POLYGON",
        "lpz_forecast_generated": false,
        "kind": "OBSERVED_ORIGIN",
        "lead_from_as_of_minutes": 0
      }
    },
    {
      "type": "Feature",
      "geometry": {
        "type": "Point",
        "coordinates": [
          139.89722851239594,
          35.35578958594742
        ]
      },
      "properties": {
        "research_object_id": "F3-7790b1634eca992e-000000",
        "source_slot_utc": "2026-09-21T04:00:00Z",
        "observation_valid_time_utc": "2026-09-21T04:00:00Z",
        "observed_centroid_lon_lat": [
          139.56756591796875,
          35.14012515937233
        ],
        "observed_bbox_pixel": [
          687,
          268,
          979,
          404
        ],
        "observed_approx_area_km2": 2481.23725747247,
        "observed_boundary_truncated": false,
        "observed_geometry_limit": "CENTROID_ONLY_BBOX_IS_PIXEL_SPACE_NOT_GEO_POLYGON",
        "lpz_forecast_generated": false,
        "kind": "RESEARCH_POINT_EXTRAPOLATION",
        "lead_from_as_of_minutes": 15,
        "target_valid_time_utc": "2026-09-21T04:30:00Z",
        "research_only": true,
        "probability": null,
        "intensity": null,
        "footprint": null,
        "affected_regions": null
      }
    },
    {
      "type": "Feature",
      "geometry": {
        "type": "LineString",
        "coordinates": [
          [
            139.56756591796875,
            35.14012515937233
          ],
          [
            139.89722851239594,
            35.35578958594742
          ]
        ]
      },
      "properties": {
        "research_object_id": "F3-7790b1634eca992e-000000",
        "source_slot_utc": "2026-09-21T04:00:00Z",
        "observation_valid_time_utc": "2026-09-21T04:00:00Z",
        "observed_centroid_lon_lat": [
          139.56756591796875,
          35.14012515937233
        ],
        "observed_bbox_pixel": [
          687,
          268,
          979,
          404
        ],
        "observed_approx_area_km2": 2481.23725747247,
        "observed_boundary_truncated": false,
        "observed_geometry_limit": "CENTROID_ONLY_BBOX_IS_PIXEL_SPACE_NOT_GEO_POLYGON",
        "lpz_forecast_generated": false,
        "kind": "RESEARCH_POINT_MOTION_ARROW",
        "lead_from_as_of_minutes": 15,
        "target_valid_time_utc": "2026-09-21T04:30:00Z",
        "research_only": true,
        "probability": null,
        "intensity": null,
        "footprint": null,
        "affected_regions": null
      }
    },
    {
      "type": "Feature",
      "geometry": {
        "type": "Point",
        "coordinates": [
          140.0620598096096,
          35.463621799234964
        ]
      },
      "properties": {
        "research_object_id": "F3-7790b1634eca992e-000000",
        "source_slot_utc": "2026-09-21T04:00:00Z",
        "observation_valid_time_utc": "2026-09-21T04:00:00Z",
        "observed_centroid_lon_lat": [
          139.56756591796875,
          35.14012515937233
        ],
        "observed_bbox_pixel": [
          687,
          268,
          979,
          404
        ],
        "observed_approx_area_km2": 2481.23725747247,
        "observed_boundary_truncated": false,
        "observed_geometry_limit": "CENTROID_ONLY_BBOX_IS_PIXEL_SPACE_NOT_GEO_POLYGON",
        "lpz_forecast_generated": false,
        "kind": "RESEARCH_POINT_EXTRAPOLATION",
        "lead_from_as_of_minutes": 30,
        "target_valid_time_utc": "2026-09-21T04:45:00Z",
        "research_only": true,
        "probability": null,
        "intensity": null,
        "footprint": null,
        "affected_regions": null
      }
    },
    {
      "type": "Feature",
      "geometry": {
        "type": "LineString",
        "coordinates": [
          [
            139.56756591796875,
            35.14012515937233
          ],
          [
            140.0620598096096,
            35.463621799234964
          ]
        ]
      },
      "properties": {
        "research_object_id": "F3-7790b1634eca992e-000000",
        "source_slot_utc": "2026-09-21T04:00:00Z",
        "observation_valid_time_utc": "2026-09-21T04:00:00Z",
        "observed_centroid_lon_lat": [
          139.56756591796875,
          35.14012515937233
        ],
        "observed_bbox_pixel": [
          687,
          268,
          979,
          404
        ],
        "observed_approx_area_km2": 2481.23725747247,
        "observed_boundary_truncated": false,
        "observed_geometry_limit": "CENTROID_ONLY_BBOX_IS_PIXEL_SPACE_NOT_GEO_POLYGON",
        "lpz_forecast_generated": false,
        "kind": "RESEARCH_POINT_MOTION_ARROW",
        "lead_from_as_of_minutes": 30,
        "target_valid_time_utc": "2026-09-21T04:45:00Z",
        "research_only": true,
        "probability": null,
        "intensity": null,
        "footprint": null,
        "affected_regions": null
      }
    },
    {
      "type": "Feature",
      "geometry": {
        "type": "Point",
        "coordinates": [
          139.49615478515625,
          34.84762101276786
        ]
      },
      "properties": {
        "research_object_id": "F3-7790b1634eca992e-000001",
        "source_slot_utc": "2026-09-21T04:00:00Z",
        "observation_valid_time_utc": "2026-09-21T04:00:00Z",
        "observed_centroid_lon_lat": [
          139.49615478515625,
          34.84762101276786
        ],
        "observed_bbox_pixel": [
          746,
          346,
          890,
          442
        ],
        "observed_approx_area_km2": 1045.147589023062,
        "observed_boundary_truncated": false,
        "observed_geometry_limit": "CENTROID_ONLY_BBOX_IS_PIXEL_SPACE_NOT_GEO_POLYGON",
        "lpz_forecast_generated": false,
        "kind": "OBSERVED_ORIGIN",
        "lead_from_as_of_minutes": 0
      }
    },
    {
      "type": "Feature",
      "geometry": {
        "type": "Point",
        "coordinates": [
          139.46319309245501,
          34.92877348240815
        ]
      },
      "properties": {
        "research_object_id": "F3-7790b1634eca992e-000001",
        "source_slot_utc": "2026-09-21T04:00:00Z",
        "observation_valid_time_utc": "2026-09-21T04:00:00Z",
        "observed_centroid_lon_lat": [
          139.49615478515625,
          34.84762101276786
        ],
        "observed_bbox_pixel": [
          746,
          346,
          890,
          442
        ],
        "observed_approx_area_km2": 1045.147589023062,
        "observed_boundary_truncated": false,
        "observed_geometry_limit": "CENTROID_ONLY_BBOX_IS_PIXEL_SPACE_NOT_GEO_POLYGON",
        "lpz_forecast_generated": false,
        "kind": "RESEARCH_POINT_EXTRAPOLATION",
        "lead_from_as_of_minutes": 15,
        "target_valid_time_utc": "2026-09-21T04:30:00Z",
        "research_only": true,
        "probability": null,
        "intensity": null,
        "footprint": null,
        "affected_regions": null
      }
    },
    {
      "type": "Feature",
      "geometry": {
        "type": "LineString",
        "coordinates": [
          [
            139.49615478515625,
            34.84762101276786
          ],
          [
            139.46319309245501,
            34.92877348240815
          ]
        ]
      },
      "properties": {
        "research_object_id": "F3-7790b1634eca992e-000001",
        "source_slot_utc": "2026-09-21T04:00:00Z",
        "observation_valid_time_utc": "2026-09-21T04:00:00Z",
        "observed_centroid_lon_lat": [
          139.49615478515625,
          34.84762101276786
        ],
        "observed_bbox_pixel": [
          746,
          346,
          890,
          442
        ],
        "observed_approx_area_km2": 1045.147589023062,
        "observed_boundary_truncated": false,
        "observed_geometry_limit": "CENTROID_ONLY_BBOX_IS_PIXEL_SPACE_NOT_GEO_POLYGON",
        "lpz_forecast_generated": false,
        "kind": "RESEARCH_POINT_MOTION_ARROW",
        "lead_from_as_of_minutes": 15,
        "target_valid_time_utc": "2026-09-21T04:30:00Z",
        "research_only": true,
        "probability": null,
        "intensity": null,
        "footprint": null,
        "affected_regions": null
      }
    },
    {
      "type": "Feature",
      "geometry": {
        "type": "Point",
        "coordinates": [
          139.44671224610437,
          34.96934971722829
        ]
      },
      "properties": {
        "research_object_id": "F3-7790b1634eca992e-000001",
        "source_slot_utc": "2026-09-21T04:00:00Z",
        "observation_valid_time_utc": "2026-09-21T04:00:00Z",
        "observed_centroid_lon_lat": [
          139.49615478515625,
          34.84762101276786
        ],
        "observed_bbox_pixel": [
          746,
          346,
          890,
          442
        ],
        "observed_approx_area_km2": 1045.147589023062,
        "observed_boundary_truncated": false,
        "observed_geometry_limit": "CENTROID_ONLY_BBOX_IS_PIXEL_SPACE_NOT_GEO_POLYGON",
        "lpz_forecast_generated": false,
        "kind": "RESEARCH_POINT_EXTRAPOLATION",
        "lead_from_as_of_minutes": 30,
        "target_valid_time_utc": "2026-09-21T04:45:00Z",
        "research_only": true,
        "probability": null,
        "intensity": null,
        "footprint": null,
        "affected_regions": null
      }
    },
    {
      "type": "Feature",
      "geometry": {
        "type": "LineString",
        "coordinates": [
          [
            139.49615478515625,
            34.84762101276786
          ],
          [
            139.44671224610437,
            34.96934971722829
          ]
        ]
      },
      "properties": {
        "research_object_id": "F3-7790b1634eca992e-000001",
        "source_slot_utc": "2026-09-21T04:00:00Z",
        "observation_valid_time_utc": "2026-09-21T04:00:00Z",
        "observed_centroid_lon_lat": [
          139.49615478515625,
          34.84762101276786
        ],
        "observed_bbox_pixel": [
          746,
          346,
          890,
          442
        ],
        "observed_approx_area_km2": 1045.147589023062,
        "observed_boundary_truncated": false,
        "observed_geometry_limit": "CENTROID_ONLY_BBOX_IS_PIXEL_SPACE_NOT_GEO_POLYGON",
        "lpz_forecast_generated": false,
        "kind": "RESEARCH_POINT_MOTION_ARROW",
        "lead_from_as_of_minutes": 30,
        "target_valid_time_utc": "2026-09-21T04:45:00Z",
        "research_only": true,
        "probability": null,
        "intensity": null,
        "footprint": null,
        "affected_regions": null
      }
    },
    {
      "type": "Feature",
      "geometry": {
        "type": "Point",
        "coordinates": [
          139.23797607421875,
          34.06858717479197
        ]
      },
      "properties": {
        "research_object_id": "F3-7790b1634eca992e-000002",
        "source_slot_utc": "2026-09-21T04:00:00Z",
        "observation_valid_time_utc": "2026-09-21T04:00:00Z",
        "observed_centroid_lon_lat": [
          139.23797607421875,
          34.06858717479197
        ],
        "observed_bbox_pixel": [
          735,
          550,
          816,
          586
        ],
        "observed_approx_area_km2": 286.60708843994803,
        "observed_boundary_truncated": false,
        "observed_geometry_limit": "CENTROID_ONLY_BBOX_IS_PIXEL_SPACE_NOT_GEO_POLYGON",
        "lpz_forecast_generated": false,
        "kind": "OBSERVED_ORIGIN",
        "lead_from_as_of_minutes": 0
      }
    },
    {
      "type": "Feature",
      "geometry": {
        "type": "Point",
        "coordinates": [
          138.87540777476113,
          34.123194415855
        ]
      },
      "properties": {
        "research_object_id": "F3-7790b1634eca992e-000002",
        "source_slot_utc": "2026-09-21T04:00:00Z",
        "observation_valid_time_utc": "2026-09-21T04:00:00Z",
        "observed_centroid_lon_lat": [
          139.23797607421875,
          34.06858717479197
        ],
        "observed_bbox_pixel": [
          735,
          550,
          816,
          586
        ],
        "observed_approx_area_km2": 286.60708843994803,
        "observed_boundary_truncated": false,
        "observed_geometry_limit": "CENTROID_ONLY_BBOX_IS_PIXEL_SPACE_NOT_GEO_POLYGON",
        "lpz_forecast_generated": false,
        "kind": "RESEARCH_POINT_EXTRAPOLATION",
        "lead_from_as_of_minutes": 15,
        "target_valid_time_utc": "2026-09-21T04:30:00Z",
        "research_only": true,
        "probability": null,
        "intensity": null,
        "footprint": null,
        "affected_regions": null
      }
    },
    {
      "type": "Feature",
      "geometry": {
        "type": "LineString",
        "coordinates": [
          [
            139.23797607421875,
            34.06858717479197
          ],
          [
            138.87540777476113,
            34.123194415855
          ]
        ]
      },
      "properties": {
        "research_object_id": "F3-7790b1634eca992e-000002",
        "source_slot_utc": "2026-09-21T04:00:00Z",
        "observation_valid_time_utc": "2026-09-21T04:00:00Z",
        "observed_centroid_lon_lat": [
          139.23797607421875,
          34.06858717479197
        ],
        "observed_bbox_pixel": [
          735,
          550,
          816,
          586
        ],
        "observed_approx_area_km2": 286.60708843994803,
        "observed_boundary_truncated": false,
        "observed_geometry_limit": "CENTROID_ONLY_BBOX_IS_PIXEL_SPACE_NOT_GEO_POLYGON",
        "lpz_forecast_generated": false,
        "kind": "RESEARCH_POINT_MOTION_ARROW",
        "lead_from_as_of_minutes": 15,
        "target_valid_time_utc": "2026-09-21T04:30:00Z",
        "research_only": true,
        "probability": null,
        "intensity": null,
        "footprint": null,
        "affected_regions": null
      }
    },
    {
      "type": "Feature",
      "geometry": {
        "type": "Point",
        "coordinates": [
          138.69412362503226,
          34.15049803638651
        ]
      },
      "properties": {
        "research_object_id": "F3-7790b1634eca992e-000002",
        "source_slot_utc": "2026-09-21T04:00:00Z",
        "observation_valid_time_utc": "2026-09-21T04:00:00Z",
        "observed_centroid_lon_lat": [
          139.23797607421875,
          34.06858717479197
        ],
        "observed_bbox_pixel": [
          735,
          550,
          816,
          586
        ],
        "observed_approx_area_km2": 286.60708843994803,
        "observed_boundary_truncated": false,
        "observed_geometry_limit": "CENTROID_ONLY_BBOX_IS_PIXEL_SPACE_NOT_GEO_POLYGON",
        "lpz_forecast_generated": false,
        "kind": "RESEARCH_POINT_EXTRAPOLATION",
        "lead_from_as_of_minutes": 30,
        "target_valid_time_utc": "2026-09-21T04:45:00Z",
        "research_only": true,
        "probability": null,
        "intensity": null,
        "footprint": null,
        "affected_regions": null
      }
    },
    {
      "type": "Feature",
      "geometry": {
        "type": "LineString",
        "coordinates": [
          [
            139.23797607421875,
            34.06858717479197
          ],
          [
            138.69412362503226,
            34.15049803638651
          ]
        ]
      },
      "properties": {
        "research_object_id": "F3-7790b1634eca992e-000002",
        "source_slot_utc": "2026-09-21T04:00:00Z",
        "observation_valid_time_utc": "2026-09-21T04:00:00Z",
        "observed_centroid_lon_lat": [
          139.23797607421875,
          34.06858717479197
        ],
        "observed_bbox_pixel": [
          735,
          550,
          816,
          586
        ],
        "observed_approx_area_km2": 286.60708843994803,
        "observed_boundary_truncated": false,
        "observed_geometry_limit": "CENTROID_ONLY_BBOX_IS_PIXEL_SPACE_NOT_GEO_POLYGON",
        "lpz_forecast_generated": false,
        "kind": "RESEARCH_POINT_MOTION_ARROW",
        "lead_from_as_of_minutes": 30,
        "target_valid_time_utc": "2026-09-21T04:45:00Z",
        "research_only": true,
        "probability": null,
        "intensity": null,
        "footprint": null,
        "affected_regions": null
      }
    },
    {
      "type": "Feature",
      "geometry": {
        "type": "Point",
        "coordinates": [
          138.17230224609375,
          34.259486514506214
        ]
      },
      "properties": {
        "research_object_id": "F3-7790b1634eca992e-000003",
        "source_slot_utc": "2026-09-21T04:00:00Z",
        "observation_valid_time_utc": "2026-09-21T04:00:00Z",
        "observed_centroid_lon_lat": [
          138.17230224609375,
          34.259486514506214
        ],
        "observed_bbox_pixel": [
          566,
          502,
          591,
          544
        ],
        "observed_approx_area_km2": 97.06289781489822,
        "observed_boundary_truncated": false,
        "observed_geometry_limit": "CENTROID_ONLY_BBOX_IS_PIXEL_SPACE_NOT_GEO_POLYGON",
        "lpz_forecast_generated": false,
        "kind": "OBSERVED_ORIGIN",
        "lead_from_as_of_minutes": 0
      }
    },
    {
      "type": "Feature",
      "geometry": {
        "type": "Point",
        "coordinates": [
          138.04050544399763,
          33.95993012532019
        ]
      },
      "properties": {
        "research_object_id": "F3-7790b1634eca992e-000003",
        "source_slot_utc": "2026-09-21T04:00:00Z",
        "observation_valid_time_utc": "2026-09-21T04:00:00Z",
        "observed_centroid_lon_lat": [
          138.17230224609375,
          34.259486514506214
        ],
        "observed_bbox_pixel": [
          566,
          502,
          591,
          544
        ],
        "observed_approx_area_km2": 97.06289781489822,
        "observed_boundary_truncated": false,
        "observed_geometry_limit": "CENTROID_ONLY_BBOX_IS_PIXEL_SPACE_NOT_GEO_POLYGON",
        "lpz_forecast_generated": false,
        "kind": "RESEARCH_POINT_EXTRAPOLATION",
        "lead_from_as_of_minutes": 15,
        "target_valid_time_utc": "2026-09-21T04:30:00Z",
        "research_only": true,
        "probability": null,
        "intensity": null,
        "footprint": null,
        "affected_regions": null
      }
    },
    {
      "type": "Feature",
      "geometry": {
        "type": "LineString",
        "coordinates": [
          [
            138.17230224609375,
            34.259486514506214
          ],
          [
            138.04050544399763,
            33.95993012532019
          ]
        ]
      },
      "properties": {
        "research_object_id": "F3-7790b1634eca992e-000003",
        "source_slot_utc": "2026-09-21T04:00:00Z",
        "observation_valid_time_utc": "2026-09-21T04:00:00Z",
        "observed_centroid_lon_lat": [
          138.17230224609375,
          34.259486514506214
        ],
        "observed_bbox_pixel": [
          566,
          502,
          591,
          544
        ],
        "observed_approx_area_km2": 97.06289781489822,
        "observed_boundary_truncated": false,
        "observed_geometry_limit": "CENTROID_ONLY_BBOX_IS_PIXEL_SPACE_NOT_GEO_POLYGON",
        "lpz_forecast_generated": false,
        "kind": "RESEARCH_POINT_MOTION_ARROW",
        "lead_from_as_of_minutes": 15,
        "target_valid_time_utc": "2026-09-21T04:30:00Z",
        "research_only": true,
        "probability": null,
        "intensity": null,
        "footprint": null,
        "affected_regions": null
      }
    },
    {
      "type": "Feature",
      "geometry": {
        "type": "Point",
        "coordinates": [
          137.97460704294963,
          33.81015193072718
        ]
      },
      "properties": {
        "research_object_id": "F3-7790b1634eca992e-000003",
        "source_slot_utc": "2026-09-21T04:00:00Z",
        "observation_valid_time_utc": "2026-09-21T04:00:00Z",
        "observed_centroid_lon_lat": [
          138.17230224609375,
          34.259486514506214
        ],
        "observed_bbox_pixel": [
          566,
          502,
          591,
          544
        ],
        "observed_approx_area_km2": 97.06289781489822,
        "observed_boundary_truncated": false,
        "observed_geometry_limit": "CENTROID_ONLY_BBOX_IS_PIXEL_SPACE_NOT_GEO_POLYGON",
        "lpz_forecast_generated": false,
        "kind": "RESEARCH_POINT_EXTRAPOLATION",
        "lead_from_as_of_minutes": 30,
        "target_valid_time_utc": "2026-09-21T04:45:00Z",
        "research_only": true,
        "probability": null,
        "intensity": null,
        "footprint": null,
        "affected_regions": null
      }
    },
    {
      "type": "Feature",
      "geometry": {
        "type": "LineString",
        "coordinates": [
          [
            138.17230224609375,
            34.259486514506214
          ],
          [
            137.97460704294963,
            33.81015193072718
          ]
        ]
      },
      "properties": {
        "research_object_id": "F3-7790b1634eca992e-000003",
        "source_slot_utc": "2026-09-21T04:00:00Z",
        "observation_valid_time_utc": "2026-09-21T04:00:00Z",
        "observed_centroid_lon_lat": [
          138.17230224609375,
          34.259486514506214
        ],
        "observed_bbox_pixel": [
          566,
          502,
          591,
          544
        ],
        "observed_approx_area_km2": 97.06289781489822,
        "observed_boundary_truncated": false,
        "observed_geometry_limit": "CENTROID_ONLY_BBOX_IS_PIXEL_SPACE_NOT_GEO_POLYGON",
        "lpz_forecast_generated": false,
        "kind": "RESEARCH_POINT_MOTION_ARROW",
        "lead_from_as_of_minutes": 30,
        "target_valid_time_utc": "2026-09-21T04:45:00Z",
        "research_only": true,
        "probability": null,
        "intensity": null,
        "footprint": null,
        "affected_regions": null
      }
    },
    {
      "type": "Feature",
      "geometry": {
        "type": "Point",
        "coordinates": [
          138.10638427734375,
          34.12772118604398
        ]
      },
      "properties": {
        "research_object_id": "F3-7790b1634eca992e-000004",
        "source_slot_utc": "2026-09-21T04:00:00Z",
        "observation_valid_time_utc": "2026-09-21T04:00:00Z",
        "observed_centroid_lon_lat": [
          138.10638427734375,
          34.12772118604398
        ],
        "observed_bbox_pixel": [
          564,
          550,
          566,
          553
        ],
        "observed_approx_area_km2": 3.074737862815809,
        "observed_boundary_truncated": false,
        "observed_geometry_limit": "CENTROID_ONLY_BBOX_IS_PIXEL_SPACE_NOT_GEO_POLYGON",
        "lpz_forecast_generated": false,
        "kind": "OBSERVED_ORIGIN",
        "lead_from_as_of_minutes": 0
      }
    },
    {
      "type": "Feature",
      "geometry": {
        "type": "Point",
        "coordinates": [
          138.17230047325893,
          34.100438835568646
        ]
      },
      "properties": {
        "research_object_id": "F3-7790b1634eca992e-000004",
        "source_slot_utc": "2026-09-21T04:00:00Z",
        "observation_valid_time_utc": "2026-09-21T04:00:00Z",
        "observed_centroid_lon_lat": [
          138.10638427734375,
          34.12772118604398
        ],
        "observed_bbox_pixel": [
          564,
          550,
          566,
          553
        ],
        "observed_approx_area_km2": 3.074737862815809,
        "observed_boundary_truncated": false,
        "observed_geometry_limit": "CENTROID_ONLY_BBOX_IS_PIXEL_SPACE_NOT_GEO_POLYGON",
        "lpz_forecast_generated": false,
        "kind": "RESEARCH_POINT_EXTRAPOLATION",
        "lead_from_as_of_minutes": 15,
        "target_valid_time_utc": "2026-09-21T04:30:00Z",
        "research_only": true,
        "probability": null,
        "intensity": null,
        "footprint": null,
        "affected_regions": null
      }
    },
    {
      "type": "Feature",
      "geometry": {
        "type": "LineString",
        "coordinates": [
          [
            138.10638427734375,
            34.12772118604398
          ],
          [
            138.17230047325893,
            34.100438835568646
          ]
        ]
      },
      "properties": {
        "research_object_id": "F3-7790b1634eca992e-000004",
        "source_slot_utc": "2026-09-21T04:00:00Z",
        "observation_valid_time_utc": "2026-09-21T04:00:00Z",
        "observed_centroid_lon_lat": [
          138.10638427734375,
          34.12772118604398
        ],
        "observed_bbox_pixel": [
          564,
          550,
          566,
          553
        ],
        "observed_approx_area_km2": 3.074737862815809,
        "observed_boundary_truncated": false,
        "observed_geometry_limit": "CENTROID_ONLY_BBOX_IS_PIXEL_SPACE_NOT_GEO_POLYGON",
        "lpz_forecast_generated": false,
        "kind": "RESEARCH_POINT_MOTION_ARROW",
        "lead_from_as_of_minutes": 15,
        "target_valid_time_utc": "2026-09-21T04:30:00Z",
        "research_only": true,
        "probability": null,
        "intensity": null,
        "footprint": null,
        "affected_regions": null
      }
    },
    {
      "type": "Feature",
      "geometry": {
        "type": "Point",
        "coordinates": [
          138.20525857121646,
          34.08679766033098
        ]
      },
      "properties": {
        "research_object_id": "F3-7790b1634eca992e-000004",
        "source_slot_utc": "2026-09-21T04:00:00Z",
        "observation_valid_time_utc": "2026-09-21T04:00:00Z",
        "observed_centroid_lon_lat": [
          138.10638427734375,
          34.12772118604398
        ],
        "observed_bbox_pixel": [
          564,
          550,
          566,
          553
        ],
        "observed_approx_area_km2": 3.074737862815809,
        "observed_boundary_truncated": false,
        "observed_geometry_limit": "CENTROID_ONLY_BBOX_IS_PIXEL_SPACE_NOT_GEO_POLYGON",
        "lpz_forecast_generated": false,
        "kind": "RESEARCH_POINT_EXTRAPOLATION",
        "lead_from_as_of_minutes": 30,
        "target_valid_time_utc": "2026-09-21T04:45:00Z",
        "research_only": true,
        "probability": null,
        "intensity": null,
        "footprint": null,
        "affected_regions": null
      }
    },
    {
      "type": "Feature",
      "geometry": {
        "type": "LineString",
        "coordinates": [
          [
            138.10638427734375,
            34.12772118604398
          ],
          [
            138.20525857121646,
            34.08679766033098
          ]
        ]
      },
      "properties": {
        "research_object_id": "F3-7790b1634eca992e-000004",
        "source_slot_utc": "2026-09-21T04:00:00Z",
        "observation_valid_time_utc": "2026-09-21T04:00:00Z",
        "observed_centroid_lon_lat": [
          138.10638427734375,
          34.12772118604398
        ],
        "observed_bbox_pixel": [
          564,
          550,
          566,
          553
        ],
        "observed_approx_area_km2": 3.074737862815809,
        "observed_boundary_truncated": false,
        "observed_geometry_limit": "CENTROID_ONLY_BBOX_IS_PIXEL_SPACE_NOT_GEO_POLYGON",
        "lpz_forecast_generated": false,
        "kind": "RESEARCH_POINT_MOTION_ARROW",
        "lead_from_as_of_minutes": 30,
        "target_valid_time_utc": "2026-09-21T04:45:00Z",
        "research_only": true,
        "probability": null,
        "intensity": null,
        "footprint": null,
        "affected_regions": null
      }
    },
    {
      "type": "Feature",
      "geometry": {
        "type": "Point",
        "coordinates": [
          139.30938720703125,
          33.479563094441815
        ]
      },
      "properties": {
        "research_object_id": "F3-7790b1634eca992e-000005",
        "source_slot_utc": "2026-09-21T04:00:00Z",
        "observation_valid_time_utc": "2026-09-21T04:00:00Z",
        "observed_centroid_lon_lat": [
          139.30938720703125,
          33.479563094441815
        ],
        "observed_bbox_pixel": [
          775,
          690,
          796,
          696
        ],
        "observed_approx_area_km2": 23.932802357323272,
        "observed_boundary_truncated": false,
        "observed_geometry_limit": "CENTROID_ONLY_BBOX_IS_PIXEL_SPACE_NOT_GEO_POLYGON",
        "lpz_forecast_generated": false,
        "kind": "OBSERVED_ORIGIN",
        "lead_from_as_of_minutes": 0
      }
    },
    {
      "type": "Feature",
      "geometry": {
        "type": "Point",
        "coordinates": [
          139.44123011698787,
          33.53454703554159
        ]
      },
      "properties": {
        "research_object_id": "F3-7790b1634eca992e-000005",
        "source_slot_utc": "2026-09-21T04:00:00Z",
        "observation_valid_time_utc": "2026-09-21T04:00:00Z",
        "observed_centroid_lon_lat": [
          139.30938720703125,
          33.479563094441815
        ],
        "observed_bbox_pixel": [
          775,
          690,
          796,
          696
        ],
        "observed_approx_area_km2": 23.932802357323272,
        "observed_boundary_truncated": false,
        "observed_geometry_limit": "CENTROID_ONLY_BBOX_IS_PIXEL_SPACE_NOT_GEO_POLYGON",
        "lpz_forecast_generated": false,
        "kind": "RESEARCH_POINT_EXTRAPOLATION",
        "lead_from_as_of_minutes": 15,
        "target_valid_time_utc": "2026-09-21T04:30:00Z",
        "research_only": true,
        "probability": null,
        "intensity": null,
        "footprint": null,
        "affected_regions": null
      }
    },
    {
      "type": "Feature",
      "geometry": {
        "type": "LineString",
        "coordinates": [
          [
            139.30938720703125,
            33.479563094441815
          ],
          [
            139.44123011698787,
            33.53454703554159
          ]
        ]
      },
      "properties": {
        "research_object_id": "F3-7790b1634eca992e-000005",
        "source_slot_utc": "2026-09-21T04:00:00Z",
        "observation_valid_time_utc": "2026-09-21T04:00:00Z",
        "observed_centroid_lon_lat": [
          139.30938720703125,
          33.479563094441815
        ],
        "observed_bbox_pixel": [
          775,
          690,
          796,
          696
        ],
        "observed_approx_area_km2": 23.932802357323272,
        "observed_boundary_truncated": false,
        "observed_geometry_limit": "CENTROID_ONLY_BBOX_IS_PIXEL_SPACE_NOT_GEO_POLYGON",
        "lpz_forecast_generated": false,
        "kind": "RESEARCH_POINT_MOTION_ARROW",
        "lead_from_as_of_minutes": 15,
        "target_valid_time_utc": "2026-09-21T04:30:00Z",
        "research_only": true,
        "probability": null,
        "intensity": null,
        "footprint": null,
        "affected_regions": null
      }
    },
    {
      "type": "Feature",
      "geometry": {
        "type": "Point",
        "coordinates": [
          139.50715157196623,
          33.56203900609148
        ]
      },
      "properties": {
        "research_object_id": "F3-7790b1634eca992e-000005",
        "source_slot_utc": "2026-09-21T04:00:00Z",
        "observation_valid_time_utc": "2026-09-21T04:00:00Z",
        "observed_centroid_lon_lat": [
          139.30938720703125,
          33.479563094441815
        ],
        "observed_bbox_pixel": [
          775,
          690,
          796,
          696
        ],
        "observed_approx_area_km2": 23.932802357323272,
        "observed_boundary_truncated": false,
        "observed_geometry_limit": "CENTROID_ONLY_BBOX_IS_PIXEL_SPACE_NOT_GEO_POLYGON",
        "lpz_forecast_generated": false,
        "kind": "RESEARCH_POINT_EXTRAPOLATION",
        "lead_from_as_of_minutes": 30,
        "target_valid_time_utc": "2026-09-21T04:45:00Z",
        "research_only": true,
        "probability": null,
        "intensity": null,
        "footprint": null,
        "affected_regions": null
      }
    },
    {
      "type": "Feature",
      "geometry": {
        "type": "LineString",
        "coordinates": [
          [
            139.30938720703125,
            33.479563094441815
          ],
          [
            139.50715157196623,
            33.56203900609148
          ]
        ]
      },
      "properties": {
        "research_object_id": "F3-7790b1634eca992e-000005",
        "source_slot_utc": "2026-09-21T04:00:00Z",
        "observation_valid_time_utc": "2026-09-21T04:00:00Z",
        "observed_centroid_lon_lat": [
          139.30938720703125,
          33.479563094441815
        ],
        "observed_bbox_pixel": [
          775,
          690,
          796,
          696
        ],
        "observed_approx_area_km2": 23.932802357323272,
        "observed_boundary_truncated": false,
        "observed_geometry_limit": "CENTROID_ONLY_BBOX_IS_PIXEL_SPACE_NOT_GEO_POLYGON",
        "lpz_forecast_generated": false,
        "kind": "RESEARCH_POINT_MOTION_ARROW",
        "lead_from_as_of_minutes": 30,
        "target_valid_time_utc": "2026-09-21T04:45:00Z",
        "research_only": true,
        "probability": null,
        "intensity": null,
        "footprint": null,
        "affected_regions": null
      }
    },
    {
      "type": "Feature",
      "geometry": {
        "type": "Point",
        "coordinates": [
          139.02374267578125,
          34.39104576945998
        ]
      },
      "properties": {
        "research_object_id": "F3-7790b1634eca992e-000006",
        "source_slot_utc": "2026-09-21T04:00:00Z",
        "observation_valid_time_utc": "2026-09-21T04:00:00Z",
        "observed_centroid_lon_lat": [
          139.02374267578125,
          34.39104576945998
        ],
        "observed_bbox_pixel": [
          728,
          491,
          736,
          495
        ],
        "observed_approx_area_km2": 7.893499217761027,
        "observed_boundary_truncated": false,
        "observed_geometry_limit": "CENTROID_ONLY_BBOX_IS_PIXEL_SPACE_NOT_GEO_POLYGON",
        "lpz_forecast_generated": false,
        "kind": "OBSERVED_ORIGIN",
        "lead_from_as_of_minutes": 0
      }
    },
    {
      "type": "Feature",
      "geometry": {
        "type": "Point",
        "coordinates": [
          139.32043778821617,
          34.60867539389453
        ]
      },
      "properties": {
        "research_object_id": "F3-7790b1634eca992e-000006",
        "source_slot_utc": "2026-09-21T04:00:00Z",
        "observation_valid_time_utc": "2026-09-21T04:00:00Z",
        "observed_centroid_lon_lat": [
          139.02374267578125,
          34.39104576945998
        ],
        "observed_bbox_pixel": [
          728,
          491,
          736,
          495
        ],
        "observed_approx_area_km2": 7.893499217761027,
        "observed_boundary_truncated": false,
        "observed_geometry_limit": "CENTROID_ONLY_BBOX_IS_PIXEL_SPACE_NOT_GEO_POLYGON",
        "lpz_forecast_generated": false,
        "kind": "RESEARCH_POINT_EXTRAPOLATION",
        "lead_from_as_of_minutes": 15,
        "target_valid_time_utc": "2026-09-21T04:30:00Z",
        "research_only": true,
        "probability": null,
        "intensity": null,
        "footprint": null,
        "affected_regions": null
      }
    },
    {
      "type": "Feature",
      "geometry": {
        "type": "LineString",
        "coordinates": [
          [
            139.02374267578125,
            34.39104576945998
          ],
          [
            139.32043778821617,
            34.60867539389453
          ]
        ]
      },
      "properties": {
        "research_object_id": "F3-7790b1634eca992e-000006",
        "source_slot_utc": "2026-09-21T04:00:00Z",
        "observation_valid_time_utc": "2026-09-21T04:00:00Z",
        "observed_centroid_lon_lat": [
          139.02374267578125,
          34.39104576945998
        ],
        "observed_bbox_pixel": [
          728,
          491,
          736,
          495
        ],
        "observed_approx_area_km2": 7.893499217761027,
        "observed_boundary_truncated": false,
        "observed_geometry_limit": "CENTROID_ONLY_BBOX_IS_PIXEL_SPACE_NOT_GEO_POLYGON",
        "lpz_forecast_generated": false,
        "kind": "RESEARCH_POINT_MOTION_ARROW",
        "lead_from_as_of_minutes": 15,
        "target_valid_time_utc": "2026-09-21T04:30:00Z",
        "research_only": true,
        "probability": null,
        "intensity": null,
        "footprint": null,
        "affected_regions": null
      }
    },
    {
      "type": "Feature",
      "geometry": {
        "type": "Point",
        "coordinates": [
          139.46878534443357,
          34.717490206111805
        ]
      },
      "properties": {
        "research_object_id": "F3-7790b1634eca992e-000006",
        "source_slot_utc": "2026-09-21T04:00:00Z",
        "observation_valid_time_utc": "2026-09-21T04:00:00Z",
        "observed_centroid_lon_lat": [
          139.02374267578125,
          34.39104576945998
        ],
        "observed_bbox_pixel": [
          728,
          491,
          736,
          495
        ],
        "observed_approx_area_km2": 7.893499217761027,
        "observed_boundary_truncated": false,
        "observed_geometry_limit": "CENTROID_ONLY_BBOX_IS_PIXEL_SPACE_NOT_GEO_POLYGON",
        "lpz_forecast_generated": false,
        "kind": "RESEARCH_POINT_EXTRAPOLATION",
        "lead_from_as_of_minutes": 30,
        "target_valid_time_utc": "2026-09-21T04:45:00Z",
        "research_only": true,
        "probability": null,
        "intensity": null,
        "footprint": null,
        "affected_regions": null
      }
    },
    {
      "type": "Feature",
      "geometry": {
        "type": "LineString",
        "coordinates": [
          [
            139.02374267578125,
            34.39104576945998
          ],
          [
            139.46878534443357,
            34.717490206111805
          ]
        ]
      },
      "properties": {
        "research_object_id": "F3-7790b1634eca992e-000006",
        "source_slot_utc": "2026-09-21T04:00:00Z",
        "observation_valid_time_utc": "2026-09-21T04:00:00Z",
        "observed_centroid_lon_lat": [
          139.02374267578125,
          34.39104576945998
        ],
        "observed_bbox_pixel": [
          728,
          491,
          736,
          495
        ],
        "observed_approx_area_km2": 7.893499217761027,
        "observed_boundary_truncated": false,
        "observed_geometry_limit": "CENTROID_ONLY_BBOX_IS_PIXEL_SPACE_NOT_GEO_POLYGON",
        "lpz_forecast_generated": false,
        "kind": "RESEARCH_POINT_MOTION_ARROW",
        "lead_from_as_of_minutes": 30,
        "target_valid_time_utc": "2026-09-21T04:45:00Z",
        "research_only": true,
        "probability": null,
        "intensity": null,
        "footprint": null,
        "affected_regions": null
      }
    },
    {
      "type": "Feature",
      "geometry": {
        "type": "Point",
        "coordinates": [
          138.74908447265625,
          34.46354183877717
        ]
      },
      "properties": {
        "research_object_id": "F3-7790b1634eca992e-000007",
        "source_slot_utc": "2026-09-21T04:00:00Z",
        "observation_valid_time_utc": "2026-09-21T04:00:00Z",
        "observed_centroid_lon_lat": [
          138.74908447265625,
          34.46354183877717
        ],
        "observed_bbox_pixel": [
          662,
          450,
          708,
          508
        ],
        "observed_approx_area_km2": 154.29195519844268,
        "observed_boundary_truncated": false,
        "observed_geometry_limit": "CENTROID_ONLY_BBOX_IS_PIXEL_SPACE_NOT_GEO_POLYGON",
        "lpz_forecast_generated": false,
        "kind": "OBSERVED_ORIGIN",
        "lead_from_as_of_minutes": 0
      }
    },
    {
      "type": "Feature",
      "geometry": {
        "type": "Point",
        "coordinates": [
          138.2218122485026,
          34.32768909171039
        ]
      },
      "properties": {
        "research_object_id": "F3-7790b1634eca992e-000007",
        "source_slot_utc": "2026-09-21T04:00:00Z",
        "observation_valid_time_utc": "2026-09-21T04:00:00Z",
        "observed_centroid_lon_lat": [
          138.74908447265625,
          34.46354183877717
        ],
        "observed_bbox_pixel": [
          662,
          450,
          708,
          508
        ],
        "observed_approx_area_km2": 154.29195519844268,
        "observed_boundary_truncated": false,
        "observed_geometry_limit": "CENTROID_ONLY_BBOX_IS_PIXEL_SPACE_NOT_GEO_POLYGON",
        "lpz_forecast_generated": false,
        "kind": "RESEARCH_POINT_EXTRAPOLATION",
        "lead_from_as_of_minutes": 15,
        "target_valid_time_utc": "2026-09-21T04:30:00Z",
        "research_only": true,
        "probability": null,
        "intensity": null,
        "footprint": null,
        "affected_regions": null
      }
    },
    {
      "type": "Feature",
      "geometry": {
        "type": "LineString",
        "coordinates": [
          [
            138.74908447265625,
            34.46354183877717
          ],
          [
            138.2218122485026,
            34.32768909171039
          ]
        ]
      },
      "properties": {
        "research_object_id": "F3-7790b1634eca992e-000007",
        "source_slot_utc": "2026-09-21T04:00:00Z",
        "observation_valid_time_utc": "2026-09-21T04:00:00Z",
        "observed_centroid_lon_lat": [
          138.74908447265625,
          34.46354183877717
        ],
        "observed_bbox_pixel": [
          662,
          450,
          708,
          508
        ],
        "observed_approx_area_km2": 154.29195519844268,
        "observed_boundary_truncated": false,
        "observed_geometry_limit": "CENTROID_ONLY_BBOX_IS_PIXEL_SPACE_NOT_GEO_POLYGON",
        "lpz_forecast_generated": false,
        "kind": "RESEARCH_POINT_MOTION_ARROW",
        "lead_from_as_of_minutes": 15,
        "target_valid_time_utc": "2026-09-21T04:30:00Z",
        "research_only": true,
        "probability": null,
        "intensity": null,
        "footprint": null,
        "affected_regions": null
      }
    },
    {
      "type": "Feature",
      "geometry": {
        "type": "Point",
        "coordinates": [
          137.95817613642572,
          34.259762718177
        ]
      },
      "properties": {
        "research_object_id": "F3-7790b1634eca992e-000007",
        "source_slot_utc": "2026-09-21T04:00:00Z",
        "observation_valid_time_utc": "2026-09-21T04:00:00Z",
        "observed_centroid_lon_lat": [
          138.74908447265625,
          34.46354183877717
        ],
        "observed_bbox_pixel": [
          662,
          450,
          708,
          508
        ],
        "observed_approx_area_km2": 154.29195519844268,
        "observed_boundary_truncated": false,
        "observed_geometry_limit": "CENTROID_ONLY_BBOX_IS_PIXEL_SPACE_NOT_GEO_POLYGON",
        "lpz_forecast_generated": false,
        "kind": "RESEARCH_POINT_EXTRAPOLATION",
        "lead_from_as_of_minutes": 30,
        "target_valid_time_utc": "2026-09-21T04:45:00Z",
        "research_only": true,
        "probability": null,
        "intensity": null,
        "footprint": null,
        "affected_regions": null
      }
    },
    {
      "type": "Feature",
      "geometry": {
        "type": "LineString",
        "coordinates": [
          [
            138.74908447265625,
            34.46354183877717
          ],
          [
            137.95817613642572,
            34.259762718177
          ]
        ]
      },
      "properties": {
        "research_object_id": "F3-7790b1634eca992e-000007",
        "source_slot_utc": "2026-09-21T04:00:00Z",
        "observation_valid_time_utc": "2026-09-21T04:00:00Z",
        "observed_centroid_lon_lat": [
          138.74908447265625,
          34.46354183877717
        ],
        "observed_bbox_pixel": [
          662,
          450,
          708,
          508
        ],
        "observed_approx_area_km2": 154.29195519844268,
        "observed_boundary_truncated": false,
        "observed_geometry_limit": "CENTROID_ONLY_BBOX_IS_PIXEL_SPACE_NOT_GEO_POLYGON",
        "lpz_forecast_generated": false,
        "kind": "RESEARCH_POINT_MOTION_ARROW",
        "lead_from_as_of_minutes": 30,
        "target_valid_time_utc": "2026-09-21T04:45:00Z",
        "research_only": true,
        "probability": null,
        "intensity": null,
        "footprint": null,
        "affected_regions": null
      }
    },
    {
      "type": "Feature",
      "geometry": {
        "type": "Point",
        "coordinates": [
          138.30963134765625,
          34.526924301401024
        ]
      },
      "properties": {
        "research_object_id": "F3-7790b1634eca992e-000008",
        "source_slot_utc": "2026-09-21T04:00:00Z",
        "observation_valid_time_utc": "2026-09-21T04:00:00Z",
        "observed_centroid_lon_lat": [
          138.30963134765625,
          34.526924301401024
        ],
        "observed_bbox_pixel": [
          588,
          431,
          619,
          500
        ],
        "observed_approx_area_km2": 223.59919497267146,
        "observed_boundary_truncated": false,
        "observed_geometry_limit": "CENTROID_ONLY_BBOX_IS_PIXEL_SPACE_NOT_GEO_POLYGON",
        "lpz_forecast_generated": false,
        "kind": "OBSERVED_ORIGIN",
        "lead_from_as_of_minutes": 0
      }
    },
    {
      "type": "Feature",
      "geometry": {
        "type": "Point",
        "coordinates": [
          138.0460454428,
          34.20118752614705
        ]
      },
      "properties": {
        "research_object_id": "F3-7790b1634eca992e-000008",
        "source_slot_utc": "2026-09-21T04:00:00Z",
        "observation_valid_time_utc": "2026-09-21T04:00:00Z",
        "observed_centroid_lon_lat": [
          138.30963134765625,
          34.526924301401024
        ],
        "observed_bbox_pixel": [
          588,
          431,
          619,
          500
        ],
        "observed_approx_area_km2": 223.59919497267146,
        "observed_boundary_truncated": false,
        "observed_geometry_limit": "CENTROID_ONLY_BBOX_IS_PIXEL_SPACE_NOT_GEO_POLYGON",
        "lpz_forecast_generated": false,
        "kind": "RESEARCH_POINT_EXTRAPOLATION",
        "lead_from_as_of_minutes": 15,
        "target_valid_time_utc": "2026-09-21T04:30:00Z",
        "research_only": true,
        "probability": null,
        "intensity": null,
        "footprint": null,
        "affected_regions": null
      }
    },
    {
      "type": "Feature",
      "geometry": {
        "type": "LineString",
        "coordinates": [
          [
            138.30963134765625,
            34.526924301401024
          ],
          [
            138.0460454428,
            34.20118752614705
          ]
        ]
      },
      "properties": {
        "research_object_id": "F3-7790b1634eca992e-000008",
        "source_slot_utc": "2026-09-21T04:00:00Z",
        "observation_valid_time_utc": "2026-09-21T04:00:00Z",
        "observed_centroid_lon_lat": [
          138.30963134765625,
          34.526924301401024
        ],
        "observed_bbox_pixel": [
          588,
          431,
          619,
          500
        ],
        "observed_approx_area_km2": 223.59919497267146,
        "observed_boundary_truncated": false,
        "observed_geometry_limit": "CENTROID_ONLY_BBOX_IS_PIXEL_SPACE_NOT_GEO_POLYGON",
        "lpz_forecast_generated": false,
        "kind": "RESEARCH_POINT_MOTION_ARROW",
        "lead_from_as_of_minutes": 15,
        "target_valid_time_utc": "2026-09-21T04:30:00Z",
        "research_only": true,
        "probability": null,
        "intensity": null,
        "footprint": null,
        "affected_regions": null
      }
    },
    {
      "type": "Feature",
      "geometry": {
        "type": "Point",
        "coordinates": [
          137.9142524903719,
          34.038319138520066
        ]
      },
      "properties": {
        "research_object_id": "F3-7790b1634eca992e-000008",
        "source_slot_utc": "2026-09-21T04:00:00Z",
        "observation_valid_time_utc": "2026-09-21T04:00:00Z",
        "observed_centroid_lon_lat": [
          138.30963134765625,
          34.526924301401024
        ],
        "observed_bbox_pixel": [
          588,
          431,
          619,
          500
        ],
        "observed_approx_area_km2": 223.59919497267146,
        "observed_boundary_truncated": false,
        "observed_geometry_limit": "CENTROID_ONLY_BBOX_IS_PIXEL_SPACE_NOT_GEO_POLYGON",
        "lpz_forecast_generated": false,
        "kind": "RESEARCH_POINT_EXTRAPOLATION",
        "lead_from_as_of_minutes": 30,
        "target_valid_time_utc": "2026-09-21T04:45:00Z",
        "research_only": true,
        "probability": null,
        "intensity": null,
        "footprint": null,
        "affected_regions": null
      }
    },
    {
      "type": "Feature",
      "geometry": {
        "type": "LineString",
        "coordinates": [
          [
            138.30963134765625,
            34.526924301401024
          ],
          [
            137.9142524903719,
            34.038319138520066
          ]
        ]
      },
      "properties": {
        "research_object_id": "F3-7790b1634eca992e-000008",
        "source_slot_utc": "2026-09-21T04:00:00Z",
        "observation_valid_time_utc": "2026-09-21T04:00:00Z",
        "observed_centroid_lon_lat": [
          138.30963134765625,
          34.526924301401024
        ],
        "observed_bbox_pixel": [
          588,
          431,
          619,
          500
        ],
        "observed_approx_area_km2": 223.59919497267146,
        "observed_boundary_truncated": false,
        "observed_geometry_limit": "CENTROID_ONLY_BBOX_IS_PIXEL_SPACE_NOT_GEO_POLYGON",
        "lpz_forecast_generated": false,
        "kind": "RESEARCH_POINT_MOTION_ARROW",
        "lead_from_as_of_minutes": 30,
        "target_valid_time_utc": "2026-09-21T04:45:00Z",
        "research_only": true,
        "probability": null,
        "intensity": null,
        "footprint": null,
        "affected_regions": null
      }
    },
    {
      "type": "Feature",
      "geometry": {
        "type": "Point",
        "coordinates": [
          138.66668701171875,
          34.72129745316465
        ]
      },
      "properties": {
        "research_object_id": "F3-7790b1634eca992e-000012",
        "source_slot_utc": "2026-09-21T04:00:00Z",
        "observation_valid_time_utc": "2026-09-21T04:00:00Z",
        "observed_centroid_lon_lat": [
          138.66668701171875,
          34.72129745316465
        ],
        "observed_bbox_pixel": [
          667,
          420,
          668,
          421
        ],
        "observed_approx_area_km2": 1.0104614051419623,
        "observed_boundary_truncated": false,
        "observed_geometry_limit": "CENTROID_ONLY_BBOX_IS_PIXEL_SPACE_NOT_GEO_POLYGON",
        "lpz_forecast_generated": false,
        "kind": "OBSERVED_ORIGIN",
        "lead_from_as_of_minutes": 0
      }
    },
    {
      "type": "Feature",
      "geometry": {
        "type": "Point",
        "coordinates": [
          138.7655558655652,
          34.64003394148638
        ]
      },
      "properties": {
        "research_object_id": "F3-7790b1634eca992e-000012",
        "source_slot_utc": "2026-09-21T04:00:00Z",
        "observation_valid_time_utc": "2026-09-21T04:00:00Z",
        "observed_centroid_lon_lat": [
          138.66668701171875,
          34.72129745316465
        ],
        "observed_bbox_pixel": [
          667,
          420,
          668,
          421
        ],
        "observed_approx_area_km2": 1.0104614051419623,
        "observed_boundary_truncated": false,
        "observed_geometry_limit": "CENTROID_ONLY_BBOX_IS_PIXEL_SPACE_NOT_GEO_POLYGON",
        "lpz_forecast_generated": false,
        "kind": "RESEARCH_POINT_EXTRAPOLATION",
        "lead_from_as_of_minutes": 15,
        "target_valid_time_utc": "2026-09-21T04:30:00Z",
        "research_only": true,
        "probability": null,
        "intensity": null,
        "footprint": null,
        "affected_regions": null
      }
    },
    {
      "type": "Feature",
      "geometry": {
        "type": "LineString",
        "coordinates": [
          [
            138.66668701171875,
            34.72129745316465
          ],
          [
            138.7655558655652,
            34.64003394148638
          ]
        ]
      },
      "properties": {
        "research_object_id": "F3-7790b1634eca992e-000012",
        "source_slot_utc": "2026-09-21T04:00:00Z",
        "observation_valid_time_utc": "2026-09-21T04:00:00Z",
        "observed_centroid_lon_lat": [
          138.66668701171875,
          34.72129745316465
        ],
        "observed_bbox_pixel": [
          667,
          420,
          668,
          421
        ],
        "observed_approx_area_km2": 1.0104614051419623,
        "observed_boundary_truncated": false,
        "observed_geometry_limit": "CENTROID_ONLY_BBOX_IS_PIXEL_SPACE_NOT_GEO_POLYGON",
        "lpz_forecast_generated": false,
        "kind": "RESEARCH_POINT_MOTION_ARROW",
        "lead_from_as_of_minutes": 15,
        "target_valid_time_utc": "2026-09-21T04:30:00Z",
        "research_only": true,
        "probability": null,
        "intensity": null,
        "footprint": null,
        "affected_regions": null
      }
    },
    {
      "type": "Feature",
      "geometry": {
        "type": "Point",
        "coordinates": [
          138.81499029248846,
          34.59940218564724
        ]
      },
      "properties": {
        "research_object_id": "F3-7790b1634eca992e-000012",
        "source_slot_utc": "2026-09-21T04:00:00Z",
        "observation_valid_time_utc": "2026-09-21T04:00:00Z",
        "observed_centroid_lon_lat": [
          138.66668701171875,
          34.72129745316465
        ],
        "observed_bbox_pixel": [
          667,
          420,
          668,
          421
        ],
        "observed_approx_area_km2": 1.0104614051419623,
        "observed_boundary_truncated": false,
        "observed_geometry_limit": "CENTROID_ONLY_BBOX_IS_PIXEL_SPACE_NOT_GEO_POLYGON",
        "lpz_forecast_generated": false,
        "kind": "RESEARCH_POINT_EXTRAPOLATION",
        "lead_from_as_of_minutes": 30,
        "target_valid_time_utc": "2026-09-21T04:45:00Z",
        "research_only": true,
        "probability": null,
        "intensity": null,
        "footprint": null,
        "affected_regions": null
      }
    },
    {
      "type": "Feature",
      "geometry": {
        "type": "LineString",
        "coordinates": [
          [
            138.66668701171875,
            34.72129745316465
          ],
          [
            138.81499029248846,
            34.59940218564724
          ]
        ]
      },
      "properties": {
        "research_object_id": "F3-7790b1634eca992e-000012",
        "source_slot_utc": "2026-09-21T04:00:00Z",
        "observation_valid_time_utc": "2026-09-21T04:00:00Z",
        "observed_centroid_lon_lat": [
          138.66668701171875,
          34.72129745316465
        ],
        "observed_bbox_pixel": [
          667,
          420,
          668,
          421
        ],
        "observed_approx_area_km2": 1.0104614051419623,
        "observed_boundary_truncated": false,
        "observed_geometry_limit": "CENTROID_ONLY_BBOX_IS_PIXEL_SPACE_NOT_GEO_POLYGON",
        "lpz_forecast_generated": false,
        "kind": "RESEARCH_POINT_MOTION_ARROW",
        "lead_from_as_of_minutes": 30,
        "target_valid_time_utc": "2026-09-21T04:45:00Z",
        "research_only": true,
        "probability": null,
        "intensity": null,
        "footprint": null,
        "affected_regions": null
      }
    },
    {
      "type": "Feature",
      "geometry": {
        "type": "Point",
        "coordinates": [
          139.97955322265625,
          35.49421989176049
        ]
      },
      "properties": {
        "research_object_id": "F3-7790b1634eca992e-000014",
        "source_slot_utc": "2026-09-21T04:00:00Z",
        "observation_valid_time_utc": "2026-09-21T04:00:00Z",
        "observed_centroid_lon_lat": [
          139.97955322265625,
          35.49421989176049
        ],
        "observed_bbox_pixel": [
          895,
          242,
          915,
          256
        ],
        "observed_approx_area_km2": 40.89837649807846,
        "observed_boundary_truncated": false,
        "observed_geometry_limit": "CENTROID_ONLY_BBOX_IS_PIXEL_SPACE_NOT_GEO_POLYGON",
        "lpz_forecast_generated": false,
        "kind": "OBSERVED_ORIGIN",
        "lead_from_as_of_minutes": 0
      }
    },
    {
      "type": "Feature",
      "geometry": {
        "type": "Point",
        "coordinates": [
          139.97955322265625,
          35.601569246379675
        ]
      },
      "properties": {
        "research_object_id": "F3-7790b1634eca992e-000014",
        "source_slot_utc": "2026-09-21T04:00:00Z",
        "observation_valid_time_utc": "2026-09-21T04:00:00Z",
        "observed_centroid_lon_lat": [
          139.97955322265625,
          35.49421989176049
        ],
        "observed_bbox_pixel": [
          895,
          242,
          915,
          256
        ],
        "observed_approx_area_km2": 40.89837649807846,
        "observed_boundary_truncated": false,
        "observed_geometry_limit": "CENTROID_ONLY_BBOX_IS_PIXEL_SPACE_NOT_GEO_POLYGON",
        "lpz_forecast_generated": false,
        "kind": "RESEARCH_POINT_EXTRAPOLATION",
        "lead_from_as_of_minutes": 15,
        "target_valid_time_utc": "2026-09-21T04:30:00Z",
        "research_only": true,
        "probability": null,
        "intensity": null,
        "footprint": null,
        "affected_regions": null
      }
    },
    {
      "type": "Feature",
      "geometry": {
        "type": "LineString",
        "coordinates": [
          [
            139.97955322265625,
            35.49421989176049
          ],
          [
            139.97955322265625,
            35.601569246379675
          ]
        ]
      },
      "properties": {
        "research_object_id": "F3-7790b1634eca992e-000014",
        "source_slot_utc": "2026-09-21T04:00:00Z",
        "observation_valid_time_utc": "2026-09-21T04:00:00Z",
        "observed_centroid_lon_lat": [
          139.97955322265625,
          35.49421989176049
        ],
        "observed_bbox_pixel": [
          895,
          242,
          915,
          256
        ],
        "observed_approx_area_km2": 40.89837649807846,
        "observed_boundary_truncated": false,
        "observed_geometry_limit": "CENTROID_ONLY_BBOX_IS_PIXEL_SPACE_NOT_GEO_POLYGON",
        "lpz_forecast_generated": false,
        "kind": "RESEARCH_POINT_MOTION_ARROW",
        "lead_from_as_of_minutes": 15,
        "target_valid_time_utc": "2026-09-21T04:30:00Z",
        "research_only": true,
        "probability": null,
        "intensity": null,
        "footprint": null,
        "affected_regions": null
      }
    },
    {
      "type": "Feature",
      "geometry": {
        "type": "Point",
        "coordinates": [
          139.97955322265625,
          35.65524392368927
        ]
      },
      "properties": {
        "research_object_id": "F3-7790b1634eca992e-000014",
        "source_slot_utc": "2026-09-21T04:00:00Z",
        "observation_valid_time_utc": "2026-09-21T04:00:00Z",
        "observed_centroid_lon_lat": [
          139.97955322265625,
          35.49421989176049
        ],
        "observed_bbox_pixel": [
          895,
          242,
          915,
          256
        ],
        "observed_approx_area_km2": 40.89837649807846,
        "observed_boundary_truncated": false,
        "observed_geometry_limit": "CENTROID_ONLY_BBOX_IS_PIXEL_SPACE_NOT_GEO_POLYGON",
        "lpz_forecast_generated": false,
        "kind": "RESEARCH_POINT_EXTRAPOLATION",
        "lead_from_as_of_minutes": 30,
        "target_valid_time_utc": "2026-09-21T04:45:00Z",
        "research_only": true,
        "probability": null,
        "intensity": null,
        "footprint": null,
        "affected_regions": null
      }
    },
    {
      "type": "Feature",
      "geometry": {
        "type": "LineString",
        "coordinates": [
          [
            139.97955322265625,
            35.49421989176049
          ],
          [
            139.97955322265625,
            35.65524392368927
          ]
        ]
      },
      "properties": {
        "research_object_id": "F3-7790b1634eca992e-000014",
        "source_slot_utc": "2026-09-21T04:00:00Z",
        "observation_valid_time_utc": "2026-09-21T04:00:00Z",
        "observed_centroid_lon_lat": [
          139.97955322265625,
          35.49421989176049
        ],
        "observed_bbox_pixel": [
          895,
          242,
          915,
          256
        ],
        "observed_approx_area_km2": 40.89837649807846,
        "observed_boundary_truncated": false,
        "observed_geometry_limit": "CENTROID_ONLY_BBOX_IS_PIXEL_SPACE_NOT_GEO_POLYGON",
        "lpz_forecast_generated": false,
        "kind": "RESEARCH_POINT_MOTION_ARROW",
        "lead_from_as_of_minutes": 30,
        "target_valid_time_utc": "2026-09-21T04:45:00Z",
        "research_only": true,
        "probability": null,
        "intensity": null,
        "footprint": null,
        "affected_regions": null
      }
    },
    {
      "type": "Feature",
      "geometry": {
        "type": "Point",
        "coordinates": [
          138.62823486328125,
          34.6354677878332
        ]
      },
      "properties": {
        "research_object_id": "F3-7790b1634eca992e-000018",
        "source_slot_utc": "2026-09-21T04:00:00Z",
        "observation_valid_time_utc": "2026-09-21T04:00:00Z",
        "observed_centroid_lon_lat": [
          138.62823486328125,
          34.6354677878332
        ],
        "observed_bbox_pixel": [
          659,
          439,
          661,
          439
        ],
        "observed_approx_area_km2": 0.7594186007051349,
        "observed_boundary_truncated": false,
        "observed_geometry_limit": "CENTROID_ONLY_BBOX_IS_PIXEL_SPACE_NOT_GEO_POLYGON",
        "lpz_forecast_generated": false,
        "kind": "OBSERVED_ORIGIN",
        "lead_from_as_of_minutes": 0
      }
    },
    {
      "type": "Feature",
      "geometry": {
        "type": "Point",
        "coordinates": [
          138.59527677687788,
          34.60835037865535
        ]
      },
      "properties": {
        "research_object_id": "F3-7790b1634eca992e-000018",
        "source_slot_utc": "2026-09-21T04:00:00Z",
        "observation_valid_time_utc": "2026-09-21T04:00:00Z",
        "observed_centroid_lon_lat": [
          138.62823486328125,
          34.6354677878332
        ],
        "observed_bbox_pixel": [
          659,
          439,
          661,
          439
        ],
        "observed_approx_area_km2": 0.7594186007051349,
        "observed_boundary_truncated": false,
        "observed_geometry_limit": "CENTROID_ONLY_BBOX_IS_PIXEL_SPACE_NOT_GEO_POLYGON",
        "lpz_forecast_generated": false,
        "kind": "RESEARCH_POINT_EXTRAPOLATION",
        "lead_from_as_of_minutes": 15,
        "target_valid_time_utc": "2026-09-21T04:30:00Z",
        "research_only": true,
        "probability": null,
        "intensity": null,
        "footprint": null,
        "affected_regions": null
      }
    },
    {
      "type": "Feature",
      "geometry": {
        "type": "LineString",
        "coordinates": [
          [
            138.62823486328125,
            34.6354677878332
          ],
          [
            138.59527677687788,
            34.60835037865535
          ]
        ]
      },
      "properties": {
        "research_object_id": "F3-7790b1634eca992e-000018",
        "source_slot_utc": "2026-09-21T04:00:00Z",
        "observation_valid_time_utc": "2026-09-21T04:00:00Z",
        "observed_centroid_lon_lat": [
          138.62823486328125,
          34.6354677878332
        ],
        "observed_bbox_pixel": [
          659,
          439,
          661,
          439
        ],
        "observed_approx_area_km2": 0.7594186007051349,
        "observed_boundary_truncated": false,
        "observed_geometry_limit": "CENTROID_ONLY_BBOX_IS_PIXEL_SPACE_NOT_GEO_POLYGON",
        "lpz_forecast_generated": false,
        "kind": "RESEARCH_POINT_MOTION_ARROW",
        "lead_from_as_of_minutes": 15,
        "target_valid_time_utc": "2026-09-21T04:30:00Z",
        "research_only": true,
        "probability": null,
        "intensity": null,
        "footprint": null,
        "affected_regions": null
      }
    },
    {
      "type": "Feature",
      "geometry": {
        "type": "Point",
        "coordinates": [
          138.5787977336762,
          34.59479167406643
        ]
      },
      "properties": {
        "research_object_id": "F3-7790b1634eca992e-000018",
        "source_slot_utc": "2026-09-21T04:00:00Z",
        "observation_valid_time_utc": "2026-09-21T04:00:00Z",
        "observed_centroid_lon_lat": [
          138.62823486328125,
          34.6354677878332
        ],
        "observed_bbox_pixel": [
          659,
          439,
          661,
          439
        ],
        "observed_approx_area_km2": 0.7594186007051349,
        "observed_boundary_truncated": false,
        "observed_geometry_limit": "CENTROID_ONLY_BBOX_IS_PIXEL_SPACE_NOT_GEO_POLYGON",
        "lpz_forecast_generated": false,
        "kind": "RESEARCH_POINT_EXTRAPOLATION",
        "lead_from_as_of_minutes": 30,
        "target_valid_time_utc": "2026-09-21T04:45:00Z",
        "research_only": true,
        "probability": null,
        "intensity": null,
        "footprint": null,
        "affected_regions": null
      }
    },
    {
      "type": "Feature",
      "geometry": {
        "type": "LineString",
        "coordinates": [
          [
            138.62823486328125,
            34.6354677878332
          ],
          [
            138.5787977336762,
            34.59479167406643
          ]
        ]
      },
      "properties": {
        "research_object_id": "F3-7790b1634eca992e-000018",
        "source_slot_utc": "2026-09-21T04:00:00Z",
        "observation_valid_time_utc": "2026-09-21T04:00:00Z",
        "observed_centroid_lon_lat": [
          138.62823486328125,
          34.6354677878332
        ],
        "observed_bbox_pixel": [
          659,
          439,
          661,
          439
        ],
        "observed_approx_area_km2": 0.7594186007051349,
        "observed_boundary_truncated": false,
        "observed_geometry_limit": "CENTROID_ONLY_BBOX_IS_PIXEL_SPACE_NOT_GEO_POLYGON",
        "lpz_forecast_generated": false,
        "kind": "RESEARCH_POINT_MOTION_ARROW",
        "lead_from_as_of_minutes": 30,
        "target_valid_time_utc": "2026-09-21T04:45:00Z",
        "research_only": true,
        "probability": null,
        "intensity": null,
        "footprint": null,
        "affected_regions": null
      }
    },
    {
      "type": "Feature",
      "geometry": {
        "type": "Point",
        "coordinates": [
          138.69964599609375,
          34.75289647745205
        ]
      },
      "properties": {
        "research_object_id": "F3-7790b1634eca992e-000019",
        "source_slot_utc": "2026-09-21T04:00:00Z",
        "observation_valid_time_utc": "2026-09-21T04:00:00Z",
        "observed_centroid_lon_lat": [
          138.69964599609375,
          34.75289647745205
        ],
        "observed_bbox_pixel": [
          664,
          406,
          684,
          421
        ],
        "observed_approx_area_km2": 39.12544407306326,
        "observed_boundary_truncated": false,
        "observed_geometry_limit": "CENTROID_ONLY_BBOX_IS_PIXEL_SPACE_NOT_GEO_POLYGON",
        "lpz_forecast_generated": false,
        "kind": "OBSERVED_ORIGIN",
        "lead_from_as_of_minutes": 0
      }
    },
    {
      "type": "Feature",
      "geometry": {
        "type": "Point",
        "coordinates": [
          138.69964599609375,
          34.94249062317642
        ]
      },
      "properties": {
        "research_object_id": "F3-7790b1634eca992e-000019",
        "source_slot_utc": "2026-09-21T04:00:00Z",
        "observation_valid_time_utc": "2026-09-21T04:00:00Z",
        "observed_centroid_lon_lat": [
          138.69964599609375,
          34.75289647745205
        ],
        "observed_bbox_pixel": [
          664,
          406,
          684,
          421
        ],
        "observed_approx_area_km2": 39.12544407306326,
        "observed_boundary_truncated": false,
        "observed_geometry_limit": "CENTROID_ONLY_BBOX_IS_PIXEL_SPACE_NOT_GEO_POLYGON",
        "lpz_forecast_generated": false,
        "kind": "RESEARCH_POINT_EXTRAPOLATION",
        "lead_from_as_of_minutes": 15,
        "target_valid_time_utc": "2026-09-21T04:30:00Z",
        "research_only": true,
        "probability": null,
        "intensity": null,
        "footprint": null,
        "affected_regions": null
      }
    },
    {
      "type": "Feature",
      "geometry": {
        "type": "LineString",
        "coordinates": [
          [
            138.69964599609375,
            34.75289647745205
          ],
          [
            138.69964599609375,
            34.94249062317642
          ]
        ]
      },
      "properties": {
        "research_object_id": "F3-7790b1634eca992e-000019",
        "source_slot_utc": "2026-09-21T04:00:00Z",
        "observation_valid_time_utc": "2026-09-21T04:00:00Z",
        "observed_centroid_lon_lat": [
          138.69964599609375,
          34.75289647745205
        ],
        "observed_bbox_pixel": [
          664,
          406,
          684,
          421
        ],
        "observed_approx_area_km2": 39.12544407306326,
        "observed_boundary_truncated": false,
        "observed_geometry_limit": "CENTROID_ONLY_BBOX_IS_PIXEL_SPACE_NOT_GEO_POLYGON",
        "lpz_forecast_generated": false,
        "kind": "RESEARCH_POINT_MOTION_ARROW",
        "lead_from_as_of_minutes": 15,
        "target_valid_time_utc": "2026-09-21T04:30:00Z",
        "research_only": true,
        "probability": null,
        "intensity": null,
        "footprint": null,
        "affected_regions": null
      }
    },
    {
      "type": "Feature",
      "geometry": {
        "type": "Point",
        "coordinates": [
          138.69964599609375,
          35.037287696038604
        ]
      },
      "properties": {
        "research_object_id": "F3-7790b1634eca992e-000019",
        "source_slot_utc": "2026-09-21T04:00:00Z",
        "observation_valid_time_utc": "2026-09-21T04:00:00Z",
        "observed_centroid_lon_lat": [
          138.69964599609375,
          34.75289647745205
        ],
        "observed_bbox_pixel": [
          664,
          406,
          684,
          421
        ],
        "observed_approx_area_km2": 39.12544407306326,
        "observed_boundary_truncated": false,
        "observed_geometry_limit": "CENTROID_ONLY_BBOX_IS_PIXEL_SPACE_NOT_GEO_POLYGON",
        "lpz_forecast_generated": false,
        "kind": "RESEARCH_POINT_EXTRAPOLATION",
        "lead_from_as_of_minutes": 30,
        "target_valid_time_utc": "2026-09-21T04:45:00Z",
        "research_only": true,
        "probability": null,
        "intensity": null,
        "footprint": null,
        "affected_regions": null
      }
    },
    {
      "type": "Feature",
      "geometry": {
        "type": "LineString",
        "coordinates": [
          [
            138.69964599609375,
            34.75289647745205
          ],
          [
            138.69964599609375,
            35.037287696038604
          ]
        ]
      },
      "properties": {
        "research_object_id": "F3-7790b1634eca992e-000019",
        "source_slot_utc": "2026-09-21T04:00:00Z",
        "observation_valid_time_utc": "2026-09-21T04:00:00Z",
        "observed_centroid_lon_lat": [
          138.69964599609375,
          34.75289647745205
        ],
        "observed_bbox_pixel": [
          664,
          406,
          684,
          421
        ],
        "observed_approx_area_km2": 39.12544407306326,
        "observed_boundary_truncated": false,
        "observed_geometry_limit": "CENTROID_ONLY_BBOX_IS_PIXEL_SPACE_NOT_GEO_POLYGON",
        "lpz_forecast_generated": false,
        "kind": "RESEARCH_POINT_MOTION_ARROW",
        "lead_from_as_of_minutes": 30,
        "target_valid_time_utc": "2026-09-21T04:45:00Z",
        "research_only": true,
        "probability": null,
        "intensity": null,
        "footprint": null,
        "affected_regions": null
      }
    },
    {
      "type": "Feature",
      "geometry": {
        "type": "Point",
        "coordinates": [
          138.62274169921875,
          34.676135033800946
        ]
      },
      "properties": {
        "research_object_id": "F3-7790b1634eca992e-000020",
        "source_slot_utc": "2026-09-21T04:00:00Z",
        "observation_valid_time_utc": "2026-09-21T04:00:00Z",
        "observed_centroid_lon_lat": [
          138.62274169921875,
          34.676135033800946
        ],
        "observed_bbox_pixel": [
          653,
          421,
          666,
          440
        ],
        "observed_approx_area_km2": 31.358514099105758,
        "observed_boundary_truncated": false,
        "observed_geometry_limit": "CENTROID_ONLY_BBOX_IS_PIXEL_SPACE_NOT_GEO_POLYGON",
        "lpz_forecast_generated": false,
        "kind": "OBSERVED_ORIGIN",
        "lead_from_as_of_minutes": 0
      }
    },
    {
      "type": "Feature",
      "geometry": {
        "type": "Point",
        "coordinates": [
          138.68866326353168,
          34.73034768142628
        ]
      },
      "properties": {
        "research_object_id": "F3-7790b1634eca992e-000020",
        "source_slot_utc": "2026-09-21T04:00:00Z",
        "observation_valid_time_utc": "2026-09-21T04:00:00Z",
        "observed_centroid_lon_lat": [
          138.62274169921875,
          34.676135033800946
        ],
        "observed_bbox_pixel": [
          653,
          421,
          666,
          440
        ],
        "observed_approx_area_km2": 31.358514099105758,
        "observed_boundary_truncated": false,
        "observed_geometry_limit": "CENTROID_ONLY_BBOX_IS_PIXEL_SPACE_NOT_GEO_POLYGON",
        "lpz_forecast_generated": false,
        "kind": "RESEARCH_POINT_EXTRAPOLATION",
        "lead_from_as_of_minutes": 15,
        "target_valid_time_utc": "2026-09-21T04:30:00Z",
        "research_only": true,
        "probability": null,
        "intensity": null,
        "footprint": null,
        "affected_regions": null
      }
    },
    {
      "type": "Feature",
      "geometry": {
        "type": "LineString",
        "coordinates": [
          [
            138.62274169921875,
            34.676135033800946
          ],
          [
            138.68866326353168,
            34.73034768142628
          ]
        ]
      },
      "properties": {
        "research_object_id": "F3-7790b1634eca992e-000020",
        "source_slot_utc": "2026-09-21T04:00:00Z",
        "observation_valid_time_utc": "2026-09-21T04:00:00Z",
        "observed_centroid_lon_lat": [
          138.62274169921875,
          34.676135033800946
        ],
        "observed_bbox_pixel": [
          653,
          421,
          666,
          440
        ],
        "observed_approx_area_km2": 31.358514099105758,
        "observed_boundary_truncated": false,
        "observed_geometry_limit": "CENTROID_ONLY_BBOX_IS_PIXEL_SPACE_NOT_GEO_POLYGON",
        "lpz_forecast_generated": false,
        "kind": "RESEARCH_POINT_MOTION_ARROW",
        "lead_from_as_of_minutes": 15,
        "target_valid_time_utc": "2026-09-21T04:30:00Z",
        "research_only": true,
        "probability": null,
        "intensity": null,
        "footprint": null,
        "affected_regions": null
      }
    },
    {
      "type": "Feature",
      "geometry": {
        "type": "Point",
        "coordinates": [
          138.72162404568815,
          34.75745400523895
        ]
      },
      "properties": {
        "research_object_id": "F3-7790b1634eca992e-000020",
        "source_slot_utc": "2026-09-21T04:00:00Z",
        "observation_valid_time_utc": "2026-09-21T04:00:00Z",
        "observed_centroid_lon_lat": [
          138.62274169921875,
          34.676135033800946
        ],
        "observed_bbox_pixel": [
          653,
          421,
          666,
          440
        ],
        "observed_approx_area_km2": 31.358514099105758,
        "observed_boundary_truncated": false,
        "observed_geometry_limit": "CENTROID_ONLY_BBOX_IS_PIXEL_SPACE_NOT_GEO_POLYGON",
        "lpz_forecast_generated": false,
        "kind": "RESEARCH_POINT_EXTRAPOLATION",
        "lead_from_as_of_minutes": 30,
        "target_valid_time_utc": "2026-09-21T04:45:00Z",
        "research_only": true,
        "probability": null,
        "intensity": null,
        "footprint": null,
        "affected_regions": null
      }
    },
    {
      "type": "Feature",
      "geometry": {
        "type": "LineString",
        "coordinates": [
          [
            138.62274169921875,
            34.676135033800946
          ],
          [
            138.72162404568815,
            34.75745400523895
          ]
        ]
      },
      "properties": {
        "research_object_id": "F3-7790b1634eca992e-000020",
        "source_slot_utc": "2026-09-21T04:00:00Z",
        "observation_valid_time_utc": "2026-09-21T04:00:00Z",
        "observed_centroid_lon_lat": [
          138.62274169921875,
          34.676135033800946
        ],
        "observed_bbox_pixel": [
          653,
          421,
          666,
          440
        ],
        "observed_approx_area_km2": 31.358514099105758,
        "observed_boundary_truncated": false,
        "observed_geometry_limit": "CENTROID_ONLY_BBOX_IS_PIXEL_SPACE_NOT_GEO_POLYGON",
        "lpz_forecast_generated": false,
        "kind": "RESEARCH_POINT_MOTION_ARROW",
        "lead_from_as_of_minutes": 30,
        "target_valid_time_utc": "2026-09-21T04:45:00Z",
        "research_only": true,
        "probability": null,
        "intensity": null,
        "footprint": null,
        "affected_regions": null
      }
    },
    {
      "type": "Feature",
      "geometry": {
        "type": "Point",
        "coordinates": [
          138.92486572265625,
          34.35477416538755
        ]
      },
      "properties": {
        "research_object_id": "F3-7790b1634eca992e-000022",
        "source_slot_utc": "2026-09-21T04:00:00Z",
        "observation_valid_time_utc": "2026-09-21T04:00:00Z",
        "observed_centroid_lon_lat": [
          138.92486572265625,
          34.35477416538755
        ],
        "observed_bbox_pixel": [
          711,
          494,
          719,
          508
        ],
        "observed_approx_area_km2": 21.917067663715475,
        "observed_boundary_truncated": false,
        "observed_geometry_limit": "CENTROID_ONLY_BBOX_IS_PIXEL_SPACE_NOT_GEO_POLYGON",
        "lpz_forecast_generated": false,
        "kind": "OBSERVED_ORIGIN",
        "lead_from_as_of_minutes": 0
      }
    },
    {
      "type": "Feature",
      "geometry": {
        "type": "Point",
        "coordinates": [
          138.92486572265625,
          34.46362431144914
        ]
      },
      "properties": {
        "research_object_id": "F3-7790b1634eca992e-000022",
        "source_slot_utc": "2026-09-21T04:00:00Z",
        "observation_valid_time_utc": "2026-09-21T04:00:00Z",
        "observed_centroid_lon_lat": [
          138.92486572265625,
          34.35477416538755
        ],
        "observed_bbox_pixel": [
          711,
          494,
          719,
          508
        ],
        "observed_approx_area_km2": 21.917067663715475,
        "observed_boundary_truncated": false,
        "observed_geometry_limit": "CENTROID_ONLY_BBOX_IS_PIXEL_SPACE_NOT_GEO_POLYGON",
        "lpz_forecast_generated": false,
        "kind": "RESEARCH_POINT_EXTRAPOLATION",
        "lead_from_as_of_minutes": 15,
        "target_valid_time_utc": "2026-09-21T04:30:00Z",
        "research_only": true,
        "probability": null,
        "intensity": null,
        "footprint": null,
        "affected_regions": null
      }
    },
    {
      "type": "Feature",
      "geometry": {
        "type": "LineString",
        "coordinates": [
          [
            138.92486572265625,
            34.35477416538755
          ],
          [
            138.92486572265625,
            34.46362431144914
          ]
        ]
      },
      "properties": {
        "research_object_id": "F3-7790b1634eca992e-000022",
        "source_slot_utc": "2026-09-21T04:00:00Z",
        "observation_valid_time_utc": "2026-09-21T04:00:00Z",
        "observed_centroid_lon_lat": [
          138.92486572265625,
          34.35477416538755
        ],
        "observed_bbox_pixel": [
          711,
          494,
          719,
          508
        ],
        "observed_approx_area_km2": 21.917067663715475,
        "observed_boundary_truncated": false,
        "observed_geometry_limit": "CENTROID_ONLY_BBOX_IS_PIXEL_SPACE_NOT_GEO_POLYGON",
        "lpz_forecast_generated": false,
        "kind": "RESEARCH_POINT_MOTION_ARROW",
        "lead_from_as_of_minutes": 15,
        "target_valid_time_utc": "2026-09-21T04:30:00Z",
        "research_only": true,
        "probability": null,
        "intensity": null,
        "footprint": null,
        "affected_regions": null
      }
    },
    {
      "type": "Feature",
      "geometry": {
        "type": "Point",
        "coordinates": [
          138.92486572265625,
          34.51804938447993
        ]
      },
      "properties": {
        "research_object_id": "F3-7790b1634eca992e-000022",
        "source_slot_utc": "2026-09-21T04:00:00Z",
        "observation_valid_time_utc": "2026-09-21T04:00:00Z",
        "observed_centroid_lon_lat": [
          138.92486572265625,
          34.35477416538755
        ],
        "observed_bbox_pixel": [
          711,
          494,
          719,
          508
        ],
        "observed_approx_area_km2": 21.917067663715475,
        "observed_boundary_truncated": false,
        "observed_geometry_limit": "CENTROID_ONLY_BBOX_IS_PIXEL_SPACE_NOT_GEO_POLYGON",
        "lpz_forecast_generated": false,
        "kind": "RESEARCH_POINT_EXTRAPOLATION",
        "lead_from_as_of_minutes": 30,
        "target_valid_time_utc": "2026-09-21T04:45:00Z",
        "research_only": true,
        "probability": null,
        "intensity": null,
        "footprint": null,
        "affected_regions": null
      }
    },
    {
      "type": "Feature",
      "geometry": {
        "type": "LineString",
        "coordinates": [
          [
            138.92486572265625,
            34.35477416538755
          ],
          [
            138.92486572265625,
            34.51804938447993
          ]
        ]
      },
      "properties": {
        "research_object_id": "F3-7790b1634eca992e-000022",
        "source_slot_utc": "2026-09-21T04:00:00Z",
        "observation_valid_time_utc": "2026-09-21T04:00:00Z",
        "observed_centroid_lon_lat": [
          138.92486572265625,
          34.35477416538755
        ],
        "observed_bbox_pixel": [
          711,
          494,
          719,
          508
        ],
        "observed_approx_area_km2": 21.917067663715475,
        "observed_boundary_truncated": false,
        "observed_geometry_limit": "CENTROID_ONLY_BBOX_IS_PIXEL_SPACE_NOT_GEO_POLYGON",
        "lpz_forecast_generated": false,
        "kind": "RESEARCH_POINT_MOTION_ARROW",
        "lead_from_as_of_minutes": 30,
        "target_valid_time_utc": "2026-09-21T04:45:00Z",
        "research_only": true,
        "probability": null,
        "intensity": null,
        "footprint": null,
        "affected_regions": null
      }
    },
    {
      "type": "Feature",
      "geometry": {
        "type": "Point",
        "coordinates": [
          139.27093505859375,
          33.93196649986436
        ]
      },
      "properties": {
        "research_object_id": "F3-7790b1634eca992e-000023",
        "source_slot_utc": "2026-09-21T04:00:00Z",
        "observation_valid_time_utc": "2026-09-21T04:00:00Z",
        "observed_centroid_lon_lat": [
          139.27093505859375,
          33.93196649986436
        ],
        "observed_bbox_pixel": [
          771,
          591,
          782,
          598
        ],
        "observed_approx_area_km2": 16.731856204085943,
        "observed_boundary_truncated": false,
        "observed_geometry_limit": "CENTROID_ONLY_BBOX_IS_PIXEL_SPACE_NOT_GEO_POLYGON",
        "lpz_forecast_generated": false,
        "kind": "OBSERVED_ORIGIN",
        "lead_from_as_of_minutes": 0
      }
    },
    {
      "type": "Feature",
      "geometry": {
        "type": "Point",
        "coordinates": [
          139.30389580684232,
          33.98666162989606
        ]
      },
      "properties": {
        "research_object_id": "F3-7790b1634eca992e-000023",
        "source_slot_utc": "2026-09-21T04:00:00Z",
        "observation_valid_time_utc": "2026-09-21T04:00:00Z",
        "observed_centroid_lon_lat": [
          139.27093505859375,
          33.93196649986436
        ],
        "observed_bbox_pixel": [
          771,
          591,
          782,
          598
        ],
        "observed_approx_area_km2": 16.731856204085943,
        "observed_boundary_truncated": false,
        "observed_geometry_limit": "CENTROID_ONLY_BBOX_IS_PIXEL_SPACE_NOT_GEO_POLYGON",
        "lpz_forecast_generated": false,
        "kind": "RESEARCH_POINT_EXTRAPOLATION",
        "lead_from_as_of_minutes": 15,
        "target_valid_time_utc": "2026-09-21T04:30:00Z",
        "research_only": true,
        "probability": null,
        "intensity": null,
        "footprint": null,
        "affected_regions": null
      }
    },
    {
      "type": "Feature",
      "geometry": {
        "type": "LineString",
        "coordinates": [
          [
            139.27093505859375,
            33.93196649986436
          ],
          [
            139.30389580684232,
            33.98666162989606
          ]
        ]
      },
      "properties": {
        "research_object_id": "F3-7790b1634eca992e-000023",
        "source_slot_utc": "2026-09-21T04:00:00Z",
        "observation_valid_time_utc": "2026-09-21T04:00:00Z",
        "observed_centroid_lon_lat": [
          139.27093505859375,
          33.93196649986436
        ],
        "observed_bbox_pixel": [
          771,
          591,
          782,
          598
        ],
        "observed_approx_area_km2": 16.731856204085943,
        "observed_boundary_truncated": false,
        "observed_geometry_limit": "CENTROID_ONLY_BBOX_IS_PIXEL_SPACE_NOT_GEO_POLYGON",
        "lpz_forecast_generated": false,
        "kind": "RESEARCH_POINT_MOTION_ARROW",
        "lead_from_as_of_minutes": 15,
        "target_valid_time_utc": "2026-09-21T04:30:00Z",
        "research_only": true,
        "probability": null,
        "intensity": null,
        "footprint": null,
        "affected_regions": null
      }
    },
    {
      "type": "Feature",
      "geometry": {
        "type": "Point",
        "coordinates": [
          139.3203761809666,
          34.014009194911914
        ]
      },
      "properties": {
        "research_object_id": "F3-7790b1634eca992e-000023",
        "source_slot_utc": "2026-09-21T04:00:00Z",
        "observation_valid_time_utc": "2026-09-21T04:00:00Z",
        "observed_centroid_lon_lat": [
          139.27093505859375,
          33.93196649986436
        ],
        "observed_bbox_pixel": [
          771,
          591,
          782,
          598
        ],
        "observed_approx_area_km2": 16.731856204085943,
        "observed_boundary_truncated": false,
        "observed_geometry_limit": "CENTROID_ONLY_BBOX_IS_PIXEL_SPACE_NOT_GEO_POLYGON",
        "lpz_forecast_generated": false,
        "kind": "RESEARCH_POINT_EXTRAPOLATION",
        "lead_from_as_of_minutes": 30,
        "target_valid_time_utc": "2026-09-21T04:45:00Z",
        "research_only": true,
        "probability": null,
        "intensity": null,
        "footprint": null,
        "affected_regions": null
      }
    },
    {
      "type": "Feature",
      "geometry": {
        "type": "LineString",
        "coordinates": [
          [
            139.27093505859375,
            33.93196649986436
          ],
          [
            139.3203761809666,
            34.014009194911914
          ]
        ]
      },
      "properties": {
        "research_object_id": "F3-7790b1634eca992e-000023",
        "source_slot_utc": "2026-09-21T04:00:00Z",
        "observation_valid_time_utc": "2026-09-21T04:00:00Z",
        "observed_centroid_lon_lat": [
          139.27093505859375,
          33.93196649986436
        ],
        "observed_bbox_pixel": [
          771,
          591,
          782,
          598
        ],
        "observed_approx_area_km2": 16.731856204085943,
        "observed_boundary_truncated": false,
        "observed_geometry_limit": "CENTROID_ONLY_BBOX_IS_PIXEL_SPACE_NOT_GEO_POLYGON",
        "lpz_forecast_generated": false,
        "kind": "RESEARCH_POINT_MOTION_ARROW",
        "lead_from_as_of_minutes": 30,
        "target_valid_time_utc": "2026-09-21T04:45:00Z",
        "research_only": true,
        "probability": null,
        "intensity": null,
        "footprint": null,
        "affected_regions": null
      }
    },
    {
      "type": "Feature",
      "geometry": {
        "type": "Point",
        "coordinates": [
          140.05096435546875,
          35.503164177596
        ]
      },
      "properties": {
        "research_object_id": "F3-7790b1634eca992e-000025",
        "source_slot_utc": "2026-09-21T04:00:00Z",
        "observation_valid_time_utc": "2026-09-21T04:00:00Z",
        "observed_centroid_lon_lat": [
          140.05096435546875,
          35.503164177596
        ],
        "observed_bbox_pixel": [
          919,
          245,
          919,
          247
        ],
        "observed_approx_area_km2": 0.7434412702951888,
        "observed_boundary_truncated": false,
        "observed_geometry_limit": "CENTROID_ONLY_BBOX_IS_PIXEL_SPACE_NOT_GEO_POLYGON",
        "lpz_forecast_generated": false,
        "kind": "OBSERVED_ORIGIN",
        "lead_from_as_of_minutes": 0
      }
    },
    {
      "type": "Feature",
      "geometry": {
        "type": "Point",
        "coordinates": [
          140.083927010065,
          35.610501582700785
        ]
      },
      "properties": {
        "research_object_id": "F3-7790b1634eca992e-000025",
        "source_slot_utc": "2026-09-21T04:00:00Z",
        "observation_valid_time_utc": "2026-09-21T04:00:00Z",
        "observed_centroid_lon_lat": [
          140.05096435546875,
          35.503164177596
        ],
        "observed_bbox_pixel": [
          919,
          245,
          919,
          247
        ],
        "observed_approx_area_km2": 0.7434412702951888,
        "observed_boundary_truncated": false,
        "observed_geometry_limit": "CENTROID_ONLY_BBOX_IS_PIXEL_SPACE_NOT_GEO_POLYGON",
        "lpz_forecast_generated": false,
        "kind": "RESEARCH_POINT_EXTRAPOLATION",
        "lead_from_as_of_minutes": 15,
        "target_valid_time_utc": "2026-09-21T04:30:00Z",
        "research_only": true,
        "probability": null,
        "intensity": null,
        "footprint": null,
        "affected_regions": null
      }
    },
    {
      "type": "Feature",
      "geometry": {
        "type": "LineString",
        "coordinates": [
          [
            140.05096435546875,
            35.503164177596
          ],
          [
            140.083927010065,
            35.610501582700785
          ]
        ]
      },
      "properties": {
        "research_object_id": "F3-7790b1634eca992e-000025",
        "source_slot_utc": "2026-09-21T04:00:00Z",
        "observation_valid_time_utc": "2026-09-21T04:00:00Z",
        "observed_centroid_lon_lat": [
          140.05096435546875,
          35.503164177596
        ],
        "observed_bbox_pixel": [
          919,
          245,
          919,
          247
        ],
        "observed_approx_area_km2": 0.7434412702951888,
        "observed_boundary_truncated": false,
        "observed_geometry_limit": "CENTROID_ONLY_BBOX_IS_PIXEL_SPACE_NOT_GEO_POLYGON",
        "lpz_forecast_generated": false,
        "kind": "RESEARCH_POINT_MOTION_ARROW",
        "lead_from_as_of_minutes": 15,
        "target_valid_time_utc": "2026-09-21T04:30:00Z",
        "research_only": true,
        "probability": null,
        "intensity": null,
        "footprint": null,
        "affected_regions": null
      }
    },
    {
      "type": "Feature",
      "geometry": {
        "type": "Point",
        "coordinates": [
          140.1004083373631,
          35.66417028525318
        ]
      },
      "properties": {
        "research_object_id": "F3-7790b1634eca992e-000025",
        "source_slot_utc": "2026-09-21T04:00:00Z",
        "observation_valid_time_utc": "2026-09-21T04:00:00Z",
        "observed_centroid_lon_lat": [
          140.05096435546875,
          35.503164177596
        ],
        "observed_bbox_pixel": [
          919,
          245,
          919,
          247
        ],
        "observed_approx_area_km2": 0.7434412702951888,
        "observed_boundary_truncated": false,
        "observed_geometry_limit": "CENTROID_ONLY_BBOX_IS_PIXEL_SPACE_NOT_GEO_POLYGON",
        "lpz_forecast_generated": false,
        "kind": "RESEARCH_POINT_EXTRAPOLATION",
        "lead_from_as_of_minutes": 30,
        "target_valid_time_utc": "2026-09-21T04:45:00Z",
        "research_only": true,
        "probability": null,
        "intensity": null,
        "footprint": null,
        "affected_regions": null
      }
    },
    {
      "type": "Feature",
      "geometry": {
        "type": "LineString",
        "coordinates": [
          [
            140.05096435546875,
            35.503164177596
          ],
          [
            140.1004083373631,
            35.66417028525318
          ]
        ]
      },
      "properties": {
        "research_object_id": "F3-7790b1634eca992e-000025",
        "source_slot_utc": "2026-09-21T04:00:00Z",
        "observation_valid_time_utc": "2026-09-21T04:00:00Z",
        "observed_centroid_lon_lat": [
          140.05096435546875,
          35.503164177596
        ],
        "observed_bbox_pixel": [
          919,
          245,
          919,
          247
        ],
        "observed_approx_area_km2": 0.7434412702951888,
        "observed_boundary_truncated": false,
        "observed_geometry_limit": "CENTROID_ONLY_BBOX_IS_PIXEL_SPACE_NOT_GEO_POLYGON",
        "lpz_forecast_generated": false,
        "kind": "RESEARCH_POINT_MOTION_ARROW",
        "lead_from_as_of_minutes": 30,
        "target_valid_time_utc": "2026-09-21T04:45:00Z",
        "research_only": true,
        "probability": null,
        "intensity": null,
        "footprint": null,
        "affected_regions": null
      }
    },
    {
      "type": "Feature",
      "geometry": {
        "type": "Point",
        "coordinates": [
          140.08392333984375,
          35.10867496450758
        ]
      },
      "properties": {
        "research_object_id": "F3-7790b1634eca992e-000034",
        "source_slot_utc": "2026-09-21T04:00:00Z",
        "observation_valid_time_utc": "2026-09-21T04:00:00Z",
        "observed_centroid_lon_lat": [
          140.08392333984375,
          35.10867496450758
        ],
        "observed_bbox_pixel": [
          925,
          333,
          926,
          335
        ],
        "observed_approx_area_km2": 1.501453686194866,
        "observed_boundary_truncated": false,
        "observed_geometry_limit": "CENTROID_ONLY_BBOX_IS_PIXEL_SPACE_NOT_GEO_POLYGON",
        "lpz_forecast_generated": false,
        "kind": "OBSERVED_ORIGIN",
        "lead_from_as_of_minutes": 0
      }
    },
    {
      "type": "Feature",
      "geometry": {
        "type": "Point",
        "coordinates": [
          140.08392333984375,
          35.081713193829025
        ]
      },
      "properties": {
        "research_object_id": "F3-7790b1634eca992e-000034",
        "source_slot_utc": "2026-09-21T04:00:00Z",
        "observation_valid_time_utc": "2026-09-21T04:00:00Z",
        "observed_centroid_lon_lat": [
          140.08392333984375,
          35.10867496450758
        ],
        "observed_bbox_pixel": [
          925,
          333,
          926,
          335
        ],
        "observed_approx_area_km2": 1.501453686194866,
        "observed_boundary_truncated": false,
        "observed_geometry_limit": "CENTROID_ONLY_BBOX_IS_PIXEL_SPACE_NOT_GEO_POLYGON",
        "lpz_forecast_generated": false,
        "kind": "RESEARCH_POINT_EXTRAPOLATION",
        "lead_from_as_of_minutes": 15,
        "target_valid_time_utc": "2026-09-21T04:30:00Z",
        "research_only": true,
        "probability": null,
        "intensity": null,
        "footprint": null,
        "affected_regions": null
      }
    },
    {
      "type": "Feature",
      "geometry": {
        "type": "LineString",
        "coordinates": [
          [
            140.08392333984375,
            35.10867496450758
          ],
          [
            140.08392333984375,
            35.081713193829025
          ]
        ]
      },
      "properties": {
        "research_object_id": "F3-7790b1634eca992e-000034",
        "source_slot_utc": "2026-09-21T04:00:00Z",
        "observation_valid_time_utc": "2026-09-21T04:00:00Z",
        "observed_centroid_lon_lat": [
          140.08392333984375,
          35.10867496450758
        ],
        "observed_bbox_pixel": [
          925,
          333,
          926,
          335
        ],
        "observed_approx_area_km2": 1.501453686194866,
        "observed_boundary_truncated": false,
        "observed_geometry_limit": "CENTROID_ONLY_BBOX_IS_PIXEL_SPACE_NOT_GEO_POLYGON",
        "lpz_forecast_generated": false,
        "kind": "RESEARCH_POINT_MOTION_ARROW",
        "lead_from_as_of_minutes": 15,
        "target_valid_time_utc": "2026-09-21T04:30:00Z",
        "research_only": true,
        "probability": null,
        "intensity": null,
        "footprint": null,
        "affected_regions": null
      }
    },
    {
      "type": "Feature",
      "geometry": {
        "type": "Point",
        "coordinates": [
          140.08392333984375,
          35.06823230848975
        ]
      },
      "properties": {
        "research_object_id": "F3-7790b1634eca992e-000034",
        "source_slot_utc": "2026-09-21T04:00:00Z",
        "observation_valid_time_utc": "2026-09-21T04:00:00Z",
        "observed_centroid_lon_lat": [
          140.08392333984375,
          35.10867496450758
        ],
        "observed_bbox_pixel": [
          925,
          333,
          926,
          335
        ],
        "observed_approx_area_km2": 1.501453686194866,
        "observed_boundary_truncated": false,
        "observed_geometry_limit": "CENTROID_ONLY_BBOX_IS_PIXEL_SPACE_NOT_GEO_POLYGON",
        "lpz_forecast_generated": false,
        "kind": "RESEARCH_POINT_EXTRAPOLATION",
        "lead_from_as_of_minutes": 30,
        "target_valid_time_utc": "2026-09-21T04:45:00Z",
        "research_only": true,
        "probability": null,
        "intensity": null,
        "footprint": null,
        "affected_regions": null
      }
    },
    {
      "type": "Feature",
      "geometry": {
        "type": "LineString",
        "coordinates": [
          [
            140.08392333984375,
            35.10867496450758
          ],
          [
            140.08392333984375,
            35.06823230848975
          ]
        ]
      },
      "properties": {
        "research_object_id": "F3-7790b1634eca992e-000034",
        "source_slot_utc": "2026-09-21T04:00:00Z",
        "observation_valid_time_utc": "2026-09-21T04:00:00Z",
        "observed_centroid_lon_lat": [
          140.08392333984375,
          35.10867496450758
        ],
        "observed_bbox_pixel": [
          925,
          333,
          926,
          335
        ],
        "observed_approx_area_km2": 1.501453686194866,
        "observed_boundary_truncated": false,
        "observed_geometry_limit": "CENTROID_ONLY_BBOX_IS_PIXEL_SPACE_NOT_GEO_POLYGON",
        "lpz_forecast_generated": false,
        "kind": "RESEARCH_POINT_MOTION_ARROW",
        "lead_from_as_of_minutes": 30,
        "target_valid_time_utc": "2026-09-21T04:45:00Z",
        "research_only": true,
        "probability": null,
        "intensity": null,
        "footprint": null,
        "affected_regions": null
      }
    },
    {
      "type": "Feature",
      "geometry": {
        "type": "Point",
        "coordinates": [
          141.69891357421875,
          38.06322991452767
        ]
      },
      "properties": {
        "research_object_id": "F3-d8329e46071ada37-000000",
        "source_slot_utc": "2026-09-21T04:15:00Z",
        "observation_valid_time_utc": "2026-09-21T04:15:00Z",
        "observed_centroid_lon_lat": [
          141.69891357421875,
          38.06322991452767
        ],
        "observed_bbox_pixel": [
          168,
          655,
          224,
          722
        ],
        "observed_approx_area_km2": 304.8090454050945,
        "observed_boundary_truncated": false,
        "observed_geometry_limit": "CENTROID_ONLY_BBOX_IS_PIXEL_SPACE_NOT_GEO_POLYGON",
        "lpz_forecast_generated": false,
        "kind": "OBSERVED_ORIGIN",
        "lead_from_as_of_minutes": 0
      }
    },
    {
      "type": "Feature",
      "geometry": {
        "type": "Point",
        "coordinates": [
          141.73187937747412,
          38.24491486670354
        ]
      },
      "properties": {
        "research_object_id": "F3-d8329e46071ada37-000000",
        "source_slot_utc": "2026-09-21T04:15:00Z",
        "observation_valid_time_utc": "2026-09-21T04:15:00Z",
        "observed_centroid_lon_lat": [
          141.69891357421875,
          38.06322991452767
        ],
        "observed_bbox_pixel": [
          168,
          655,
          224,
          722
        ],
        "observed_approx_area_km2": 304.8090454050945,
        "observed_boundary_truncated": false,
        "observed_geometry_limit": "CENTROID_ONLY_BBOX_IS_PIXEL_SPACE_NOT_GEO_POLYGON",
        "lpz_forecast_generated": false,
        "kind": "RESEARCH_POINT_EXTRAPOLATION",
        "lead_from_as_of_minutes": 15,
        "target_valid_time_utc": "2026-09-21T04:45:00Z",
        "research_only": true,
        "probability": null,
        "intensity": null,
        "footprint": null,
        "affected_regions": null
      }
    },
    {
      "type": "Feature",
      "geometry": {
        "type": "LineString",
        "coordinates": [
          [
            141.69891357421875,
            38.06322991452767
          ],
          [
            141.73187937747412,
            38.24491486670354
          ]
        ]
      },
      "properties": {
        "research_object_id": "F3-d8329e46071ada37-000000",
        "source_slot_utc": "2026-09-21T04:15:00Z",
        "observation_valid_time_utc": "2026-09-21T04:15:00Z",
        "observed_centroid_lon_lat": [
          141.69891357421875,
          38.06322991452767
        ],
        "observed_bbox_pixel": [
          168,
          655,
          224,
          722
        ],
        "observed_approx_area_km2": 304.8090454050945,
        "observed_boundary_truncated": false,
        "observed_geometry_limit": "CENTROID_ONLY_BBOX_IS_PIXEL_SPACE_NOT_GEO_POLYGON",
        "lpz_forecast_generated": false,
        "kind": "RESEARCH_POINT_MOTION_ARROW",
        "lead_from_as_of_minutes": 15,
        "target_valid_time_utc": "2026-09-21T04:45:00Z",
        "research_only": true,
        "probability": null,
        "intensity": null,
        "footprint": null,
        "affected_regions": null
      }
    },
    {
      "type": "Feature",
      "geometry": {
        "type": "Point",
        "coordinates": [
          141.7483622791018,
          38.335757342791474
        ]
      },
      "properties": {
        "research_object_id": "F3-d8329e46071ada37-000000",
        "source_slot_utc": "2026-09-21T04:15:00Z",
        "observation_valid_time_utc": "2026-09-21T04:15:00Z",
        "observed_centroid_lon_lat": [
          141.69891357421875,
          38.06322991452767
        ],
        "observed_bbox_pixel": [
          168,
          655,
          224,
          722
        ],
        "observed_approx_area_km2": 304.8090454050945,
        "observed_boundary_truncated": false,
        "observed_geometry_limit": "CENTROID_ONLY_BBOX_IS_PIXEL_SPACE_NOT_GEO_POLYGON",
        "lpz_forecast_generated": false,
        "kind": "RESEARCH_POINT_EXTRAPOLATION",
        "lead_from_as_of_minutes": 30,
        "target_valid_time_utc": "2026-09-21T05:00:00Z",
        "research_only": true,
        "probability": null,
        "intensity": null,
        "footprint": null,
        "affected_regions": null
      }
    },
    {
      "type": "Feature",
      "geometry": {
        "type": "LineString",
        "coordinates": [
          [
            141.69891357421875,
            38.06322991452767
          ],
          [
            141.7483622791018,
            38.335757342791474
          ]
        ]
      },
      "properties": {
        "research_object_id": "F3-d8329e46071ada37-000000",
        "source_slot_utc": "2026-09-21T04:15:00Z",
        "observation_valid_time_utc": "2026-09-21T04:15:00Z",
        "observed_centroid_lon_lat": [
          141.69891357421875,
          38.06322991452767
        ],
        "observed_bbox_pixel": [
          168,
          655,
          224,
          722
        ],
        "observed_approx_area_km2": 304.8090454050945,
        "observed_boundary_truncated": false,
        "observed_geometry_limit": "CENTROID_ONLY_BBOX_IS_PIXEL_SPACE_NOT_GEO_POLYGON",
        "lpz_forecast_generated": false,
        "kind": "RESEARCH_POINT_MOTION_ARROW",
        "lead_from_as_of_minutes": 30,
        "target_valid_time_utc": "2026-09-21T05:00:00Z",
        "research_only": true,
        "probability": null,
        "intensity": null,
        "footprint": null,
        "affected_regions": null
      }
    },
    {
      "type": "Feature",
      "geometry": {
        "type": "Point",
        "coordinates": [
          141.67144775390625,
          38.30933576918588
        ]
      },
      "properties": {
        "research_object_id": "F3-d8329e46071ada37-000001",
        "source_slot_utc": "2026-09-21T04:15:00Z",
        "observation_valid_time_utc": "2026-09-21T04:15:00Z",
        "observed_centroid_lon_lat": [
          141.67144775390625,
          38.30933576918588
        ],
        "observed_bbox_pixel": [
          189,
          630,
          191,
          632
        ],
        "observed_approx_area_km2": 1.6116311312777925,
        "observed_boundary_truncated": false,
        "observed_geometry_limit": "CENTROID_ONLY_BBOX_IS_PIXEL_SPACE_NOT_GEO_POLYGON",
        "lpz_forecast_generated": false,
        "kind": "OBSERVED_ORIGIN",
        "lead_from_as_of_minutes": 0
      }
    },
    {
      "type": "Feature",
      "geometry": {
        "type": "Point",
        "coordinates": [
          141.96813150398646,
          38.46453605447003
        ]
      },
      "properties": {
        "research_object_id": "F3-d8329e46071ada37-000001",
        "source_slot_utc": "2026-09-21T04:15:00Z",
        "observation_valid_time_utc": "2026-09-21T04:15:00Z",
        "observed_centroid_lon_lat": [
          141.67144775390625,
          38.30933576918588
        ],
        "observed_bbox_pixel": [
          189,
          630,
          191,
          632
        ],
        "observed_approx_area_km2": 1.6116311312777925,
        "observed_boundary_truncated": false,
        "observed_geometry_limit": "CENTROID_ONLY_BBOX_IS_PIXEL_SPACE_NOT_GEO_POLYGON",
        "lpz_forecast_generated": false,
        "kind": "RESEARCH_POINT_EXTRAPOLATION",
        "lead_from_as_of_minutes": 15,
        "target_valid_time_utc": "2026-09-21T04:45:00Z",
        "research_only": true,
        "probability": null,
        "intensity": null,
        "footprint": null,
        "affected_regions": null
      }
    },
    {
      "type": "Feature",
      "geometry": {
        "type": "LineString",
        "coordinates": [
          [
            141.67144775390625,
            38.30933576918588
          ],
          [
            141.96813150398646,
            38.46453605447003
          ]
        ]
      },
      "properties": {
        "research_object_id": "F3-d8329e46071ada37-000001",
        "source_slot_utc": "2026-09-21T04:15:00Z",
        "observation_valid_time_utc": "2026-09-21T04:15:00Z",
        "observed_centroid_lon_lat": [
          141.67144775390625,
          38.30933576918588
        ],
        "observed_bbox_pixel": [
          189,
          630,
          191,
          632
        ],
        "observed_approx_area_km2": 1.6116311312777925,
        "observed_boundary_truncated": false,
        "observed_geometry_limit": "CENTROID_ONLY_BBOX_IS_PIXEL_SPACE_NOT_GEO_POLYGON",
        "lpz_forecast_generated": false,
        "kind": "RESEARCH_POINT_MOTION_ARROW",
        "lead_from_as_of_minutes": 15,
        "target_valid_time_utc": "2026-09-21T04:45:00Z",
        "research_only": true,
        "probability": null,
        "intensity": null,
        "footprint": null,
        "affected_regions": null
      }
    },
    {
      "type": "Feature",
      "geometry": {
        "type": "Point",
        "coordinates": [
          142.11647337902662,
          38.54213619711211
        ]
      },
      "properties": {
        "research_object_id": "F3-d8329e46071ada37-000001",
        "source_slot_utc": "2026-09-21T04:15:00Z",
        "observation_valid_time_utc": "2026-09-21T04:15:00Z",
        "observed_centroid_lon_lat": [
          141.67144775390625,
          38.30933576918588
        ],
        "observed_bbox_pixel": [
          189,
          630,
          191,
          632
        ],
        "observed_approx_area_km2": 1.6116311312777925,
        "observed_boundary_truncated": false,
        "observed_geometry_limit": "CENTROID_ONLY_BBOX_IS_PIXEL_SPACE_NOT_GEO_POLYGON",
        "lpz_forecast_generated": false,
        "kind": "RESEARCH_POINT_EXTRAPOLATION",
        "lead_from_as_of_minutes": 30,
        "target_valid_time_utc": "2026-09-21T05:00:00Z",
        "research_only": true,
        "probability": null,
        "intensity": null,
        "footprint": null,
        "affected_regions": null
      }
    },
    {
      "type": "Feature",
      "geometry": {
        "type": "LineString",
        "coordinates": [
          [
            141.67144775390625,
            38.30933576918588
          ],
          [
            142.11647337902662,
            38.54213619711211
          ]
        ]
      },
      "properties": {
        "research_object_id": "F3-d8329e46071ada37-000001",
        "source_slot_utc": "2026-09-21T04:15:00Z",
        "observation_valid_time_utc": "2026-09-21T04:15:00Z",
        "observed_centroid_lon_lat": [
          141.67144775390625,
          38.30933576918588
        ],
        "observed_bbox_pixel": [
          189,
          630,
          191,
          632
        ],
        "observed_approx_area_km2": 1.6116311312777925,
        "observed_boundary_truncated": false,
        "observed_geometry_limit": "CENTROID_ONLY_BBOX_IS_PIXEL_SPACE_NOT_GEO_POLYGON",
        "lpz_forecast_generated": false,
        "kind": "RESEARCH_POINT_MOTION_ARROW",
        "lead_from_as_of_minutes": 30,
        "target_valid_time_utc": "2026-09-21T05:00:00Z",
        "research_only": true,
        "probability": null,
        "intensity": null,
        "footprint": null,
        "affected_regions": null
      }
    },
    {
      "type": "Feature",
      "geometry": {
        "type": "Point",
        "coordinates": [
          141.83074951171875,
          38.27053224010455
        ]
      },
      "properties": {
        "research_object_id": "F3-d8329e46071ada37-000002",
        "source_slot_utc": "2026-09-21T04:15:00Z",
        "observation_valid_time_utc": "2026-09-21T04:15:00Z",
        "observed_centroid_lon_lat": [
          141.83074951171875,
          38.27053224010455
        ],
        "observed_bbox_pixel": [
          206,
          631,
          232,
          652
        ],
        "observed_approx_area_km2": 74.90578746501336,
        "observed_boundary_truncated": false,
        "observed_geometry_limit": "CENTROID_ONLY_BBOX_IS_PIXEL_SPACE_NOT_GEO_POLYGON",
        "lpz_forecast_generated": false,
        "kind": "OBSERVED_ORIGIN",
        "lead_from_as_of_minutes": 0
      }
    },
    {
      "type": "Feature",
      "geometry": {
        "type": "Point",
        "coordinates": [
          142.06151720554442,
          38.47758888261178
        ]
      },
      "properties": {
        "research_object_id": "F3-d8329e46071ada37-000002",
        "source_slot_utc": "2026-09-21T04:15:00Z",
        "observation_valid_time_utc": "2026-09-21T04:15:00Z",
        "observed_centroid_lon_lat": [
          141.83074951171875,
          38.27053224010455
        ],
        "observed_bbox_pixel": [
          206,
          631,
          232,
          652
        ],
        "observed_approx_area_km2": 74.90578746501336,
        "observed_boundary_truncated": false,
        "observed_geometry_limit": "CENTROID_ONLY_BBOX_IS_PIXEL_SPACE_NOT_GEO_POLYGON",
        "lpz_forecast_generated": false,
        "kind": "RESEARCH_POINT_EXTRAPOLATION",
        "lead_from_as_of_minutes": 15,
        "target_valid_time_utc": "2026-09-21T04:45:00Z",
        "research_only": true,
        "probability": null,
        "intensity": null,
        "footprint": null,
        "affected_regions": null
      }
    },
    {
      "type": "Feature",
      "geometry": {
        "type": "LineString",
        "coordinates": [
          [
            141.83074951171875,
            38.27053224010455
          ],
          [
            142.06151720554442,
            38.47758888261178
          ]
        ]
      },
      "properties": {
        "research_object_id": "F3-d8329e46071ada37-000002",
        "source_slot_utc": "2026-09-21T04:15:00Z",
        "observation_valid_time_utc": "2026-09-21T04:15:00Z",
        "observed_centroid_lon_lat": [
          141.83074951171875,
          38.27053224010455
        ],
        "observed_bbox_pixel": [
          206,
          631,
          232,
          652
        ],
        "observed_approx_area_km2": 74.90578746501336,
        "observed_boundary_truncated": false,
        "observed_geometry_limit": "CENTROID_ONLY_BBOX_IS_PIXEL_SPACE_NOT_GEO_POLYGON",
        "lpz_forecast_generated": false,
        "kind": "RESEARCH_POINT_MOTION_ARROW",
        "lead_from_as_of_minutes": 15,
        "target_valid_time_utc": "2026-09-21T04:45:00Z",
        "research_only": true,
        "probability": null,
        "intensity": null,
        "footprint": null,
        "affected_regions": null
      }
    },
    {
      "type": "Feature",
      "geometry": {
        "type": "Point",
        "coordinates": [
          142.17690105245725,
          38.58111720386539
        ]
      },
      "properties": {
        "research_object_id": "F3-d8329e46071ada37-000002",
        "source_slot_utc": "2026-09-21T04:15:00Z",
        "observation_valid_time_utc": "2026-09-21T04:15:00Z",
        "observed_centroid_lon_lat": [
          141.83074951171875,
          38.27053224010455
        ],
        "observed_bbox_pixel": [
          206,
          631,
          232,
          652
        ],
        "observed_approx_area_km2": 74.90578746501336,
        "observed_boundary_truncated": false,
        "observed_geometry_limit": "CENTROID_ONLY_BBOX_IS_PIXEL_SPACE_NOT_GEO_POLYGON",
        "lpz_forecast_generated": false,
        "kind": "RESEARCH_POINT_EXTRAPOLATION",
        "lead_from_as_of_minutes": 30,
        "target_valid_time_utc": "2026-09-21T05:00:00Z",
        "research_only": true,
        "probability": null,
        "intensity": null,
        "footprint": null,
        "affected_regions": null
      }
    },
    {
      "type": "Feature",
      "geometry": {
        "type": "LineString",
        "coordinates": [
          [
            141.83074951171875,
            38.27053224010455
          ],
          [
            142.17690105245725,
            38.58111720386539
          ]
        ]
      },
      "properties": {
        "research_object_id": "F3-d8329e46071ada37-000002",
        "source_slot_utc": "2026-09-21T04:15:00Z",
        "observation_valid_time_utc": "2026-09-21T04:15:00Z",
        "observed_centroid_lon_lat": [
          141.83074951171875,
          38.27053224010455
        ],
        "observed_bbox_pixel": [
          206,
          631,
          232,
          652
        ],
        "observed_approx_area_km2": 74.90578746501336,
        "observed_boundary_truncated": false,
        "observed_geometry_limit": "CENTROID_ONLY_BBOX_IS_PIXEL_SPACE_NOT_GEO_POLYGON",
        "lpz_forecast_generated": false,
        "kind": "RESEARCH_POINT_MOTION_ARROW",
        "lead_from_as_of_minutes": 30,
        "target_valid_time_utc": "2026-09-21T05:00:00Z",
        "research_only": true,
        "probability": null,
        "intensity": null,
        "footprint": null,
        "affected_regions": null
      }
    },
    {
      "type": "Feature",
      "geometry": {
        "type": "Point",
        "coordinates": [
          141.73187255859375,
          38.46004106572044
        ]
      },
      "properties": {
        "research_object_id": "F3-d8329e46071ada37-000003",
        "source_slot_utc": "2026-09-21T04:15:00Z",
        "observation_valid_time_utc": "2026-09-21T04:15:00Z",
        "observed_centroid_lon_lat": [
          141.73187255859375,
          38.46004106572044
        ],
        "observed_bbox_pixel": [
          200,
          595,
          203,
          598
        ],
        "observed_approx_area_km2": 2.980582580452679,
        "observed_boundary_truncated": false,
        "observed_geometry_limit": "CENTROID_ONLY_BBOX_IS_PIXEL_SPACE_NOT_GEO_POLYGON",
        "lpz_forecast_generated": false,
        "kind": "OBSERVED_ORIGIN",
        "lead_from_as_of_minutes": 0
      }
    },
    {
      "type": "Feature",
      "geometry": {
        "type": "Point",
        "coordinates": [
          141.69891652220508,
          38.38262317253423
        ]
      },
      "properties": {
        "research_object_id": "F3-d8329e46071ada37-000003",
        "source_slot_utc": "2026-09-21T04:15:00Z",
        "observation_valid_time_utc": "2026-09-21T04:15:00Z",
        "observed_centroid_lon_lat": [
          141.73187255859375,
          38.46004106572044
        ],
        "observed_bbox_pixel": [
          200,
          595,
          203,
          598
        ],
        "observed_approx_area_km2": 2.980582580452679,
        "observed_boundary_truncated": false,
        "observed_geometry_limit": "CENTROID_ONLY_BBOX_IS_PIXEL_SPACE_NOT_GEO_POLYGON",
        "lpz_forecast_generated": false,
        "kind": "RESEARCH_POINT_EXTRAPOLATION",
        "lead_from_as_of_minutes": 15,
        "target_valid_time_utc": "2026-09-21T04:45:00Z",
        "research_only": true,
        "probability": null,
        "intensity": null,
        "footprint": null,
        "affected_regions": null
      }
    },
    {
      "type": "Feature",
      "geometry": {
        "type": "LineString",
        "coordinates": [
          [
            141.73187255859375,
            38.46004106572044
          ],
          [
            141.69891652220508,
            38.38262317253423
          ]
        ]
      },
      "properties": {
        "research_object_id": "F3-d8329e46071ada37-000003",
        "source_slot_utc": "2026-09-21T04:15:00Z",
        "observation_valid_time_utc": "2026-09-21T04:15:00Z",
        "observed_centroid_lon_lat": [
          141.73187255859375,
          38.46004106572044
        ],
        "observed_bbox_pixel": [
          200,
          595,
          203,
          598
        ],
        "observed_approx_area_km2": 2.980582580452679,
        "observed_boundary_truncated": false,
        "observed_geometry_limit": "CENTROID_ONLY_BBOX_IS_PIXEL_SPACE_NOT_GEO_POLYGON",
        "lpz_forecast_generated": false,
        "kind": "RESEARCH_POINT_MOTION_ARROW",
        "lead_from_as_of_minutes": 15,
        "target_valid_time_utc": "2026-09-21T04:45:00Z",
        "research_only": true,
        "probability": null,
        "intensity": null,
        "footprint": null,
        "affected_regions": null
      }
    },
    {
      "type": "Feature",
      "geometry": {
        "type": "Point",
        "coordinates": [
          141.68243850401075,
          38.34391422594113
        ]
      },
      "properties": {
        "research_object_id": "F3-d8329e46071ada37-000003",
        "source_slot_utc": "2026-09-21T04:15:00Z",
        "observation_valid_time_utc": "2026-09-21T04:15:00Z",
        "observed_centroid_lon_lat": [
          141.73187255859375,
          38.46004106572044
        ],
        "observed_bbox_pixel": [
          200,
          595,
          203,
          598
        ],
        "observed_approx_area_km2": 2.980582580452679,
        "observed_boundary_truncated": false,
        "observed_geometry_limit": "CENTROID_ONLY_BBOX_IS_PIXEL_SPACE_NOT_GEO_POLYGON",
        "lpz_forecast_generated": false,
        "kind": "RESEARCH_POINT_EXTRAPOLATION",
        "lead_from_as_of_minutes": 30,
        "target_valid_time_utc": "2026-09-21T05:00:00Z",
        "research_only": true,
        "probability": null,
        "intensity": null,
        "footprint": null,
        "affected_regions": null
      }
    },
    {
      "type": "Feature",
      "geometry": {
        "type": "LineString",
        "coordinates": [
          [
            141.73187255859375,
            38.46004106572044
          ],
          [
            141.68243850401075,
            38.34391422594113
          ]
        ]
      },
      "properties": {
        "research_object_id": "F3-d8329e46071ada37-000003",
        "source_slot_utc": "2026-09-21T04:15:00Z",
        "observation_valid_time_utc": "2026-09-21T04:15:00Z",
        "observed_centroid_lon_lat": [
          141.73187255859375,
          38.46004106572044
        ],
        "observed_bbox_pixel": [
          200,
          595,
          203,
          598
        ],
        "observed_approx_area_km2": 2.980582580452679,
        "observed_boundary_truncated": false,
        "observed_geometry_limit": "CENTROID_ONLY_BBOX_IS_PIXEL_SPACE_NOT_GEO_POLYGON",
        "lpz_forecast_generated": false,
        "kind": "RESEARCH_POINT_MOTION_ARROW",
        "lead_from_as_of_minutes": 30,
        "target_valid_time_utc": "2026-09-21T05:00:00Z",
        "research_only": true,
        "probability": null,
        "intensity": null,
        "footprint": null,
        "affected_regions": null
      }
    },
    {
      "type": "Feature",
      "geometry": {
        "type": "Point",
        "coordinates": [
          141.71539306640625,
          38.378268581361695
        ]
      },
      "properties": {
        "research_object_id": "F3-d8329e46071ada37-000004",
        "source_slot_utc": "2026-09-21T04:15:00Z",
        "observation_valid_time_utc": "2026-09-21T04:15:00Z",
        "observed_centroid_lon_lat": [
          141.71539306640625,
          38.378268581361695
        ],
        "observed_bbox_pixel": [
          197,
          611,
          201,
          620
        ],
        "observed_approx_area_km2": 8.732218867512495,
        "observed_boundary_truncated": false,
        "observed_geometry_limit": "CENTROID_ONLY_BBOX_IS_PIXEL_SPACE_NOT_GEO_POLYGON",
        "lpz_forecast_generated": false,
        "kind": "OBSERVED_ORIGIN",
        "lead_from_as_of_minutes": 0
      }
    },
    {
      "type": "Feature",
      "geometry": {
        "type": "Point",
        "coordinates": [
          141.68243898645142,
          38.24910028952621
        ]
      },
      "properties": {
        "research_object_id": "F3-d8329e46071ada37-000004",
        "source_slot_utc": "2026-09-21T04:15:00Z",
        "observation_valid_time_utc": "2026-09-21T04:15:00Z",
        "observed_centroid_lon_lat": [
          141.71539306640625,
          38.378268581361695
        ],
        "observed_bbox_pixel": [
          197,
          611,
          201,
          620
        ],
        "observed_approx_area_km2": 8.732218867512495,
        "observed_boundary_truncated": false,
        "observed_geometry_limit": "CENTROID_ONLY_BBOX_IS_PIXEL_SPACE_NOT_GEO_POLYGON",
        "lpz_forecast_generated": false,
        "kind": "RESEARCH_POINT_EXTRAPOLATION",
        "lead_from_as_of_minutes": 15,
        "target_valid_time_utc": "2026-09-21T04:45:00Z",
        "research_only": true,
        "probability": null,
        "intensity": null,
        "footprint": null,
        "affected_regions": null
      }
    },
    {
      "type": "Feature",
      "geometry": {
        "type": "LineString",
        "coordinates": [
          [
            141.71539306640625,
            38.378268581361695
          ],
          [
            141.68243898645142,
            38.24910028952621
          ]
        ]
      },
      "properties": {
        "research_object_id": "F3-d8329e46071ada37-000004",
        "source_slot_utc": "2026-09-21T04:15:00Z",
        "observation_valid_time_utc": "2026-09-21T04:15:00Z",
        "observed_centroid_lon_lat": [
          141.71539306640625,
          38.378268581361695
        ],
        "observed_bbox_pixel": [
          197,
          611,
          201,
          620
        ],
        "observed_approx_area_km2": 8.732218867512495,
        "observed_boundary_truncated": false,
        "observed_geometry_limit": "CENTROID_ONLY_BBOX_IS_PIXEL_SPACE_NOT_GEO_POLYGON",
        "lpz_forecast_generated": false,
        "kind": "RESEARCH_POINT_MOTION_ARROW",
        "lead_from_as_of_minutes": 15,
        "target_valid_time_utc": "2026-09-21T04:45:00Z",
        "research_only": true,
        "probability": null,
        "intensity": null,
        "footprint": null,
        "affected_regions": null
      }
    },
    {
      "type": "Feature",
      "geometry": {
        "type": "Point",
        "coordinates": [
          141.66596194647394,
          38.18451614360847
        ]
      },
      "properties": {
        "research_object_id": "F3-d8329e46071ada37-000004",
        "source_slot_utc": "2026-09-21T04:15:00Z",
        "observation_valid_time_utc": "2026-09-21T04:15:00Z",
        "observed_centroid_lon_lat": [
          141.71539306640625,
          38.378268581361695
        ],
        "observed_bbox_pixel": [
          197,
          611,
          201,
          620
        ],
        "observed_approx_area_km2": 8.732218867512495,
        "observed_boundary_truncated": false,
        "observed_geometry_limit": "CENTROID_ONLY_BBOX_IS_PIXEL_SPACE_NOT_GEO_POLYGON",
        "lpz_forecast_generated": false,
        "kind": "RESEARCH_POINT_EXTRAPOLATION",
        "lead_from_as_of_minutes": 30,
        "target_valid_time_utc": "2026-09-21T05:00:00Z",
        "research_only": true,
        "probability": null,
        "intensity": null,
        "footprint": null,
        "affected_regions": null
      }
    },
    {
      "type": "Feature",
      "geometry": {
        "type": "LineString",
        "coordinates": [
          [
            141.71539306640625,
            38.378268581361695
          ],
          [
            141.66596194647394,
            38.18451614360847
          ]
        ]
      },
      "properties": {
        "research_object_id": "F3-d8329e46071ada37-000004",
        "source_slot_utc": "2026-09-21T04:15:00Z",
        "observation_valid_time_utc": "2026-09-21T04:15:00Z",
        "observed_centroid_lon_lat": [
          141.71539306640625,
          38.378268581361695
        ],
        "observed_bbox_pixel": [
          197,
          611,
          201,
          620
        ],
        "observed_approx_area_km2": 8.732218867512495,
        "observed_boundary_truncated": false,
        "observed_geometry_limit": "CENTROID_ONLY_BBOX_IS_PIXEL_SPACE_NOT_GEO_POLYGON",
        "lpz_forecast_generated": false,
        "kind": "RESEARCH_POINT_MOTION_ARROW",
        "lead_from_as_of_minutes": 30,
        "target_valid_time_utc": "2026-09-21T05:00:00Z",
        "research_only": true,
        "probability": null,
        "intensity": null,
        "footprint": null,
        "affected_regions": null
      }
    },
    {
      "type": "Feature",
      "geometry": {
        "type": "Point",
        "coordinates": [
          140.86944580078125,
          37.96368875328559
        ]
      },
      "properties": {
        "research_object_id": "F3-d8329e46071ada37-000006",
        "source_slot_utc": "2026-09-21T04:15:00Z",
        "observation_valid_time_utc": "2026-09-21T04:15:00Z",
        "observed_centroid_lon_lat": [
          140.86944580078125,
          37.96368875328559
        ],
        "observed_bbox_pixel": [
          40,
          705,
          49,
          720
        ],
        "observed_approx_area_km2": 19.29122186391165,
        "observed_boundary_truncated": false,
        "observed_geometry_limit": "CENTROID_ONLY_BBOX_IS_PIXEL_SPACE_NOT_GEO_POLYGON",
        "lpz_forecast_generated": false,
        "kind": "OBSERVED_ORIGIN",
        "lead_from_as_of_minutes": 0
      }
    },
    {
      "type": "Feature",
      "geometry": {
        "type": "Point",
        "coordinates": [
          140.93535405052728,
          37.833783467664766
        ]
      },
      "properties": {
        "research_object_id": "F3-d8329e46071ada37-000006",
        "source_slot_utc": "2026-09-21T04:15:00Z",
        "observation_valid_time_utc": "2026-09-21T04:15:00Z",
        "observed_centroid_lon_lat": [
          140.86944580078125,
          37.96368875328559
        ],
        "observed_bbox_pixel": [
          40,
          705,
          49,
          720
        ],
        "observed_approx_area_km2": 19.29122186391165,
        "observed_boundary_truncated": false,
        "observed_geometry_limit": "CENTROID_ONLY_BBOX_IS_PIXEL_SPACE_NOT_GEO_POLYGON",
        "lpz_forecast_generated": false,
        "kind": "RESEARCH_POINT_EXTRAPOLATION",
        "lead_from_as_of_minutes": 15,
        "target_valid_time_utc": "2026-09-21T04:45:00Z",
        "research_only": true,
        "probability": null,
        "intensity": null,
        "footprint": null,
        "affected_regions": null
      }
    },
    {
      "type": "Feature",
      "geometry": {
        "type": "LineString",
        "coordinates": [
          [
            140.86944580078125,
            37.96368875328559
          ],
          [
            140.93535405052728,
            37.833783467664766
          ]
        ]
      },
      "properties": {
        "research_object_id": "F3-d8329e46071ada37-000006",
        "source_slot_utc": "2026-09-21T04:15:00Z",
        "observation_valid_time_utc": "2026-09-21T04:15:00Z",
        "observed_centroid_lon_lat": [
          140.86944580078125,
          37.96368875328559
        ],
        "observed_bbox_pixel": [
          40,
          705,
          49,
          720
        ],
        "observed_approx_area_km2": 19.29122186391165,
        "observed_boundary_truncated": false,
        "observed_geometry_limit": "CENTROID_ONLY_BBOX_IS_PIXEL_SPACE_NOT_GEO_POLYGON",
        "lpz_forecast_generated": false,
        "kind": "RESEARCH_POINT_MOTION_ARROW",
        "lead_from_as_of_minutes": 15,
        "target_valid_time_utc": "2026-09-21T04:45:00Z",
        "research_only": true,
        "probability": null,
        "intensity": null,
        "footprint": null,
        "affected_regions": null
      }
    },
    {
      "type": "Feature",
      "geometry": {
        "type": "Point",
        "coordinates": [
          140.9683081754003,
          37.768830824854355
        ]
      },
      "properties": {
        "research_object_id": "F3-d8329e46071ada37-000006",
        "source_slot_utc": "2026-09-21T04:15:00Z",
        "observation_valid_time_utc": "2026-09-21T04:15:00Z",
        "observed_centroid_lon_lat": [
          140.86944580078125,
          37.96368875328559
        ],
        "observed_bbox_pixel": [
          40,
          705,
          49,
          720
        ],
        "observed_approx_area_km2": 19.29122186391165,
        "observed_boundary_truncated": false,
        "observed_geometry_limit": "CENTROID_ONLY_BBOX_IS_PIXEL_SPACE_NOT_GEO_POLYGON",
        "lpz_forecast_generated": false,
        "kind": "RESEARCH_POINT_EXTRAPOLATION",
        "lead_from_as_of_minutes": 30,
        "target_valid_time_utc": "2026-09-21T05:00:00Z",
        "research_only": true,
        "probability": null,
        "intensity": null,
        "footprint": null,
        "affected_regions": null
      }
    },
    {
      "type": "Feature",
      "geometry": {
        "type": "LineString",
        "coordinates": [
          [
            140.86944580078125,
            37.96368875328559
          ],
          [
            140.9683081754003,
            37.768830824854355
          ]
        ]
      },
      "properties": {
        "research_object_id": "F3-d8329e46071ada37-000006",
        "source_slot_utc": "2026-09-21T04:15:00Z",
        "observation_valid_time_utc": "2026-09-21T04:15:00Z",
        "observed_centroid_lon_lat": [
          140.86944580078125,
          37.96368875328559
        ],
        "observed_bbox_pixel": [
          40,
          705,
          49,
          720
        ],
        "observed_approx_area_km2": 19.29122186391165,
        "observed_boundary_truncated": false,
        "observed_geometry_limit": "CENTROID_ONLY_BBOX_IS_PIXEL_SPACE_NOT_GEO_POLYGON",
        "lpz_forecast_generated": false,
        "kind": "RESEARCH_POINT_MOTION_ARROW",
        "lead_from_as_of_minutes": 30,
        "target_valid_time_utc": "2026-09-21T05:00:00Z",
        "research_only": true,
        "probability": null,
        "intensity": null,
        "footprint": null,
        "affected_regions": null
      }
    },
    {
      "type": "Feature",
      "geometry": {
        "type": "Point",
        "coordinates": [
          140.86395263671875,
          37.86401247373357
        ]
      },
      "properties": {
        "research_object_id": "F3-d8329e46071ada37-000007",
        "source_slot_utc": "2026-09-21T04:15:00Z",
        "observation_valid_time_utc": "2026-09-21T04:15:00Z",
        "observed_centroid_lon_lat": [
          140.86395263671875,
          37.86401247373357
        ],
        "observed_bbox_pixel": [
          41,
          730,
          47,
          738
        ],
        "observed_approx_area_km2": 9.089147904951112,
        "observed_boundary_truncated": false,
        "observed_geometry_limit": "CENTROID_ONLY_BBOX_IS_PIXEL_SPACE_NOT_GEO_POLYGON",
        "lpz_forecast_generated": false,
        "kind": "OBSERVED_ORIGIN",
        "lead_from_as_of_minutes": 0
      }
    },
    {
      "type": "Feature",
      "geometry": {
        "type": "Point",
        "coordinates": [
          140.92988418255686,
          38.046190835377004
        ]
      },
      "properties": {
        "research_object_id": "F3-d8329e46071ada37-000007",
        "source_slot_utc": "2026-09-21T04:15:00Z",
        "observation_valid_time_utc": "2026-09-21T04:15:00Z",
        "observed_centroid_lon_lat": [
          140.86395263671875,
          37.86401247373357
        ],
        "observed_bbox_pixel": [
          41,
          730,
          47,
          738
        ],
        "observed_approx_area_km2": 9.089147904951112,
        "observed_boundary_truncated": false,
        "observed_geometry_limit": "CENTROID_ONLY_BBOX_IS_PIXEL_SPACE_NOT_GEO_POLYGON",
        "lpz_forecast_generated": false,
        "kind": "RESEARCH_POINT_EXTRAPOLATION",
        "lead_from_as_of_minutes": 15,
        "target_valid_time_utc": "2026-09-21T04:45:00Z",
        "research_only": true,
        "probability": null,
        "intensity": null,
        "footprint": null,
        "affected_regions": null
      }
    },
    {
      "type": "Feature",
      "geometry": {
        "type": "LineString",
        "coordinates": [
          [
            140.86395263671875,
            37.86401247373357
          ],
          [
            140.92988418255686,
            38.046190835377004
          ]
        ]
      },
      "properties": {
        "research_object_id": "F3-d8329e46071ada37-000007",
        "source_slot_utc": "2026-09-21T04:15:00Z",
        "observation_valid_time_utc": "2026-09-21T04:15:00Z",
        "observed_centroid_lon_lat": [
          140.86395263671875,
          37.86401247373357
        ],
        "observed_bbox_pixel": [
          41,
          730,
          47,
          738
        ],
        "observed_approx_area_km2": 9.089147904951112,
        "observed_boundary_truncated": false,
        "observed_geometry_limit": "CENTROID_ONLY_BBOX_IS_PIXEL_SPACE_NOT_GEO_POLYGON",
        "lpz_forecast_generated": false,
        "kind": "RESEARCH_POINT_MOTION_ARROW",
        "lead_from_as_of_minutes": 15,
        "target_valid_time_utc": "2026-09-21T04:45:00Z",
        "research_only": true,
        "probability": null,
        "intensity": null,
        "footprint": null,
        "affected_regions": null
      }
    },
    {
      "type": "Feature",
      "geometry": {
        "type": "Point",
        "coordinates": [
          140.96284995547586,
          38.13728001619872
        ]
      },
      "properties": {
        "research_object_id": "F3-d8329e46071ada37-000007",
        "source_slot_utc": "2026-09-21T04:15:00Z",
        "observation_valid_time_utc": "2026-09-21T04:15:00Z",
        "observed_centroid_lon_lat": [
          140.86395263671875,
          37.86401247373357
        ],
        "observed_bbox_pixel": [
          41,
          730,
          47,
          738
        ],
        "observed_approx_area_km2": 9.089147904951112,
        "observed_boundary_truncated": false,
        "observed_geometry_limit": "CENTROID_ONLY_BBOX_IS_PIXEL_SPACE_NOT_GEO_POLYGON",
        "lpz_forecast_generated": false,
        "kind": "RESEARCH_POINT_EXTRAPOLATION",
        "lead_from_as_of_minutes": 30,
        "target_valid_time_utc": "2026-09-21T05:00:00Z",
        "research_only": true,
        "probability": null,
        "intensity": null,
        "footprint": null,
        "affected_regions": null
      }
    },
    {
      "type": "Feature",
      "geometry": {
        "type": "LineString",
        "coordinates": [
          [
            140.86395263671875,
            37.86401247373357
          ],
          [
            140.96284995547586,
            38.13728001619872
          ]
        ]
      },
      "properties": {
        "research_object_id": "F3-d8329e46071ada37-000007",
        "source_slot_utc": "2026-09-21T04:15:00Z",
        "observation_valid_time_utc": "2026-09-21T04:15:00Z",
        "observed_centroid_lon_lat": [
          140.86395263671875,
          37.86401247373357
        ],
        "observed_bbox_pixel": [
          41,
          730,
          47,
          738
        ],
        "observed_approx_area_km2": 9.089147904951112,
        "observed_boundary_truncated": false,
        "observed_geometry_limit": "CENTROID_ONLY_BBOX_IS_PIXEL_SPACE_NOT_GEO_POLYGON",
        "lpz_forecast_generated": false,
        "kind": "RESEARCH_POINT_MOTION_ARROW",
        "lead_from_as_of_minutes": 30,
        "target_valid_time_utc": "2026-09-21T05:00:00Z",
        "research_only": true,
        "probability": null,
        "intensity": null,
        "footprint": null,
        "affected_regions": null
      }
    },
    {
      "type": "Feature",
      "geometry": {
        "type": "Point",
        "coordinates": [
          141.66595458984375,
          38.41271038284708
        ]
      },
      "properties": {
        "research_object_id": "F3-d8329e46071ada37-000009",
        "source_slot_utc": "2026-09-21T04:15:00Z",
        "observation_valid_time_utc": "2026-09-21T04:15:00Z",
        "observed_centroid_lon_lat": [
          141.66595458984375,
          38.41271038284708
        ],
        "observed_bbox_pixel": [
          183,
          599,
          199,
          618
        ],
        "observed_approx_area_km2": 42.01248190504498,
        "observed_boundary_truncated": false,
        "observed_geometry_limit": "CENTROID_ONLY_BBOX_IS_PIXEL_SPACE_NOT_GEO_POLYGON",
        "lpz_forecast_generated": false,
        "kind": "OBSERVED_ORIGIN",
        "lead_from_as_of_minutes": 0
      }
    },
    {
      "type": "Feature",
      "geometry": {
        "type": "Point",
        "coordinates": [
          141.56707174669873,
          38.46436385595446
        ]
      },
      "properties": {
        "research_object_id": "F3-d8329e46071ada37-000009",
        "source_slot_utc": "2026-09-21T04:15:00Z",
        "observation_valid_time_utc": "2026-09-21T04:15:00Z",
        "observed_centroid_lon_lat": [
          141.66595458984375,
          38.41271038284708
        ],
        "observed_bbox_pixel": [
          183,
          599,
          199,
          618
        ],
        "observed_approx_area_km2": 42.01248190504498,
        "observed_boundary_truncated": false,
        "observed_geometry_limit": "CENTROID_ONLY_BBOX_IS_PIXEL_SPACE_NOT_GEO_POLYGON",
        "lpz_forecast_generated": false,
        "kind": "RESEARCH_POINT_EXTRAPOLATION",
        "lead_from_as_of_minutes": 15,
        "target_valid_time_utc": "2026-09-21T04:45:00Z",
        "research_only": true,
        "probability": null,
        "intensity": null,
        "footprint": null,
        "affected_regions": null
      }
    },
    {
      "type": "Feature",
      "geometry": {
        "type": "LineString",
        "coordinates": [
          [
            141.66595458984375,
            38.41271038284708
          ],
          [
            141.56707174669873,
            38.46436385595446
          ]
        ]
      },
      "properties": {
        "research_object_id": "F3-d8329e46071ada37-000009",
        "source_slot_utc": "2026-09-21T04:15:00Z",
        "observation_valid_time_utc": "2026-09-21T04:15:00Z",
        "observed_centroid_lon_lat": [
          141.66595458984375,
          38.41271038284708
        ],
        "observed_bbox_pixel": [
          183,
          599,
          199,
          618
        ],
        "observed_approx_area_km2": 42.01248190504498,
        "observed_boundary_truncated": false,
        "observed_geometry_limit": "CENTROID_ONLY_BBOX_IS_PIXEL_SPACE_NOT_GEO_POLYGON",
        "lpz_forecast_generated": false,
        "kind": "RESEARCH_POINT_MOTION_ARROW",
        "lead_from_as_of_minutes": 15,
        "target_valid_time_utc": "2026-09-21T04:45:00Z",
        "research_only": true,
        "probability": null,
        "intensity": null,
        "footprint": null,
        "affected_regions": null
      }
    },
    {
      "type": "Feature",
      "geometry": {
        "type": "Point",
        "coordinates": [
          141.51763032512622,
          38.49019059250815
        ]
      },
      "properties": {
        "research_object_id": "F3-d8329e46071ada37-000009",
        "source_slot_utc": "2026-09-21T04:15:00Z",
        "observation_valid_time_utc": "2026-09-21T04:15:00Z",
        "observed_centroid_lon_lat": [
          141.66595458984375,
          38.41271038284708
        ],
        "observed_bbox_pixel": [
          183,
          599,
          199,
          618
        ],
        "observed_approx_area_km2": 42.01248190504498,
        "observed_boundary_truncated": false,
        "observed_geometry_limit": "CENTROID_ONLY_BBOX_IS_PIXEL_SPACE_NOT_GEO_POLYGON",
        "lpz_forecast_generated": false,
        "kind": "RESEARCH_POINT_EXTRAPOLATION",
        "lead_from_as_of_minutes": 30,
        "target_valid_time_utc": "2026-09-21T05:00:00Z",
        "research_only": true,
        "probability": null,
        "intensity": null,
        "footprint": null,
        "affected_regions": null
      }
    },
    {
      "type": "Feature",
      "geometry": {
        "type": "LineString",
        "coordinates": [
          [
            141.66595458984375,
            38.41271038284708
          ],
          [
            141.51763032512622,
            38.49019059250815
          ]
        ]
      },
      "properties": {
        "research_object_id": "F3-d8329e46071ada37-000009",
        "source_slot_utc": "2026-09-21T04:15:00Z",
        "observation_valid_time_utc": "2026-09-21T04:15:00Z",
        "observed_centroid_lon_lat": [
          141.66595458984375,
          38.41271038284708
        ],
        "observed_bbox_pixel": [
          183,
          599,
          199,
          618
        ],
        "observed_approx_area_km2": 42.01248190504498,
        "observed_boundary_truncated": false,
        "observed_geometry_limit": "CENTROID_ONLY_BBOX_IS_PIXEL_SPACE_NOT_GEO_POLYGON",
        "lpz_forecast_generated": false,
        "kind": "RESEARCH_POINT_MOTION_ARROW",
        "lead_from_as_of_minutes": 30,
        "target_valid_time_utc": "2026-09-21T05:00:00Z",
        "research_only": true,
        "probability": null,
        "intensity": null,
        "footprint": null,
        "affected_regions": null
      }
    },
    {
      "type": "Feature",
      "geometry": {
        "type": "Point",
        "coordinates": [
          141.95709228515625,
          38.36104152859603
        ]
      },
      "properties": {
        "research_object_id": "F3-d8329e46071ada37-000012",
        "source_slot_utc": "2026-09-21T04:15:00Z",
        "observation_valid_time_utc": "2026-09-21T04:15:00Z",
        "observed_centroid_lon_lat": [
          141.95709228515625,
          38.36104152859603
        ],
        "observed_bbox_pixel": [
          238,
          614,
          248,
          625
        ],
        "observed_approx_area_km2": 22.53065707078875,
        "observed_boundary_truncated": false,
        "observed_geometry_limit": "CENTROID_ONLY_BBOX_IS_PIXEL_SPACE_NOT_GEO_POLYGON",
        "lpz_forecast_generated": false,
        "kind": "OBSERVED_ORIGIN",
        "lead_from_as_of_minutes": 0
      }
    },
    {
      "type": "Feature",
      "geometry": {
        "type": "Point",
        "coordinates": [
          142.02302398205927,
          38.54198478257405
        ]
      },
      "properties": {
        "research_object_id": "F3-d8329e46071ada37-000012",
        "source_slot_utc": "2026-09-21T04:15:00Z",
        "observation_valid_time_utc": "2026-09-21T04:15:00Z",
        "observed_centroid_lon_lat": [
          141.95709228515625,
          38.36104152859603
        ],
        "observed_bbox_pixel": [
          238,
          614,
          248,
          625
        ],
        "observed_approx_area_km2": 22.53065707078875,
        "observed_boundary_truncated": false,
        "observed_geometry_limit": "CENTROID_ONLY_BBOX_IS_PIXEL_SPACE_NOT_GEO_POLYGON",
        "lpz_forecast_generated": false,
        "kind": "RESEARCH_POINT_EXTRAPOLATION",
        "lead_from_as_of_minutes": 15,
        "target_valid_time_utc": "2026-09-21T04:45:00Z",
        "research_only": true,
        "probability": null,
        "intensity": null,
        "footprint": null,
        "affected_regions": null
      }
    },
    {
      "type": "Feature",
      "geometry": {
        "type": "LineString",
        "coordinates": [
          [
            141.95709228515625,
            38.36104152859603
          ],
          [
            142.02302398205927,
            38.54198478257405
          ]
        ]
      },
      "properties": {
        "research_object_id": "F3-d8329e46071ada37-000012",
        "source_slot_utc": "2026-09-21T04:15:00Z",
        "observation_valid_time_utc": "2026-09-21T04:15:00Z",
        "observed_centroid_lon_lat": [
          141.95709228515625,
          38.36104152859603
        ],
        "observed_bbox_pixel": [
          238,
          614,
          248,
          625
        ],
        "observed_approx_area_km2": 22.53065707078875,
        "observed_boundary_truncated": false,
        "observed_geometry_limit": "CENTROID_ONLY_BBOX_IS_PIXEL_SPACE_NOT_GEO_POLYGON",
        "lpz_forecast_generated": false,
        "kind": "RESEARCH_POINT_MOTION_ARROW",
        "lead_from_as_of_minutes": 15,
        "target_valid_time_utc": "2026-09-21T04:45:00Z",
        "research_only": true,
        "probability": null,
        "intensity": null,
        "footprint": null,
        "affected_regions": null
      }
    },
    {
      "type": "Feature",
      "geometry": {
        "type": "Point",
        "coordinates": [
          142.05598983051084,
          38.632456409563055
        ]
      },
      "properties": {
        "research_object_id": "F3-d8329e46071ada37-000012",
        "source_slot_utc": "2026-09-21T04:15:00Z",
        "observation_valid_time_utc": "2026-09-21T04:15:00Z",
        "observed_centroid_lon_lat": [
          141.95709228515625,
          38.36104152859603
        ],
        "observed_bbox_pixel": [
          238,
          614,
          248,
          625
        ],
        "observed_approx_area_km2": 22.53065707078875,
        "observed_boundary_truncated": false,
        "observed_geometry_limit": "CENTROID_ONLY_BBOX_IS_PIXEL_SPACE_NOT_GEO_POLYGON",
        "lpz_forecast_generated": false,
        "kind": "RESEARCH_POINT_EXTRAPOLATION",
        "lead_from_as_of_minutes": 30,
        "target_valid_time_utc": "2026-09-21T05:00:00Z",
        "research_only": true,
        "probability": null,
        "intensity": null,
        "footprint": null,
        "affected_regions": null
      }
    },
    {
      "type": "Feature",
      "geometry": {
        "type": "LineString",
        "coordinates": [
          [
            141.95709228515625,
            38.36104152859603
          ],
          [
            142.05598983051084,
            38.632456409563055
          ]
        ]
      },
      "properties": {
        "research_object_id": "F3-d8329e46071ada37-000012",
        "source_slot_utc": "2026-09-21T04:15:00Z",
        "observation_valid_time_utc": "2026-09-21T04:15:00Z",
        "observed_centroid_lon_lat": [
          141.95709228515625,
          38.36104152859603
        ],
        "observed_bbox_pixel": [
          238,
          614,
          248,
          625
        ],
        "observed_approx_area_km2": 22.53065707078875,
        "observed_boundary_truncated": false,
        "observed_geometry_limit": "CENTROID_ONLY_BBOX_IS_PIXEL_SPACE_NOT_GEO_POLYGON",
        "lpz_forecast_generated": false,
        "kind": "RESEARCH_POINT_MOTION_ARROW",
        "lead_from_as_of_minutes": 30,
        "target_valid_time_utc": "2026-09-21T05:00:00Z",
        "research_only": true,
        "probability": null,
        "intensity": null,
        "footprint": null,
        "affected_regions": null
      }
    },
    {
      "type": "Feature",
      "geometry": {
        "type": "Point",
        "coordinates": [
          140.80902099609375,
          37.29372052022869
        ]
      },
      "properties": {
        "research_object_id": "F3-d8329e46071ada37-000014",
        "source_slot_utc": "2026-09-21T04:15:00Z",
        "observation_valid_time_utc": "2026-09-21T04:15:00Z",
        "observed_centroid_lon_lat": [
          140.80902099609375,
          37.29372052022869
        ],
        "observed_bbox_pixel": [
          31,
          864,
          36,
          869
        ],
        "observed_approx_area_km2": 6.152970506338207,
        "observed_boundary_truncated": false,
        "observed_geometry_limit": "CENTROID_ONLY_BBOX_IS_PIXEL_SPACE_NOT_GEO_POLYGON",
        "lpz_forecast_generated": false,
        "kind": "OBSERVED_ORIGIN",
        "lead_from_as_of_minutes": 0
      }
    },
    {
      "type": "Feature",
      "geometry": {
        "type": "Point",
        "coordinates": [
          140.74310302734375,
          37.29372052022869
        ]
      },
      "properties": {
        "research_object_id": "F3-d8329e46071ada37-000014",
        "source_slot_utc": "2026-09-21T04:15:00Z",
        "observation_valid_time_utc": "2026-09-21T04:15:00Z",
        "observed_centroid_lon_lat": [
          140.80902099609375,
          37.29372052022869
        ],
        "observed_bbox_pixel": [
          31,
          864,
          36,
          869
        ],
        "observed_approx_area_km2": 6.152970506338207,
        "observed_boundary_truncated": false,
        "observed_geometry_limit": "CENTROID_ONLY_BBOX_IS_PIXEL_SPACE_NOT_GEO_POLYGON",
        "lpz_forecast_generated": false,
        "kind": "RESEARCH_POINT_EXTRAPOLATION",
        "lead_from_as_of_minutes": 15,
        "target_valid_time_utc": "2026-09-21T04:45:00Z",
        "research_only": true,
        "probability": null,
        "intensity": null,
        "footprint": null,
        "affected_regions": null
      }
    },
    {
      "type": "Feature",
      "geometry": {
        "type": "LineString",
        "coordinates": [
          [
            140.80902099609375,
            37.29372052022869
          ],
          [
            140.74310302734375,
            37.29372052022869
          ]
        ]
      },
      "properties": {
        "research_object_id": "F3-d8329e46071ada37-000014",
        "source_slot_utc": "2026-09-21T04:15:00Z",
        "observation_valid_time_utc": "2026-09-21T04:15:00Z",
        "observed_centroid_lon_lat": [
          140.80902099609375,
          37.29372052022869
        ],
        "observed_bbox_pixel": [
          31,
          864,
          36,
          869
        ],
        "observed_approx_area_km2": 6.152970506338207,
        "observed_boundary_truncated": false,
        "observed_geometry_limit": "CENTROID_ONLY_BBOX_IS_PIXEL_SPACE_NOT_GEO_POLYGON",
        "lpz_forecast_generated": false,
        "kind": "RESEARCH_POINT_MOTION_ARROW",
        "lead_from_as_of_minutes": 15,
        "target_valid_time_utc": "2026-09-21T04:45:00Z",
        "research_only": true,
        "probability": null,
        "intensity": null,
        "footprint": null,
        "affected_regions": null
      }
    },
    {
      "type": "Feature",
      "geometry": {
        "type": "Point",
        "coordinates": [
          140.71014404296875,
          37.29372052022869
        ]
      },
      "properties": {
        "research_object_id": "F3-d8329e46071ada37-000014",
        "source_slot_utc": "2026-09-21T04:15:00Z",
        "observation_valid_time_utc": "2026-09-21T04:15:00Z",
        "observed_centroid_lon_lat": [
          140.80902099609375,
          37.29372052022869
        ],
        "observed_bbox_pixel": [
          31,
          864,
          36,
          869
        ],
        "observed_approx_area_km2": 6.152970506338207,
        "observed_boundary_truncated": false,
        "observed_geometry_limit": "CENTROID_ONLY_BBOX_IS_PIXEL_SPACE_NOT_GEO_POLYGON",
        "lpz_forecast_generated": false,
        "kind": "RESEARCH_POINT_EXTRAPOLATION",
        "lead_from_as_of_minutes": 30,
        "target_valid_time_utc": "2026-09-21T05:00:00Z",
        "research_only": true,
        "probability": null,
        "intensity": null,
        "footprint": null,
        "affected_regions": null
      }
    },
    {
      "type": "Feature",
      "geometry": {
        "type": "LineString",
        "coordinates": [
          [
            140.80902099609375,
            37.29372052022869
          ],
          [
            140.71014404296875,
            37.29372052022869
          ]
        ]
      },
      "properties": {
        "research_object_id": "F3-d8329e46071ada37-000014",
        "source_slot_utc": "2026-09-21T04:15:00Z",
        "observation_valid_time_utc": "2026-09-21T04:15:00Z",
        "observed_centroid_lon_lat": [
          140.80902099609375,
          37.29372052022869
        ],
        "observed_bbox_pixel": [
          31,
          864,
          36,
          869
        ],
        "observed_approx_area_km2": 6.152970506338207,
        "observed_boundary_truncated": false,
        "observed_geometry_limit": "CENTROID_ONLY_BBOX_IS_PIXEL_SPACE_NOT_GEO_POLYGON",
        "lpz_forecast_generated": false,
        "kind": "RESEARCH_POINT_MOTION_ARROW",
        "lead_from_as_of_minutes": 30,
        "target_valid_time_utc": "2026-09-21T05:00:00Z",
        "research_only": true,
        "probability": null,
        "intensity": null,
        "footprint": null,
        "affected_regions": null
      }
    },
    {
      "type": "Feature",
      "geometry": {
        "type": "Point",
        "coordinates": [
          141.76483154296875,
          38.507340712903456
        ]
      },
      "properties": {
        "research_object_id": "F3-d8329e46071ada37-000015",
        "source_slot_utc": "2026-09-21T04:15:00Z",
        "observation_valid_time_utc": "2026-09-21T04:15:00Z",
        "observed_centroid_lon_lat": [
          141.76483154296875,
          38.507340712903456
        ],
        "observed_bbox_pixel": [
          207,
          585,
          208,
          587
        ],
        "observed_approx_area_km2": 1.1448742212197285,
        "observed_boundary_truncated": false,
        "observed_geometry_limit": "CENTROID_ONLY_BBOX_IS_PIXEL_SPACE_NOT_GEO_POLYGON",
        "lpz_forecast_generated": false,
        "kind": "OBSERVED_ORIGIN",
        "lead_from_as_of_minutes": 0
      }
    },
    {
      "type": "Feature",
      "geometry": {
        "type": "Point",
        "coordinates": [
          141.7977895436486,
          38.4815501415725
        ]
      },
      "properties": {
        "research_object_id": "F3-d8329e46071ada37-000015",
        "source_slot_utc": "2026-09-21T04:15:00Z",
        "observation_valid_time_utc": "2026-09-21T04:15:00Z",
        "observed_centroid_lon_lat": [
          141.76483154296875,
          38.507340712903456
        ],
        "observed_bbox_pixel": [
          207,
          585,
          208,
          587
        ],
        "observed_approx_area_km2": 1.1448742212197285,
        "observed_boundary_truncated": false,
        "observed_geometry_limit": "CENTROID_ONLY_BBOX_IS_PIXEL_SPACE_NOT_GEO_POLYGON",
        "lpz_forecast_generated": false,
        "kind": "RESEARCH_POINT_EXTRAPOLATION",
        "lead_from_as_of_minutes": 15,
        "target_valid_time_utc": "2026-09-21T04:45:00Z",
        "research_only": true,
        "probability": null,
        "intensity": null,
        "footprint": null,
        "affected_regions": null
      }
    },
    {
      "type": "Feature",
      "geometry": {
        "type": "LineString",
        "coordinates": [
          [
            141.76483154296875,
            38.507340712903456
          ],
          [
            141.7977895436486,
            38.4815501415725
          ]
        ]
      },
      "properties": {
        "research_object_id": "F3-d8329e46071ada37-000015",
        "source_slot_utc": "2026-09-21T04:15:00Z",
        "observation_valid_time_utc": "2026-09-21T04:15:00Z",
        "observed_centroid_lon_lat": [
          141.76483154296875,
          38.507340712903456
        ],
        "observed_bbox_pixel": [
          207,
          585,
          208,
          587
        ],
        "observed_approx_area_km2": 1.1448742212197285,
        "observed_boundary_truncated": false,
        "observed_geometry_limit": "CENTROID_ONLY_BBOX_IS_PIXEL_SPACE_NOT_GEO_POLYGON",
        "lpz_forecast_generated": false,
        "kind": "RESEARCH_POINT_MOTION_ARROW",
        "lead_from_as_of_minutes": 15,
        "target_valid_time_utc": "2026-09-21T04:45:00Z",
        "research_only": true,
        "probability": null,
        "intensity": null,
        "footprint": null,
        "affected_regions": null
      }
    },
    {
      "type": "Feature",
      "geometry": {
        "type": "Point",
        "coordinates": [
          141.81426854398848,
          38.46865485590702
        ]
      },
      "properties": {
        "research_object_id": "F3-d8329e46071ada37-000015",
        "source_slot_utc": "2026-09-21T04:15:00Z",
        "observation_valid_time_utc": "2026-09-21T04:15:00Z",
        "observed_centroid_lon_lat": [
          141.76483154296875,
          38.507340712903456
        ],
        "observed_bbox_pixel": [
          207,
          585,
          208,
          587
        ],
        "observed_approx_area_km2": 1.1448742212197285,
        "observed_boundary_truncated": false,
        "observed_geometry_limit": "CENTROID_ONLY_BBOX_IS_PIXEL_SPACE_NOT_GEO_POLYGON",
        "lpz_forecast_generated": false,
        "kind": "RESEARCH_POINT_EXTRAPOLATION",
        "lead_from_as_of_minutes": 30,
        "target_valid_time_utc": "2026-09-21T05:00:00Z",
        "research_only": true,
        "probability": null,
        "intensity": null,
        "footprint": null,
        "affected_regions": null
      }
    },
    {
      "type": "Feature",
      "geometry": {
        "type": "LineString",
        "coordinates": [
          [
            141.76483154296875,
            38.507340712903456
          ],
          [
            141.81426854398848,
            38.46865485590702
          ]
        ]
      },
      "properties": {
        "research_object_id": "F3-d8329e46071ada37-000015",
        "source_slot_utc": "2026-09-21T04:15:00Z",
        "observation_valid_time_utc": "2026-09-21T04:15:00Z",
        "observed_centroid_lon_lat": [
          141.76483154296875,
          38.507340712903456
        ],
        "observed_bbox_pixel": [
          207,
          585,
          208,
          587
        ],
        "observed_approx_area_km2": 1.1448742212197285,
        "observed_boundary_truncated": false,
        "observed_geometry_limit": "CENTROID_ONLY_BBOX_IS_PIXEL_SPACE_NOT_GEO_POLYGON",
        "lpz_forecast_generated": false,
        "kind": "RESEARCH_POINT_MOTION_ARROW",
        "lead_from_as_of_minutes": 30,
        "target_valid_time_utc": "2026-09-21T05:00:00Z",
        "research_only": true,
        "probability": null,
        "intensity": null,
        "footprint": null,
        "affected_regions": null
      }
    },
    {
      "type": "Feature",
      "geometry": {
        "type": "Point",
        "coordinates": [
          141.51763916015625,
          38.38688056984748
        ]
      },
      "properties": {
        "research_object_id": "F3-d8329e46071ada37-000017",
        "source_slot_utc": "2026-09-21T04:15:00Z",
        "observation_valid_time_utc": "2026-09-21T04:15:00Z",
        "observed_centroid_lon_lat": [
          141.51763916015625,
          38.38688056984748
        ],
        "observed_bbox_pixel": [
          162,
          613,
          163,
          614
        ],
        "observed_approx_area_km2": 0.9189620879981639,
        "observed_boundary_truncated": false,
        "observed_geometry_limit": "CENTROID_ONLY_BBOX_IS_PIXEL_SPACE_NOT_GEO_POLYGON",
        "lpz_forecast_generated": false,
        "kind": "OBSERVED_ORIGIN",
        "lead_from_as_of_minutes": 0
      }
    },
    {
      "type": "Feature",
      "geometry": {
        "type": "Point",
        "coordinates": [
          141.48468017578125,
          38.38688056984748
        ]
      },
      "properties": {
        "research_object_id": "F3-d8329e46071ada37-000017",
        "source_slot_utc": "2026-09-21T04:15:00Z",
        "observation_valid_time_utc": "2026-09-21T04:15:00Z",
        "observed_centroid_lon_lat": [
          141.51763916015625,
          38.38688056984748
        ],
        "observed_bbox_pixel": [
          162,
          613,
          163,
          614
        ],
        "observed_approx_area_km2": 0.9189620879981639,
        "observed_boundary_truncated": false,
        "observed_geometry_limit": "CENTROID_ONLY_BBOX_IS_PIXEL_SPACE_NOT_GEO_POLYGON",
        "lpz_forecast_generated": false,
        "kind": "RESEARCH_POINT_EXTRAPOLATION",
        "lead_from_as_of_minutes": 15,
        "target_valid_time_utc": "2026-09-21T04:45:00Z",
        "research_only": true,
        "probability": null,
        "intensity": null,
        "footprint": null,
        "affected_regions": null
      }
    },
    {
      "type": "Feature",
      "geometry": {
        "type": "LineString",
        "coordinates": [
          [
            141.51763916015625,
            38.38688056984748
          ],
          [
            141.48468017578125,
            38.38688056984748
          ]
        ]
      },
      "properties": {
        "research_object_id": "F3-d8329e46071ada37-000017",
        "source_slot_utc": "2026-09-21T04:15:00Z",
        "observation_valid_time_utc": "2026-09-21T04:15:00Z",
        "observed_centroid_lon_lat": [
          141.51763916015625,
          38.38688056984748
        ],
        "observed_bbox_pixel": [
          162,
          613,
          163,
          614
        ],
        "observed_approx_area_km2": 0.9189620879981639,
        "observed_boundary_truncated": false,
        "observed_geometry_limit": "CENTROID_ONLY_BBOX_IS_PIXEL_SPACE_NOT_GEO_POLYGON",
        "lpz_forecast_generated": false,
        "kind": "RESEARCH_POINT_MOTION_ARROW",
        "lead_from_as_of_minutes": 15,
        "target_valid_time_utc": "2026-09-21T04:45:00Z",
        "research_only": true,
        "probability": null,
        "intensity": null,
        "footprint": null,
        "affected_regions": null
      }
    },
    {
      "type": "Feature",
      "geometry": {
        "type": "Point",
        "coordinates": [
          141.46820068359375,
          38.38688056984748
        ]
      },
      "properties": {
        "research_object_id": "F3-d8329e46071ada37-000017",
        "source_slot_utc": "2026-09-21T04:15:00Z",
        "observation_valid_time_utc": "2026-09-21T04:15:00Z",
        "observed_centroid_lon_lat": [
          141.51763916015625,
          38.38688056984748
        ],
        "observed_bbox_pixel": [
          162,
          613,
          163,
          614
        ],
        "observed_approx_area_km2": 0.9189620879981639,
        "observed_boundary_truncated": false,
        "observed_geometry_limit": "CENTROID_ONLY_BBOX_IS_PIXEL_SPACE_NOT_GEO_POLYGON",
        "lpz_forecast_generated": false,
        "kind": "RESEARCH_POINT_EXTRAPOLATION",
        "lead_from_as_of_minutes": 30,
        "target_valid_time_utc": "2026-09-21T05:00:00Z",
        "research_only": true,
        "probability": null,
        "intensity": null,
        "footprint": null,
        "affected_regions": null
      }
    },
    {
      "type": "Feature",
      "geometry": {
        "type": "LineString",
        "coordinates": [
          [
            141.51763916015625,
            38.38688056984748
          ],
          [
            141.46820068359375,
            38.38688056984748
          ]
        ]
      },
      "properties": {
        "research_object_id": "F3-d8329e46071ada37-000017",
        "source_slot_utc": "2026-09-21T04:15:00Z",
        "observation_valid_time_utc": "2026-09-21T04:15:00Z",
        "observed_centroid_lon_lat": [
          141.51763916015625,
          38.38688056984748
        ],
        "observed_bbox_pixel": [
          162,
          613,
          163,
          614
        ],
        "observed_approx_area_km2": 0.9189620879981639,
        "observed_boundary_truncated": false,
        "observed_geometry_limit": "CENTROID_ONLY_BBOX_IS_PIXEL_SPACE_NOT_GEO_POLYGON",
        "lpz_forecast_generated": false,
        "kind": "RESEARCH_POINT_MOTION_ARROW",
        "lead_from_as_of_minutes": 30,
        "target_valid_time_utc": "2026-09-21T05:00:00Z",
        "research_only": true,
        "probability": null,
        "intensity": null,
        "footprint": null,
        "affected_regions": null
      }
    },
    {
      "type": "Feature",
      "geometry": {
        "type": "Point",
        "coordinates": [
          141.68243408203125,
          38.11511075571718
        ]
      },
      "properties": {
        "research_object_id": "F3-ea483ba62fb7ec9c-000000",
        "source_slot_utc": "2026-09-21T04:30:00Z",
        "observation_valid_time_utc": "2026-09-21T04:30:00Z",
        "observed_centroid_lon_lat": [
          141.68243408203125,
          38.11511075571718
        ],
        "observed_bbox_pixel": [
          165,
          635,
          219,
          720
        ],
        "observed_approx_area_km2": 423.1183248719847,
        "observed_boundary_truncated": false,
        "observed_geometry_limit": "CENTROID_ONLY_BBOX_IS_PIXEL_SPACE_NOT_GEO_POLYGON",
        "lpz_forecast_generated": false,
        "kind": "OBSERVED_ORIGIN",
        "lead_from_as_of_minutes": 0
      }
    },
    {
      "type": "Feature",
      "geometry": {
        "type": "Point",
        "coordinates": [
          141.68243408203125,
          38.2707256636416
        ]
      },
      "properties": {
        "research_object_id": "F3-ea483ba62fb7ec9c-000000",
        "source_slot_utc": "2026-09-21T04:30:00Z",
        "observation_valid_time_utc": "2026-09-21T04:30:00Z",
        "observed_centroid_lon_lat": [
          141.68243408203125,
          38.11511075571718
        ],
        "observed_bbox_pixel": [
          165,
          635,
          219,
          720
        ],
        "observed_approx_area_km2": 423.1183248719847,
        "observed_boundary_truncated": false,
        "observed_geometry_limit": "CENTROID_ONLY_BBOX_IS_PIXEL_SPACE_NOT_GEO_POLYGON",
        "lpz_forecast_generated": false,
        "kind": "RESEARCH_POINT_EXTRAPOLATION",
        "lead_from_as_of_minutes": 15,
        "target_valid_time_utc": "2026-09-21T05:00:00Z",
        "research_only": true,
        "probability": null,
        "intensity": null,
        "footprint": null,
        "affected_regions": null
      }
    },
    {
      "type": "Feature",
      "geometry": {
        "type": "LineString",
        "coordinates": [
          [
            141.68243408203125,
            38.11511075571718
          ],
          [
            141.68243408203125,
            38.2707256636416
          ]
        ]
      },
      "properties": {
        "research_object_id": "F3-ea483ba62fb7ec9c-000000",
        "source_slot_utc": "2026-09-21T04:30:00Z",
        "observation_valid_time_utc": "2026-09-21T04:30:00Z",
        "observed_centroid_lon_lat": [
          141.68243408203125,
          38.11511075571718
        ],
        "observed_bbox_pixel": [
          165,
          635,
          219,
          720
        ],
        "observed_approx_area_km2": 423.1183248719847,
        "observed_boundary_truncated": false,
        "observed_geometry_limit": "CENTROID_ONLY_BBOX_IS_PIXEL_SPACE_NOT_GEO_POLYGON",
        "lpz_forecast_generated": false,
        "kind": "RESEARCH_POINT_MOTION_ARROW",
        "lead_from_as_of_minutes": 15,
        "target_valid_time_utc": "2026-09-21T05:00:00Z",
        "research_only": true,
        "probability": null,
        "intensity": null,
        "footprint": null,
        "affected_regions": null
      }
    },
    {
      "type": "Feature",
      "geometry": {
        "type": "Point",
        "coordinates": [
          141.68243408203125,
          38.34853311760381
        ]
      },
      "properties": {
        "research_object_id": "F3-ea483ba62fb7ec9c-000000",
        "source_slot_utc": "2026-09-21T04:30:00Z",
        "observation_valid_time_utc": "2026-09-21T04:30:00Z",
        "observed_centroid_lon_lat": [
          141.68243408203125,
          38.11511075571718
        ],
        "observed_bbox_pixel": [
          165,
          635,
          219,
          720
        ],
        "observed_approx_area_km2": 423.1183248719847,
        "observed_boundary_truncated": false,
        "observed_geometry_limit": "CENTROID_ONLY_BBOX_IS_PIXEL_SPACE_NOT_GEO_POLYGON",
        "lpz_forecast_generated": false,
        "kind": "RESEARCH_POINT_EXTRAPOLATION",
        "lead_from_as_of_minutes": 30,
        "target_valid_time_utc": "2026-09-21T05:15:00Z",
        "research_only": true,
        "probability": null,
        "intensity": null,
        "footprint": null,
        "affected_regions": null
      }
    },
    {
      "type": "Feature",
      "geometry": {
        "type": "LineString",
        "coordinates": [
          [
            141.68243408203125,
            38.11511075571718
          ],
          [
            141.68243408203125,
            38.34853311760381
          ]
        ]
      },
      "properties": {
        "research_object_id": "F3-ea483ba62fb7ec9c-000000",
        "source_slot_utc": "2026-09-21T04:30:00Z",
        "observation_valid_time_utc": "2026-09-21T04:30:00Z",
        "observed_centroid_lon_lat": [
          141.68243408203125,
          38.11511075571718
        ],
        "observed_bbox_pixel": [
          165,
          635,
          219,
          720
        ],
        "observed_approx_area_km2": 423.1183248719847,
        "observed_boundary_truncated": false,
        "observed_geometry_limit": "CENTROID_ONLY_BBOX_IS_PIXEL_SPACE_NOT_GEO_POLYGON",
        "lpz_forecast_generated": false,
        "kind": "RESEARCH_POINT_MOTION_ARROW",
        "lead_from_as_of_minutes": 30,
        "target_valid_time_utc": "2026-09-21T05:15:00Z",
        "research_only": true,
        "probability": null,
        "intensity": null,
        "footprint": null,
        "affected_regions": null
      }
    },
    {
      "type": "Feature",
      "geometry": {
        "type": "Point",
        "coordinates": [
          141.70989990234375,
          38.49444388772505
        ]
      },
      "properties": {
        "research_object_id": "F3-ea483ba62fb7ec9c-000001",
        "source_slot_utc": "2026-09-21T04:30:00Z",
        "observation_valid_time_utc": "2026-09-21T04:30:00Z",
        "observed_centroid_lon_lat": [
          141.70989990234375,
          38.49444388772505
        ],
        "observed_bbox_pixel": [
          180,
          576,
          213,
          600
        ],
        "observed_approx_area_km2": 114.5284278757037,
        "observed_boundary_truncated": false,
        "observed_geometry_limit": "CENTROID_ONLY_BBOX_IS_PIXEL_SPACE_NOT_GEO_POLYGON",
        "lpz_forecast_generated": false,
        "kind": "OBSERVED_ORIGIN",
        "lead_from_as_of_minutes": 0
      }
    },
    {
      "type": "Feature",
      "geometry": {
        "type": "Point",
        "coordinates": [
          141.77582967261185,
          38.64924735191226
        ]
      },
      "properties": {
        "research_object_id": "F3-ea483ba62fb7ec9c-000001",
        "source_slot_utc": "2026-09-21T04:30:00Z",
        "observation_valid_time_utc": "2026-09-21T04:30:00Z",
        "observed_centroid_lon_lat": [
          141.70989990234375,
          38.49444388772505
        ],
        "observed_bbox_pixel": [
          180,
          576,
          213,
          600
        ],
        "observed_approx_area_km2": 114.5284278757037,
        "observed_boundary_truncated": false,
        "observed_geometry_limit": "CENTROID_ONLY_BBOX_IS_PIXEL_SPACE_NOT_GEO_POLYGON",
        "lpz_forecast_generated": false,
        "kind": "RESEARCH_POINT_EXTRAPOLATION",
        "lead_from_as_of_minutes": 15,
        "target_valid_time_utc": "2026-09-21T05:00:00Z",
        "research_only": true,
        "probability": null,
        "intensity": null,
        "footprint": null,
        "affected_regions": null
      }
    },
    {
      "type": "Feature",
      "geometry": {
        "type": "LineString",
        "coordinates": [
          [
            141.70989990234375,
            38.49444388772505
          ],
          [
            141.77582967261185,
            38.64924735191226
          ]
        ]
      },
      "properties": {
        "research_object_id": "F3-ea483ba62fb7ec9c-000001",
        "source_slot_utc": "2026-09-21T04:30:00Z",
        "observation_valid_time_utc": "2026-09-21T04:30:00Z",
        "observed_centroid_lon_lat": [
          141.70989990234375,
          38.49444388772505
        ],
        "observed_bbox_pixel": [
          180,
          576,
          213,
          600
        ],
        "observed_approx_area_km2": 114.5284278757037,
        "observed_boundary_truncated": false,
        "observed_geometry_limit": "CENTROID_ONLY_BBOX_IS_PIXEL_SPACE_NOT_GEO_POLYGON",
        "lpz_forecast_generated": false,
        "kind": "RESEARCH_POINT_MOTION_ARROW",
        "lead_from_as_of_minutes": 15,
        "target_valid_time_utc": "2026-09-21T05:00:00Z",
        "research_only": true,
        "probability": null,
        "intensity": null,
        "footprint": null,
        "affected_regions": null
      }
    },
    {
      "type": "Feature",
      "geometry": {
        "type": "Point",
        "coordinates": [
          141.80879455774595,
          38.726649084005864
        ]
      },
      "properties": {
        "research_object_id": "F3-ea483ba62fb7ec9c-000001",
        "source_slot_utc": "2026-09-21T04:30:00Z",
        "observation_valid_time_utc": "2026-09-21T04:30:00Z",
        "observed_centroid_lon_lat": [
          141.70989990234375,
          38.49444388772505
        ],
        "observed_bbox_pixel": [
          180,
          576,
          213,
          600
        ],
        "observed_approx_area_km2": 114.5284278757037,
        "observed_boundary_truncated": false,
        "observed_geometry_limit": "CENTROID_ONLY_BBOX_IS_PIXEL_SPACE_NOT_GEO_POLYGON",
        "lpz_forecast_generated": false,
        "kind": "RESEARCH_POINT_EXTRAPOLATION",
        "lead_from_as_of_minutes": 30,
        "target_valid_time_utc": "2026-09-21T05:15:00Z",
        "research_only": true,
        "probability": null,
        "intensity": null,
        "footprint": null,
        "affected_regions": null
      }
    },
    {
      "type": "Feature",
      "geometry": {
        "type": "LineString",
        "coordinates": [
          [
            141.70989990234375,
            38.49444388772505
          ],
          [
            141.80879455774595,
            38.726649084005864
          ]
        ]
      },
      "properties": {
        "research_object_id": "F3-ea483ba62fb7ec9c-000001",
        "source_slot_utc": "2026-09-21T04:30:00Z",
        "observation_valid_time_utc": "2026-09-21T04:30:00Z",
        "observed_centroid_lon_lat": [
          141.70989990234375,
          38.49444388772505
        ],
        "observed_bbox_pixel": [
          180,
          576,
          213,
          600
        ],
        "observed_approx_area_km2": 114.5284278757037,
        "observed_boundary_truncated": false,
        "observed_geometry_limit": "CENTROID_ONLY_BBOX_IS_PIXEL_SPACE_NOT_GEO_POLYGON",
        "lpz_forecast_generated": false,
        "kind": "RESEARCH_POINT_MOTION_ARROW",
        "lead_from_as_of_minutes": 30,
        "target_valid_time_utc": "2026-09-21T05:15:00Z",
        "research_only": true,
        "probability": null,
        "intensity": null,
        "footprint": null,
        "affected_regions": null
      }
    },
    {
      "type": "Feature",
      "geometry": {
        "type": "Point",
        "coordinates": [
          140.74310302734375,
          36.82027895130875
        ]
      },
      "properties": {
        "research_object_id": "F3-ea483ba62fb7ec9c-000002",
        "source_slot_utc": "2026-09-21T04:30:00Z",
        "observation_valid_time_utc": "2026-09-21T04:30:00Z",
        "observed_centroid_lon_lat": [
          140.74310302734375,
          36.82027895130875
        ],
        "observed_bbox_pixel": [
          13,
          962,
          35,
          984
        ],
        "observed_approx_area_km2": 57.98912403604203,
        "observed_boundary_truncated": false,
        "observed_geometry_limit": "CENTROID_ONLY_BBOX_IS_PIXEL_SPACE_NOT_GEO_POLYGON",
        "lpz_forecast_generated": false,
        "kind": "OBSERVED_ORIGIN",
        "lead_from_as_of_minutes": 0
      }
    },
    {
      "type": "Feature",
      "geometry": {
        "type": "Point",
        "coordinates": [
          140.71014025541808,
          36.92582829161327
        ]
      },
      "properties": {
        "research_object_id": "F3-ea483ba62fb7ec9c-000002",
        "source_slot_utc": "2026-09-21T04:30:00Z",
        "observation_valid_time_utc": "2026-09-21T04:30:00Z",
        "observed_centroid_lon_lat": [
          140.74310302734375,
          36.82027895130875
        ],
        "observed_bbox_pixel": [
          13,
          962,
          35,
          984
        ],
        "observed_approx_area_km2": 57.98912403604203,
        "observed_boundary_truncated": false,
        "observed_geometry_limit": "CENTROID_ONLY_BBOX_IS_PIXEL_SPACE_NOT_GEO_POLYGON",
        "lpz_forecast_generated": false,
        "kind": "RESEARCH_POINT_EXTRAPOLATION",
        "lead_from_as_of_minutes": 15,
        "target_valid_time_utc": "2026-09-21T05:00:00Z",
        "research_only": true,
        "probability": null,
        "intensity": null,
        "footprint": null,
        "affected_regions": null
      }
    },
    {
      "type": "Feature",
      "geometry": {
        "type": "LineString",
        "coordinates": [
          [
            140.74310302734375,
            36.82027895130875
          ],
          [
            140.71014025541808,
            36.92582829161327
          ]
        ]
      },
      "properties": {
        "research_object_id": "F3-ea483ba62fb7ec9c-000002",
        "source_slot_utc": "2026-09-21T04:30:00Z",
        "observation_valid_time_utc": "2026-09-21T04:30:00Z",
        "observed_centroid_lon_lat": [
          140.74310302734375,
          36.82027895130875
        ],
        "observed_bbox_pixel": [
          13,
          962,
          35,
          984
        ],
        "observed_approx_area_km2": 57.98912403604203,
        "observed_boundary_truncated": false,
        "observed_geometry_limit": "CENTROID_ONLY_BBOX_IS_PIXEL_SPACE_NOT_GEO_POLYGON",
        "lpz_forecast_generated": false,
        "kind": "RESEARCH_POINT_MOTION_ARROW",
        "lead_from_as_of_minutes": 15,
        "target_valid_time_utc": "2026-09-21T05:00:00Z",
        "research_only": true,
        "probability": null,
        "intensity": null,
        "footprint": null,
        "affected_regions": null
      }
    },
    {
      "type": "Feature",
      "geometry": {
        "type": "Point",
        "coordinates": [
          140.69365886945525,
          36.97860296176553
        ]
      },
      "properties": {
        "research_object_id": "F3-ea483ba62fb7ec9c-000002",
        "source_slot_utc": "2026-09-21T04:30:00Z",
        "observation_valid_time_utc": "2026-09-21T04:30:00Z",
        "observed_centroid_lon_lat": [
          140.74310302734375,
          36.82027895130875
        ],
        "observed_bbox_pixel": [
          13,
          962,
          35,
          984
        ],
        "observed_approx_area_km2": 57.98912403604203,
        "observed_boundary_truncated": false,
        "observed_geometry_limit": "CENTROID_ONLY_BBOX_IS_PIXEL_SPACE_NOT_GEO_POLYGON",
        "lpz_forecast_generated": false,
        "kind": "RESEARCH_POINT_EXTRAPOLATION",
        "lead_from_as_of_minutes": 30,
        "target_valid_time_utc": "2026-09-21T05:15:00Z",
        "research_only": true,
        "probability": null,
        "intensity": null,
        "footprint": null,
        "affected_regions": null
      }
    },
    {
      "type": "Feature",
      "geometry": {
        "type": "LineString",
        "coordinates": [
          [
            140.74310302734375,
            36.82027895130875
          ],
          [
            140.69365886945525,
            36.97860296176553
          ]
        ]
      },
      "properties": {
        "research_object_id": "F3-ea483ba62fb7ec9c-000002",
        "source_slot_utc": "2026-09-21T04:30:00Z",
        "observation_valid_time_utc": "2026-09-21T04:30:00Z",
        "observed_centroid_lon_lat": [
          140.74310302734375,
          36.82027895130875
        ],
        "observed_bbox_pixel": [
          13,
          962,
          35,
          984
        ],
        "observed_approx_area_km2": 57.98912403604203,
        "observed_boundary_truncated": false,
        "observed_geometry_limit": "CENTROID_ONLY_BBOX_IS_PIXEL_SPACE_NOT_GEO_POLYGON",
        "lpz_forecast_generated": false,
        "kind": "RESEARCH_POINT_MOTION_ARROW",
        "lead_from_as_of_minutes": 30,
        "target_valid_time_utc": "2026-09-21T05:15:00Z",
        "research_only": true,
        "probability": null,
        "intensity": null,
        "footprint": null,
        "affected_regions": null
      }
    },
    {
      "type": "Feature",
      "geometry": {
        "type": "Point",
        "coordinates": [
          142.47894287109375,
          37.31993613728423
        ]
      },
      "properties": {
        "research_object_id": "F3-ea483ba62fb7ec9c-000006",
        "source_slot_utc": "2026-09-21T04:30:00Z",
        "observation_valid_time_utc": "2026-09-21T04:30:00Z",
        "observed_centroid_lon_lat": [
          142.47894287109375,
          37.31993613728423
        ],
        "observed_bbox_pixel": [
          332,
          854,
          343,
          864
        ],
        "observed_approx_area_km2": 12.770338701590667,
        "observed_boundary_truncated": false,
        "observed_geometry_limit": "CENTROID_ONLY_BBOX_IS_PIXEL_SPACE_NOT_GEO_POLYGON",
        "lpz_forecast_generated": false,
        "kind": "OBSERVED_ORIGIN",
        "lead_from_as_of_minutes": 0
      }
    },
    {
      "type": "Feature",
      "geometry": {
        "type": "Point",
        "coordinates": [
          142.44597813936196,
          37.47722983961748
        ]
      },
      "properties": {
        "research_object_id": "F3-ea483ba62fb7ec9c-000006",
        "source_slot_utc": "2026-09-21T04:30:00Z",
        "observation_valid_time_utc": "2026-09-21T04:30:00Z",
        "observed_centroid_lon_lat": [
          142.47894287109375,
          37.31993613728423
        ],
        "observed_bbox_pixel": [
          332,
          854,
          343,
          864
        ],
        "observed_approx_area_km2": 12.770338701590667,
        "observed_boundary_truncated": false,
        "observed_geometry_limit": "CENTROID_ONLY_BBOX_IS_PIXEL_SPACE_NOT_GEO_POLYGON",
        "lpz_forecast_generated": false,
        "kind": "RESEARCH_POINT_EXTRAPOLATION",
        "lead_from_as_of_minutes": 15,
        "target_valid_time_utc": "2026-09-21T05:00:00Z",
        "research_only": true,
        "probability": null,
        "intensity": null,
        "footprint": null,
        "affected_regions": null
      }
    },
    {
      "type": "Feature",
      "geometry": {
        "type": "LineString",
        "coordinates": [
          [
            142.47894287109375,
            37.31993613728423
          ],
          [
            142.44597813936196,
            37.47722983961748
          ]
        ]
      },
      "properties": {
        "research_object_id": "F3-ea483ba62fb7ec9c-000006",
        "source_slot_utc": "2026-09-21T04:30:00Z",
        "observation_valid_time_utc": "2026-09-21T04:30:00Z",
        "observed_centroid_lon_lat": [
          142.47894287109375,
          37.31993613728423
        ],
        "observed_bbox_pixel": [
          332,
          854,
          343,
          864
        ],
        "observed_approx_area_km2": 12.770338701590667,
        "observed_boundary_truncated": false,
        "observed_geometry_limit": "CENTROID_ONLY_BBOX_IS_PIXEL_SPACE_NOT_GEO_POLYGON",
        "lpz_forecast_generated": false,
        "kind": "RESEARCH_POINT_MOTION_ARROW",
        "lead_from_as_of_minutes": 15,
        "target_valid_time_utc": "2026-09-21T05:00:00Z",
        "research_only": true,
        "probability": null,
        "intensity": null,
        "footprint": null,
        "affected_regions": null
      }
    },
    {
      "type": "Feature",
      "geometry": {
        "type": "Point",
        "coordinates": [
          142.429495773496,
          37.5558766907841
        ]
      },
      "properties": {
        "research_object_id": "F3-ea483ba62fb7ec9c-000006",
        "source_slot_utc": "2026-09-21T04:30:00Z",
        "observation_valid_time_utc": "2026-09-21T04:30:00Z",
        "observed_centroid_lon_lat": [
          142.47894287109375,
          37.31993613728423
        ],
        "observed_bbox_pixel": [
          332,
          854,
          343,
          864
        ],
        "observed_approx_area_km2": 12.770338701590667,
        "observed_boundary_truncated": false,
        "observed_geometry_limit": "CENTROID_ONLY_BBOX_IS_PIXEL_SPACE_NOT_GEO_POLYGON",
        "lpz_forecast_generated": false,
        "kind": "RESEARCH_POINT_EXTRAPOLATION",
        "lead_from_as_of_minutes": 30,
        "target_valid_time_utc": "2026-09-21T05:15:00Z",
        "research_only": true,
        "probability": null,
        "intensity": null,
        "footprint": null,
        "affected_regions": null
      }
    },
    {
      "type": "Feature",
      "geometry": {
        "type": "LineString",
        "coordinates": [
          [
            142.47894287109375,
            37.31993613728423
          ],
          [
            142.429495773496,
            37.5558766907841
          ]
        ]
      },
      "properties": {
        "research_object_id": "F3-ea483ba62fb7ec9c-000006",
        "source_slot_utc": "2026-09-21T04:30:00Z",
        "observation_valid_time_utc": "2026-09-21T04:30:00Z",
        "observed_centroid_lon_lat": [
          142.47894287109375,
          37.31993613728423
        ],
        "observed_bbox_pixel": [
          332,
          854,
          343,
          864
        ],
        "observed_approx_area_km2": 12.770338701590667,
        "observed_boundary_truncated": false,
        "observed_geometry_limit": "CENTROID_ONLY_BBOX_IS_PIXEL_SPACE_NOT_GEO_POLYGON",
        "lpz_forecast_generated": false,
        "kind": "RESEARCH_POINT_MOTION_ARROW",
        "lead_from_as_of_minutes": 30,
        "target_valid_time_utc": "2026-09-21T05:15:00Z",
        "research_only": true,
        "probability": null,
        "intensity": null,
        "footprint": null,
        "affected_regions": null
      }
    },
    {
      "type": "Feature",
      "geometry": {
        "type": "Point",
        "coordinates": [
          140.90240478515625,
          38.13671690413536
        ]
      },
      "properties": {
        "research_object_id": "F3-ea483ba62fb7ec9c-000007",
        "source_slot_utc": "2026-09-21T04:30:00Z",
        "observation_valid_time_utc": "2026-09-21T04:30:00Z",
        "observed_centroid_lon_lat": [
          140.90240478515625,
          38.13671690413536
        ],
        "observed_bbox_pixel": [
          44,
          667,
          55,
          677
        ],
        "observed_approx_area_km2": 15.730317543797847,
        "observed_boundary_truncated": false,
        "observed_geometry_limit": "CENTROID_ONLY_BBOX_IS_PIXEL_SPACE_NOT_GEO_POLYGON",
        "lpz_forecast_generated": false,
        "kind": "OBSERVED_ORIGIN",
        "lead_from_as_of_minutes": 0
      }
    },
    {
      "type": "Feature",
      "geometry": {
        "type": "Point",
        "coordinates": [
          140.96833836553583,
          38.34415434392698
        ]
      },
      "properties": {
        "research_object_id": "F3-ea483ba62fb7ec9c-000007",
        "source_slot_utc": "2026-09-21T04:30:00Z",
        "observation_valid_time_utc": "2026-09-21T04:30:00Z",
        "observed_centroid_lon_lat": [
          140.90240478515625,
          38.13671690413536
        ],
        "observed_bbox_pixel": [
          44,
          667,
          55,
          677
        ],
        "observed_approx_area_km2": 15.730317543797847,
        "observed_boundary_truncated": false,
        "observed_geometry_limit": "CENTROID_ONLY_BBOX_IS_PIXEL_SPACE_NOT_GEO_POLYGON",
        "lpz_forecast_generated": false,
        "kind": "RESEARCH_POINT_EXTRAPOLATION",
        "lead_from_as_of_minutes": 15,
        "target_valid_time_utc": "2026-09-21T05:00:00Z",
        "research_only": true,
        "probability": null,
        "intensity": null,
        "footprint": null,
        "affected_regions": null
      }
    },
    {
      "type": "Feature",
      "geometry": {
        "type": "LineString",
        "coordinates": [
          [
            140.90240478515625,
            38.13671690413536
          ],
          [
            140.96833836553583,
            38.34415434392698
          ]
        ]
      },
      "properties": {
        "research_object_id": "F3-ea483ba62fb7ec9c-000007",
        "source_slot_utc": "2026-09-21T04:30:00Z",
        "observation_valid_time_utc": "2026-09-21T04:30:00Z",
        "observed_centroid_lon_lat": [
          140.90240478515625,
          38.13671690413536
        ],
        "observed_bbox_pixel": [
          44,
          667,
          55,
          677
        ],
        "observed_approx_area_km2": 15.730317543797847,
        "observed_boundary_truncated": false,
        "observed_geometry_limit": "CENTROID_ONLY_BBOX_IS_PIXEL_SPACE_NOT_GEO_POLYGON",
        "lpz_forecast_generated": false,
        "kind": "RESEARCH_POINT_MOTION_ARROW",
        "lead_from_as_of_minutes": 15,
        "target_valid_time_utc": "2026-09-21T05:00:00Z",
        "research_only": true,
        "probability": null,
        "intensity": null,
        "footprint": null,
        "affected_regions": null
      }
    },
    {
      "type": "Feature",
      "geometry": {
        "type": "Point",
        "coordinates": [
          141.00130515572562,
          38.44787306382279
        ]
      },
      "properties": {
        "research_object_id": "F3-ea483ba62fb7ec9c-000007",
        "source_slot_utc": "2026-09-21T04:30:00Z",
        "observation_valid_time_utc": "2026-09-21T04:30:00Z",
        "observed_centroid_lon_lat": [
          140.90240478515625,
          38.13671690413536
        ],
        "observed_bbox_pixel": [
          44,
          667,
          55,
          677
        ],
        "observed_approx_area_km2": 15.730317543797847,
        "observed_boundary_truncated": false,
        "observed_geometry_limit": "CENTROID_ONLY_BBOX_IS_PIXEL_SPACE_NOT_GEO_POLYGON",
        "lpz_forecast_generated": false,
        "kind": "RESEARCH_POINT_EXTRAPOLATION",
        "lead_from_as_of_minutes": 30,
        "target_valid_time_utc": "2026-09-21T05:15:00Z",
        "research_only": true,
        "probability": null,
        "intensity": null,
        "footprint": null,
        "affected_regions": null
      }
    },
    {
      "type": "Feature",
      "geometry": {
        "type": "LineString",
        "coordinates": [
          [
            140.90240478515625,
            38.13671690413536
          ],
          [
            141.00130515572562,
            38.44787306382279
          ]
        ]
      },
      "properties": {
        "research_object_id": "F3-ea483ba62fb7ec9c-000007",
        "source_slot_utc": "2026-09-21T04:30:00Z",
        "observation_valid_time_utc": "2026-09-21T04:30:00Z",
        "observed_centroid_lon_lat": [
          140.90240478515625,
          38.13671690413536
        ],
        "observed_bbox_pixel": [
          44,
          667,
          55,
          677
        ],
        "observed_approx_area_km2": 15.730317543797847,
        "observed_boundary_truncated": false,
        "observed_geometry_limit": "CENTROID_ONLY_BBOX_IS_PIXEL_SPACE_NOT_GEO_POLYGON",
        "lpz_forecast_generated": false,
        "kind": "RESEARCH_POINT_MOTION_ARROW",
        "lead_from_as_of_minutes": 30,
        "target_valid_time_utc": "2026-09-21T05:15:00Z",
        "research_only": true,
        "probability": null,
        "intensity": null,
        "footprint": null,
        "affected_regions": null
      }
    },
    {
      "type": "Feature",
      "geometry": {
        "type": "Point",
        "coordinates": [
          141.91314697265625,
          38.37396220263093
        ]
      },
      "properties": {
        "research_object_id": "F3-ea483ba62fb7ec9c-000011",
        "source_slot_utc": "2026-09-21T04:30:00Z",
        "observation_valid_time_utc": "2026-09-21T04:30:00Z",
        "observed_centroid_lon_lat": [
          141.91314697265625,
          38.37396220263093
        ],
        "observed_bbox_pixel": [
          225,
          605,
          241,
          624
        ],
        "observed_approx_area_km2": 32.63480778353352,
        "observed_boundary_truncated": false,
        "observed_geometry_limit": "CENTROID_ONLY_BBOX_IS_PIXEL_SPACE_NOT_GEO_POLYGON",
        "lpz_forecast_generated": false,
        "kind": "OBSERVED_ORIGIN",
        "lead_from_as_of_minutes": 0
      }
    },
    {
      "type": "Feature",
      "geometry": {
        "type": "Point",
        "coordinates": [
          142.0449986036636,
          38.47733067041364
        ]
      },
      "properties": {
        "research_object_id": "F3-ea483ba62fb7ec9c-000011",
        "source_slot_utc": "2026-09-21T04:30:00Z",
        "observation_valid_time_utc": "2026-09-21T04:30:00Z",
        "observed_centroid_lon_lat": [
          141.91314697265625,
          38.37396220263093
        ],
        "observed_bbox_pixel": [
          225,
          605,
          241,
          624
        ],
        "observed_approx_area_km2": 32.63480778353352,
        "observed_boundary_truncated": false,
        "observed_geometry_limit": "CENTROID_ONLY_BBOX_IS_PIXEL_SPACE_NOT_GEO_POLYGON",
        "lpz_forecast_generated": false,
        "kind": "RESEARCH_POINT_EXTRAPOLATION",
        "lead_from_as_of_minutes": 15,
        "target_valid_time_utc": "2026-09-21T05:00:00Z",
        "research_only": true,
        "probability": null,
        "intensity": null,
        "footprint": null,
        "affected_regions": null
      }
    },
    {
      "type": "Feature",
      "geometry": {
        "type": "LineString",
        "coordinates": [
          [
            141.91314697265625,
            38.37396220263093
          ],
          [
            142.0449986036636,
            38.47733067041364
          ]
        ]
      },
      "properties": {
        "research_object_id": "F3-ea483ba62fb7ec9c-000011",
        "source_slot_utc": "2026-09-21T04:30:00Z",
        "observation_valid_time_utc": "2026-09-21T04:30:00Z",
        "observed_centroid_lon_lat": [
          141.91314697265625,
          38.37396220263093
        ],
        "observed_bbox_pixel": [
          225,
          605,
          241,
          624
        ],
        "observed_approx_area_km2": 32.63480778353352,
        "observed_boundary_truncated": false,
        "observed_geometry_limit": "CENTROID_ONLY_BBOX_IS_PIXEL_SPACE_NOT_GEO_POLYGON",
        "lpz_forecast_generated": false,
        "kind": "RESEARCH_POINT_MOTION_ARROW",
        "lead_from_as_of_minutes": 15,
        "target_valid_time_utc": "2026-09-21T05:00:00Z",
        "research_only": true,
        "probability": null,
        "intensity": null,
        "footprint": null,
        "affected_regions": null
      }
    },
    {
      "type": "Feature",
      "geometry": {
        "type": "Point",
        "coordinates": [
          142.1109244191673,
          38.529014904305
        ]
      },
      "properties": {
        "research_object_id": "F3-ea483ba62fb7ec9c-000011",
        "source_slot_utc": "2026-09-21T04:30:00Z",
        "observation_valid_time_utc": "2026-09-21T04:30:00Z",
        "observed_centroid_lon_lat": [
          141.91314697265625,
          38.37396220263093
        ],
        "observed_bbox_pixel": [
          225,
          605,
          241,
          624
        ],
        "observed_approx_area_km2": 32.63480778353352,
        "observed_boundary_truncated": false,
        "observed_geometry_limit": "CENTROID_ONLY_BBOX_IS_PIXEL_SPACE_NOT_GEO_POLYGON",
        "lpz_forecast_generated": false,
        "kind": "RESEARCH_POINT_EXTRAPOLATION",
        "lead_from_as_of_minutes": 30,
        "target_valid_time_utc": "2026-09-21T05:15:00Z",
        "research_only": true,
        "probability": null,
        "intensity": null,
        "footprint": null,
        "affected_regions": null
      }
    },
    {
      "type": "Feature",
      "geometry": {
        "type": "LineString",
        "coordinates": [
          [
            141.91314697265625,
            38.37396220263093
          ],
          [
            142.1109244191673,
            38.529014904305
          ]
        ]
      },
      "properties": {
        "research_object_id": "F3-ea483ba62fb7ec9c-000011",
        "source_slot_utc": "2026-09-21T04:30:00Z",
        "observation_valid_time_utc": "2026-09-21T04:30:00Z",
        "observed_centroid_lon_lat": [
          141.91314697265625,
          38.37396220263093
        ],
        "observed_bbox_pixel": [
          225,
          605,
          241,
          624
        ],
        "observed_approx_area_km2": 32.63480778353352,
        "observed_boundary_truncated": false,
        "observed_geometry_limit": "CENTROID_ONLY_BBOX_IS_PIXEL_SPACE_NOT_GEO_POLYGON",
        "lpz_forecast_generated": false,
        "kind": "RESEARCH_POINT_MOTION_ARROW",
        "lead_from_as_of_minutes": 30,
        "target_valid_time_utc": "2026-09-21T05:15:00Z",
        "research_only": true,
        "probability": null,
        "intensity": null,
        "footprint": null,
        "affected_regions": null
      }
    },
    {
      "type": "Feature",
      "geometry": {
        "type": "Point",
        "coordinates": [
          141.17156982421875,
          37.62945956107554
        ]
      },
      "properties": {
        "research_object_id": "F3-ea483ba62fb7ec9c-000017",
        "source_slot_utc": "2026-09-21T04:30:00Z",
        "observation_valid_time_utc": "2026-09-21T04:30:00Z",
        "observed_centroid_lon_lat": [
          141.17156982421875,
          37.62945956107554
        ],
        "observed_bbox_pixel": [
          98,
          787,
          101,
          790
        ],
        "observed_approx_area_km2": 3.0489813089079125,
        "observed_boundary_truncated": false,
        "observed_geometry_limit": "CENTROID_ONLY_BBOX_IS_PIXEL_SPACE_NOT_GEO_POLYGON",
        "lpz_forecast_generated": false,
        "kind": "OBSERVED_ORIGIN",
        "lead_from_as_of_minutes": 0
      }
    },
    {
      "type": "Feature",
      "geometry": {
        "type": "Point",
        "coordinates": [
          141.13860794587367,
          37.70777459284921
        ]
      },
      "properties": {
        "research_object_id": "F3-ea483ba62fb7ec9c-000017",
        "source_slot_utc": "2026-09-21T04:30:00Z",
        "observation_valid_time_utc": "2026-09-21T04:30:00Z",
        "observed_centroid_lon_lat": [
          141.17156982421875,
          37.62945956107554
        ],
        "observed_bbox_pixel": [
          98,
          787,
          101,
          790
        ],
        "observed_approx_area_km2": 3.0489813089079125,
        "observed_boundary_truncated": false,
        "observed_geometry_limit": "CENTROID_ONLY_BBOX_IS_PIXEL_SPACE_NOT_GEO_POLYGON",
        "lpz_forecast_generated": false,
        "kind": "RESEARCH_POINT_EXTRAPOLATION",
        "lead_from_as_of_minutes": 15,
        "target_valid_time_utc": "2026-09-21T05:00:00Z",
        "research_only": true,
        "probability": null,
        "intensity": null,
        "footprint": null,
        "affected_regions": null
      }
    },
    {
      "type": "Feature",
      "geometry": {
        "type": "LineString",
        "coordinates": [
          [
            141.17156982421875,
            37.62945956107554
          ],
          [
            141.13860794587367,
            37.70777459284921
          ]
        ]
      },
      "properties": {
        "research_object_id": "F3-ea483ba62fb7ec9c-000017",
        "source_slot_utc": "2026-09-21T04:30:00Z",
        "observation_valid_time_utc": "2026-09-21T04:30:00Z",
        "observed_centroid_lon_lat": [
          141.17156982421875,
          37.62945956107554
        ],
        "observed_bbox_pixel": [
          98,
          787,
          101,
          790
        ],
        "observed_approx_area_km2": 3.0489813089079125,
        "observed_boundary_truncated": false,
        "observed_geometry_limit": "CENTROID_ONLY_BBOX_IS_PIXEL_SPACE_NOT_GEO_POLYGON",
        "lpz_forecast_generated": false,
        "kind": "RESEARCH_POINT_MOTION_ARROW",
        "lead_from_as_of_minutes": 15,
        "target_valid_time_utc": "2026-09-21T05:00:00Z",
        "research_only": true,
        "probability": null,
        "intensity": null,
        "footprint": null,
        "affected_regions": null
      }
    },
    {
      "type": "Feature",
      "geometry": {
        "type": "Point",
        "coordinates": [
          141.12212700670108,
          37.74693210873605
        ]
      },
      "properties": {
        "research_object_id": "F3-ea483ba62fb7ec9c-000017",
        "source_slot_utc": "2026-09-21T04:30:00Z",
        "observation_valid_time_utc": "2026-09-21T04:30:00Z",
        "observed_centroid_lon_lat": [
          141.17156982421875,
          37.62945956107554
        ],
        "observed_bbox_pixel": [
          98,
          787,
          101,
          790
        ],
        "observed_approx_area_km2": 3.0489813089079125,
        "observed_boundary_truncated": false,
        "observed_geometry_limit": "CENTROID_ONLY_BBOX_IS_PIXEL_SPACE_NOT_GEO_POLYGON",
        "lpz_forecast_generated": false,
        "kind": "RESEARCH_POINT_EXTRAPOLATION",
        "lead_from_as_of_minutes": 30,
        "target_valid_time_utc": "2026-09-21T05:15:00Z",
        "research_only": true,
        "probability": null,
        "intensity": null,
        "footprint": null,
        "affected_regions": null
      }
    },
    {
      "type": "Feature",
      "geometry": {
        "type": "LineString",
        "coordinates": [
          [
            141.17156982421875,
            37.62945956107554
          ],
          [
            141.12212700670108,
            37.74693210873605
          ]
        ]
      },
      "properties": {
        "research_object_id": "F3-ea483ba62fb7ec9c-000017",
        "source_slot_utc": "2026-09-21T04:30:00Z",
        "observation_valid_time_utc": "2026-09-21T04:30:00Z",
        "observed_centroid_lon_lat": [
          141.17156982421875,
          37.62945956107554
        ],
        "observed_bbox_pixel": [
          98,
          787,
          101,
          790
        ],
        "observed_approx_area_km2": 3.0489813089079125,
        "observed_boundary_truncated": false,
        "observed_geometry_limit": "CENTROID_ONLY_BBOX_IS_PIXEL_SPACE_NOT_GEO_POLYGON",
        "lpz_forecast_generated": false,
        "kind": "RESEARCH_POINT_MOTION_ARROW",
        "lead_from_as_of_minutes": 30,
        "target_valid_time_utc": "2026-09-21T05:15:00Z",
        "research_only": true,
        "probability": null,
        "intensity": null,
        "footprint": null,
        "affected_regions": null
      }
    },
    {
      "type": "Feature",
      "geometry": {
        "type": "Point",
        "coordinates": [
          141.04522705078125,
          37.2456348218214
        ]
      },
      "properties": {
        "research_object_id": "F3-ea483ba62fb7ec9c-000018",
        "source_slot_utc": "2026-09-21T04:30:00Z",
        "observation_valid_time_utc": "2026-09-21T04:30:00Z",
        "observed_centroid_lon_lat": [
          141.04522705078125,
          37.2456348218214
        ],
        "observed_bbox_pixel": [
          76,
          875,
          78,
          878
        ],
        "observed_approx_area_km2": 2.132596583608833,
        "observed_boundary_truncated": false,
        "observed_geometry_limit": "CENTROID_ONLY_BBOX_IS_PIXEL_SPACE_NOT_GEO_POLYGON",
        "lpz_forecast_generated": false,
        "kind": "OBSERVED_ORIGIN",
        "lead_from_as_of_minutes": 0
      }
    },
    {
      "type": "Feature",
      "geometry": {
        "type": "Point",
        "coordinates": [
          141.07818699139932,
          37.27187252042687
        ]
      },
      "properties": {
        "research_object_id": "F3-ea483ba62fb7ec9c-000018",
        "source_slot_utc": "2026-09-21T04:30:00Z",
        "observation_valid_time_utc": "2026-09-21T04:30:00Z",
        "observed_centroid_lon_lat": [
          141.04522705078125,
          37.2456348218214
        ],
        "observed_bbox_pixel": [
          76,
          875,
          78,
          878
        ],
        "observed_approx_area_km2": 2.132596583608833,
        "observed_boundary_truncated": false,
        "observed_geometry_limit": "CENTROID_ONLY_BBOX_IS_PIXEL_SPACE_NOT_GEO_POLYGON",
        "lpz_forecast_generated": false,
        "kind": "RESEARCH_POINT_EXTRAPOLATION",
        "lead_from_as_of_minutes": 15,
        "target_valid_time_utc": "2026-09-21T05:00:00Z",
        "research_only": true,
        "probability": null,
        "intensity": null,
        "footprint": null,
        "affected_regions": null
      }
    },
    {
      "type": "Feature",
      "geometry": {
        "type": "LineString",
        "coordinates": [
          [
            141.04522705078125,
            37.2456348218214
          ],
          [
            141.07818699139932,
            37.27187252042687
          ]
        ]
      },
      "properties": {
        "research_object_id": "F3-ea483ba62fb7ec9c-000018",
        "source_slot_utc": "2026-09-21T04:30:00Z",
        "observation_valid_time_utc": "2026-09-21T04:30:00Z",
        "observed_centroid_lon_lat": [
          141.04522705078125,
          37.2456348218214
        ],
        "observed_bbox_pixel": [
          76,
          875,
          78,
          878
        ],
        "observed_approx_area_km2": 2.132596583608833,
        "observed_boundary_truncated": false,
        "observed_geometry_limit": "CENTROID_ONLY_BBOX_IS_PIXEL_SPACE_NOT_GEO_POLYGON",
        "lpz_forecast_generated": false,
        "kind": "RESEARCH_POINT_MOTION_ARROW",
        "lead_from_as_of_minutes": 15,
        "target_valid_time_utc": "2026-09-21T05:00:00Z",
        "research_only": true,
        "probability": null,
        "intensity": null,
        "footprint": null,
        "affected_regions": null
      }
    },
    {
      "type": "Feature",
      "geometry": {
        "type": "Point",
        "coordinates": [
          141.0946669617084,
          37.2849913697296
        ]
      },
      "properties": {
        "research_object_id": "F3-ea483ba62fb7ec9c-000018",
        "source_slot_utc": "2026-09-21T04:30:00Z",
        "observation_valid_time_utc": "2026-09-21T04:30:00Z",
        "observed_centroid_lon_lat": [
          141.04522705078125,
          37.2456348218214
        ],
        "observed_bbox_pixel": [
          76,
          875,
          78,
          878
        ],
        "observed_approx_area_km2": 2.132596583608833,
        "observed_boundary_truncated": false,
        "observed_geometry_limit": "CENTROID_ONLY_BBOX_IS_PIXEL_SPACE_NOT_GEO_POLYGON",
        "lpz_forecast_generated": false,
        "kind": "RESEARCH_POINT_EXTRAPOLATION",
        "lead_from_as_of_minutes": 30,
        "target_valid_time_utc": "2026-09-21T05:15:00Z",
        "research_only": true,
        "probability": null,
        "intensity": null,
        "footprint": null,
        "affected_regions": null
      }
    },
    {
      "type": "Feature",
      "geometry": {
        "type": "LineString",
        "coordinates": [
          [
            141.04522705078125,
            37.2456348218214
          ],
          [
            141.0946669617084,
            37.2849913697296
          ]
        ]
      },
      "properties": {
        "research_object_id": "F3-ea483ba62fb7ec9c-000018",
        "source_slot_utc": "2026-09-21T04:30:00Z",
        "observation_valid_time_utc": "2026-09-21T04:30:00Z",
        "observed_centroid_lon_lat": [
          141.04522705078125,
          37.2456348218214
        ],
        "observed_bbox_pixel": [
          76,
          875,
          78,
          878
        ],
        "observed_approx_area_km2": 2.132596583608833,
        "observed_boundary_truncated": false,
        "observed_geometry_limit": "CENTROID_ONLY_BBOX_IS_PIXEL_SPACE_NOT_GEO_POLYGON",
        "lpz_forecast_generated": false,
        "kind": "RESEARCH_POINT_MOTION_ARROW",
        "lead_from_as_of_minutes": 30,
        "target_valid_time_utc": "2026-09-21T05:15:00Z",
        "research_only": true,
        "probability": null,
        "intensity": null,
        "footprint": null,
        "affected_regions": null
      }
    },
    {
      "type": "Feature",
      "geometry": {
        "type": "Point",
        "coordinates": [
          141.69891357421875,
          38.19286295796692
        ]
      },
      "properties": {
        "research_object_id": "F3-5625a5ca4d867b61-000000",
        "source_slot_utc": "2026-09-21T04:45:00Z",
        "observation_valid_time_utc": "2026-09-21T04:45:00Z",
        "observed_centroid_lon_lat": [
          141.69891357421875,
          38.19286295796692
        ],
        "observed_bbox_pixel": [
          166,
          617,
          225,
          699
        ],
        "observed_approx_area_km2": 548.789841110938,
        "observed_boundary_truncated": false,
        "observed_geometry_limit": "CENTROID_ONLY_BBOX_IS_PIXEL_SPACE_NOT_GEO_POLYGON",
        "lpz_forecast_generated": false,
        "kind": "OBSERVED_ORIGIN",
        "lead_from_as_of_minutes": 0
      }
    },
    {
      "type": "Feature",
      "geometry": {
        "type": "Point",
        "coordinates": [
          141.73187842019735,
          38.34831209854913
        ]
      },
      "properties": {
        "research_object_id": "F3-5625a5ca4d867b61-000000",
        "source_slot_utc": "2026-09-21T04:45:00Z",
        "observation_valid_time_utc": "2026-09-21T04:45:00Z",
        "observed_centroid_lon_lat": [
          141.69891357421875,
          38.19286295796692
        ],
        "observed_bbox_pixel": [
          166,
          617,
          225,
          699
        ],
        "observed_approx_area_km2": 548.789841110938,
        "observed_boundary_truncated": false,
        "observed_geometry_limit": "CENTROID_ONLY_BBOX_IS_PIXEL_SPACE_NOT_GEO_POLYGON",
        "lpz_forecast_generated": false,
        "kind": "RESEARCH_POINT_EXTRAPOLATION",
        "lead_from_as_of_minutes": 15,
        "target_valid_time_utc": "2026-09-21T05:15:00Z",
        "research_only": true,
        "probability": null,
        "intensity": null,
        "footprint": null,
        "affected_regions": null
      }
    },
    {
      "type": "Feature",
      "geometry": {
        "type": "LineString",
        "coordinates": [
          [
            141.69891357421875,
            38.19286295796692
          ],
          [
            141.73187842019735,
            38.34831209854913
          ]
        ]
      },
      "properties": {
        "research_object_id": "F3-5625a5ca4d867b61-000000",
        "source_slot_utc": "2026-09-21T04:45:00Z",
        "observation_valid_time_utc": "2026-09-21T04:45:00Z",
        "observed_centroid_lon_lat": [
          141.69891357421875,
          38.19286295796692
        ],
        "observed_bbox_pixel": [
          166,
          617,
          225,
          699
        ],
        "observed_approx_area_km2": 548.789841110938,
        "observed_boundary_truncated": false,
        "observed_geometry_limit": "CENTROID_ONLY_BBOX_IS_PIXEL_SPACE_NOT_GEO_POLYGON",
        "lpz_forecast_generated": false,
        "kind": "RESEARCH_POINT_MOTION_ARROW",
        "lead_from_as_of_minutes": 15,
        "target_valid_time_utc": "2026-09-21T05:15:00Z",
        "research_only": true,
        "probability": null,
        "intensity": null,
        "footprint": null,
        "affected_regions": null
      }
    },
    {
      "type": "Feature",
      "geometry": {
        "type": "Point",
        "coordinates": [
          141.74836084318662,
          38.42603666884023
        ]
      },
      "properties": {
        "research_object_id": "F3-5625a5ca4d867b61-000000",
        "source_slot_utc": "2026-09-21T04:45:00Z",
        "observation_valid_time_utc": "2026-09-21T04:45:00Z",
        "observed_centroid_lon_lat": [
          141.69891357421875,
          38.19286295796692
        ],
        "observed_bbox_pixel": [
          166,
          617,
          225,
          699
        ],
        "observed_approx_area_km2": 548.789841110938,
        "observed_boundary_truncated": false,
        "observed_geometry_limit": "CENTROID_ONLY_BBOX_IS_PIXEL_SPACE_NOT_GEO_POLYGON",
        "lpz_forecast_generated": false,
        "kind": "RESEARCH_POINT_EXTRAPOLATION",
        "lead_from_as_of_minutes": 30,
        "target_valid_time_utc": "2026-09-21T05:30:00Z",
        "research_only": true,
        "probability": null,
        "intensity": null,
        "footprint": null,
        "affected_regions": null
      }
    },
    {
      "type": "Feature",
      "geometry": {
        "type": "LineString",
        "coordinates": [
          [
            141.69891357421875,
            38.19286295796692
          ],
          [
            141.74836084318662,
            38.42603666884023
          ]
        ]
      },
      "properties": {
        "research_object_id": "F3-5625a5ca4d867b61-000000",
        "source_slot_utc": "2026-09-21T04:45:00Z",
        "observation_valid_time_utc": "2026-09-21T04:45:00Z",
        "observed_centroid_lon_lat": [
          141.69891357421875,
          38.19286295796692
        ],
        "observed_bbox_pixel": [
          166,
          617,
          225,
          699
        ],
        "observed_approx_area_km2": 548.789841110938,
        "observed_boundary_truncated": false,
        "observed_geometry_limit": "CENTROID_ONLY_BBOX_IS_PIXEL_SPACE_NOT_GEO_POLYGON",
        "lpz_forecast_generated": false,
        "kind": "RESEARCH_POINT_MOTION_ARROW",
        "lead_from_as_of_minutes": 30,
        "target_valid_time_utc": "2026-09-21T05:30:00Z",
        "research_only": true,
        "probability": null,
        "intensity": null,
        "footprint": null,
        "affected_regions": null
      }
    },
    {
      "type": "Feature",
      "geometry": {
        "type": "Point",
        "coordinates": [
          141.74285888671875,
          38.5803790946859
        ]
      },
      "properties": {
        "research_object_id": "F3-5625a5ca4d867b61-000001",
        "source_slot_utc": "2026-09-21T04:45:00Z",
        "observation_valid_time_utc": "2026-09-21T04:45:00Z",
        "observed_centroid_lon_lat": [
          141.74285888671875,
          38.5803790946859
        ],
        "observed_bbox_pixel": [
          195,
          563,
          211,
          573
        ],
        "observed_approx_area_km2": 28.106758245651818,
        "observed_boundary_truncated": false,
        "observed_geometry_limit": "CENTROID_ONLY_BBOX_IS_PIXEL_SPACE_NOT_GEO_POLYGON",
        "lpz_forecast_generated": false,
        "kind": "OBSERVED_ORIGIN",
        "lead_from_as_of_minutes": 0
      }
    },
    {
      "type": "Feature",
      "geometry": {
        "type": "Point",
        "coordinates": [
          141.70989300509882,
          38.7607729605271
        ]
      },
      "properties": {
        "research_object_id": "F3-5625a5ca4d867b61-000001",
        "source_slot_utc": "2026-09-21T04:45:00Z",
        "observation_valid_time_utc": "2026-09-21T04:45:00Z",
        "observed_centroid_lon_lat": [
          141.74285888671875,
          38.5803790946859
        ],
        "observed_bbox_pixel": [
          195,
          563,
          211,
          573
        ],
        "observed_approx_area_km2": 28.106758245651818,
        "observed_boundary_truncated": false,
        "observed_geometry_limit": "CENTROID_ONLY_BBOX_IS_PIXEL_SPACE_NOT_GEO_POLYGON",
        "lpz_forecast_generated": false,
        "kind": "RESEARCH_POINT_EXTRAPOLATION",
        "lead_from_as_of_minutes": 15,
        "target_valid_time_utc": "2026-09-21T05:15:00Z",
        "research_only": true,
        "probability": null,
        "intensity": null,
        "footprint": null,
        "affected_regions": null
      }
    },
    {
      "type": "Feature",
      "geometry": {
        "type": "LineString",
        "coordinates": [
          [
            141.74285888671875,
            38.5803790946859
          ],
          [
            141.70989300509882,
            38.7607729605271
          ]
        ]
      },
      "properties": {
        "research_object_id": "F3-5625a5ca4d867b61-000001",
        "source_slot_utc": "2026-09-21T04:45:00Z",
        "observation_valid_time_utc": "2026-09-21T04:45:00Z",
        "observed_centroid_lon_lat": [
          141.74285888671875,
          38.5803790946859
        ],
        "observed_bbox_pixel": [
          195,
          563,
          211,
          573
        ],
        "observed_approx_area_km2": 28.106758245651818,
        "observed_boundary_truncated": false,
        "observed_geometry_limit": "CENTROID_ONLY_BBOX_IS_PIXEL_SPACE_NOT_GEO_POLYGON",
        "lpz_forecast_generated": false,
        "kind": "RESEARCH_POINT_MOTION_ARROW",
        "lead_from_as_of_minutes": 15,
        "target_valid_time_utc": "2026-09-21T05:15:00Z",
        "research_only": true,
        "probability": null,
        "intensity": null,
        "footprint": null,
        "affected_regions": null
      }
    },
    {
      "type": "Feature",
      "geometry": {
        "type": "Point",
        "coordinates": [
          141.69341006428886,
          38.8509698934477
        ]
      },
      "properties": {
        "research_object_id": "F3-5625a5ca4d867b61-000001",
        "source_slot_utc": "2026-09-21T04:45:00Z",
        "observation_valid_time_utc": "2026-09-21T04:45:00Z",
        "observed_centroid_lon_lat": [
          141.74285888671875,
          38.5803790946859
        ],
        "observed_bbox_pixel": [
          195,
          563,
          211,
          573
        ],
        "observed_approx_area_km2": 28.106758245651818,
        "observed_boundary_truncated": false,
        "observed_geometry_limit": "CENTROID_ONLY_BBOX_IS_PIXEL_SPACE_NOT_GEO_POLYGON",
        "lpz_forecast_generated": false,
        "kind": "RESEARCH_POINT_EXTRAPOLATION",
        "lead_from_as_of_minutes": 30,
        "target_valid_time_utc": "2026-09-21T05:30:00Z",
        "research_only": true,
        "probability": null,
        "intensity": null,
        "footprint": null,
        "affected_regions": null
      }
    },
    {
      "type": "Feature",
      "geometry": {
        "type": "LineString",
        "coordinates": [
          [
            141.74285888671875,
            38.5803790946859
          ],
          [
            141.69341006428886,
            38.8509698934477
          ]
        ]
      },
      "properties": {
        "research_object_id": "F3-5625a5ca4d867b61-000001",
        "source_slot_utc": "2026-09-21T04:45:00Z",
        "observation_valid_time_utc": "2026-09-21T04:45:00Z",
        "observed_centroid_lon_lat": [
          141.74285888671875,
          38.5803790946859
        ],
        "observed_bbox_pixel": [
          195,
          563,
          211,
          573
        ],
        "observed_approx_area_km2": 28.106758245651818,
        "observed_boundary_truncated": false,
        "observed_geometry_limit": "CENTROID_ONLY_BBOX_IS_PIXEL_SPACE_NOT_GEO_POLYGON",
        "lpz_forecast_generated": false,
        "kind": "RESEARCH_POINT_MOTION_ARROW",
        "lead_from_as_of_minutes": 30,
        "target_valid_time_utc": "2026-09-21T05:30:00Z",
        "research_only": true,
        "probability": null,
        "intensity": null,
        "footprint": null,
        "affected_regions": null
      }
    },
    {
      "type": "Feature",
      "geometry": {
        "type": "Point",
        "coordinates": [
          140.77606201171875,
          38.21012996629425
        ]
      },
      "properties": {
        "research_object_id": "F3-5625a5ca4d867b61-000003",
        "source_slot_utc": "2026-09-21T04:45:00Z",
        "observation_valid_time_utc": "2026-09-21T04:45:00Z",
        "observed_centroid_lon_lat": [
          140.77606201171875,
          38.21012996629425
        ],
        "observed_bbox_pixel": [
          22,
          647,
          33,
          662
        ],
        "observed_approx_area_km2": 15.929521092376234,
        "observed_boundary_truncated": false,
        "observed_geometry_limit": "CENTROID_ONLY_BBOX_IS_PIXEL_SPACE_NOT_GEO_POLYGON",
        "lpz_forecast_generated": false,
        "kind": "OBSERVED_ORIGIN",
        "lead_from_as_of_minutes": 0
      }
    },
    {
      "type": "Feature",
      "geometry": {
        "type": "Point",
        "coordinates": [
          140.8420034366689,
          38.52100981940772
        ]
      },
      "properties": {
        "research_object_id": "F3-5625a5ca4d867b61-000003",
        "source_slot_utc": "2026-09-21T04:45:00Z",
        "observation_valid_time_utc": "2026-09-21T04:45:00Z",
        "observed_centroid_lon_lat": [
          140.77606201171875,
          38.21012996629425
        ],
        "observed_bbox_pixel": [
          22,
          647,
          33,
          662
        ],
        "observed_approx_area_km2": 15.929521092376234,
        "observed_boundary_truncated": false,
        "observed_geometry_limit": "CENTROID_ONLY_BBOX_IS_PIXEL_SPACE_NOT_GEO_POLYGON",
        "lpz_forecast_generated": false,
        "kind": "RESEARCH_POINT_EXTRAPOLATION",
        "lead_from_as_of_minutes": 15,
        "target_valid_time_utc": "2026-09-21T05:15:00Z",
        "research_only": true,
        "probability": null,
        "intensity": null,
        "footprint": null,
        "affected_regions": null
      }
    },
    {
      "type": "Feature",
      "geometry": {
        "type": "LineString",
        "coordinates": [
          [
            140.77606201171875,
            38.21012996629425
          ],
          [
            140.8420034366689,
            38.52100981940772
          ]
        ]
      },
      "properties": {
        "research_object_id": "F3-5625a5ca4d867b61-000003",
        "source_slot_utc": "2026-09-21T04:45:00Z",
        "observation_valid_time_utc": "2026-09-21T04:45:00Z",
        "observed_centroid_lon_lat": [
          140.77606201171875,
          38.21012996629425
        ],
        "observed_bbox_pixel": [
          22,
          647,
          33,
          662
        ],
        "observed_approx_area_km2": 15.929521092376234,
        "observed_boundary_truncated": false,
        "observed_geometry_limit": "CENTROID_ONLY_BBOX_IS_PIXEL_SPACE_NOT_GEO_POLYGON",
        "lpz_forecast_generated": false,
        "kind": "RESEARCH_POINT_MOTION_ARROW",
        "lead_from_as_of_minutes": 15,
        "target_valid_time_utc": "2026-09-21T05:15:00Z",
        "research_only": true,
        "probability": null,
        "intensity": null,
        "footprint": null,
        "affected_regions": null
      }
    },
    {
      "type": "Feature",
      "geometry": {
        "type": "Point",
        "coordinates": [
          140.874974149144,
          38.67644974596446
        ]
      },
      "properties": {
        "research_object_id": "F3-5625a5ca4d867b61-000003",
        "source_slot_utc": "2026-09-21T04:45:00Z",
        "observation_valid_time_utc": "2026-09-21T04:45:00Z",
        "observed_centroid_lon_lat": [
          140.77606201171875,
          38.21012996629425
        ],
        "observed_bbox_pixel": [
          22,
          647,
          33,
          662
        ],
        "observed_approx_area_km2": 15.929521092376234,
        "observed_boundary_truncated": false,
        "observed_geometry_limit": "CENTROID_ONLY_BBOX_IS_PIXEL_SPACE_NOT_GEO_POLYGON",
        "lpz_forecast_generated": false,
        "kind": "RESEARCH_POINT_EXTRAPOLATION",
        "lead_from_as_of_minutes": 30,
        "target_valid_time_utc": "2026-09-21T05:30:00Z",
        "research_only": true,
        "probability": null,
        "intensity": null,
        "footprint": null,
        "affected_regions": null
      }
    },
    {
      "type": "Feature",
      "geometry": {
        "type": "LineString",
        "coordinates": [
          [
            140.77606201171875,
            38.21012996629425
          ],
          [
            140.874974149144,
            38.67644974596446
          ]
        ]
      },
      "properties": {
        "research_object_id": "F3-5625a5ca4d867b61-000003",
        "source_slot_utc": "2026-09-21T04:45:00Z",
        "observation_valid_time_utc": "2026-09-21T04:45:00Z",
        "observed_centroid_lon_lat": [
          140.77606201171875,
          38.21012996629425
        ],
        "observed_bbox_pixel": [
          22,
          647,
          33,
          662
        ],
        "observed_approx_area_km2": 15.929521092376234,
        "observed_boundary_truncated": false,
        "observed_geometry_limit": "CENTROID_ONLY_BBOX_IS_PIXEL_SPACE_NOT_GEO_POLYGON",
        "lpz_forecast_generated": false,
        "kind": "RESEARCH_POINT_MOTION_ARROW",
        "lead_from_as_of_minutes": 30,
        "target_valid_time_utc": "2026-09-21T05:30:00Z",
        "research_only": true,
        "probability": null,
        "intensity": null,
        "footprint": null,
        "affected_regions": null
      }
    },
    {
      "type": "Feature",
      "geometry": {
        "type": "Point",
        "coordinates": [
          141.88018798828125,
          38.50304202775689
        ]
      },
      "properties": {
        "research_object_id": "F3-5625a5ca4d867b61-000005",
        "source_slot_utc": "2026-09-21T04:45:00Z",
        "observation_valid_time_utc": "2026-09-21T04:45:00Z",
        "observed_centroid_lon_lat": [
          141.88018798828125,
          38.50304202775689
        ],
        "observed_bbox_pixel": [
          211,
          567,
          245,
          600
        ],
        "observed_approx_area_km2": 96.40991808661958,
        "observed_boundary_truncated": false,
        "observed_geometry_limit": "CENTROID_ONLY_BBOX_IS_PIXEL_SPACE_NOT_GEO_POLYGON",
        "lpz_forecast_generated": false,
        "kind": "OBSERVED_ORIGIN",
        "lead_from_as_of_minutes": 0
      }
    },
    {
      "type": "Feature",
      "geometry": {
        "type": "Point",
        "coordinates": [
          142.14385986328125,
          38.50304202775689
        ]
      },
      "properties": {
        "research_object_id": "F3-5625a5ca4d867b61-000005",
        "source_slot_utc": "2026-09-21T04:45:00Z",
        "observation_valid_time_utc": "2026-09-21T04:45:00Z",
        "observed_centroid_lon_lat": [
          141.88018798828125,
          38.50304202775689
        ],
        "observed_bbox_pixel": [
          211,
          567,
          245,
          600
        ],
        "observed_approx_area_km2": 96.40991808661958,
        "observed_boundary_truncated": false,
        "observed_geometry_limit": "CENTROID_ONLY_BBOX_IS_PIXEL_SPACE_NOT_GEO_POLYGON",
        "lpz_forecast_generated": false,
        "kind": "RESEARCH_POINT_EXTRAPOLATION",
        "lead_from_as_of_minutes": 15,
        "target_valid_time_utc": "2026-09-21T05:15:00Z",
        "research_only": true,
        "probability": null,
        "intensity": null,
        "footprint": null,
        "affected_regions": null
      }
    },
    {
      "type": "Feature",
      "geometry": {
        "type": "LineString",
        "coordinates": [
          [
            141.88018798828125,
            38.50304202775689
          ],
          [
            142.14385986328125,
            38.50304202775689
          ]
        ]
      },
      "properties": {
        "research_object_id": "F3-5625a5ca4d867b61-000005",
        "source_slot_utc": "2026-09-21T04:45:00Z",
        "observation_valid_time_utc": "2026-09-21T04:45:00Z",
        "observed_centroid_lon_lat": [
          141.88018798828125,
          38.50304202775689
        ],
        "observed_bbox_pixel": [
          211,
          567,
          245,
          600
        ],
        "observed_approx_area_km2": 96.40991808661958,
        "observed_boundary_truncated": false,
        "observed_geometry_limit": "CENTROID_ONLY_BBOX_IS_PIXEL_SPACE_NOT_GEO_POLYGON",
        "lpz_forecast_generated": false,
        "kind": "RESEARCH_POINT_MOTION_ARROW",
        "lead_from_as_of_minutes": 15,
        "target_valid_time_utc": "2026-09-21T05:15:00Z",
        "research_only": true,
        "probability": null,
        "intensity": null,
        "footprint": null,
        "affected_regions": null
      }
    },
    {
      "type": "Feature",
      "geometry": {
        "type": "Point",
        "coordinates": [
          142.27569580078125,
          38.50304202775689
        ]
      },
      "properties": {
        "research_object_id": "F3-5625a5ca4d867b61-000005",
        "source_slot_utc": "2026-09-21T04:45:00Z",
        "observation_valid_time_utc": "2026-09-21T04:45:00Z",
        "observed_centroid_lon_lat": [
          141.88018798828125,
          38.50304202775689
        ],
        "observed_bbox_pixel": [
          211,
          567,
          245,
          600
        ],
        "observed_approx_area_km2": 96.40991808661958,
        "observed_boundary_truncated": false,
        "observed_geometry_limit": "CENTROID_ONLY_BBOX_IS_PIXEL_SPACE_NOT_GEO_POLYGON",
        "lpz_forecast_generated": false,
        "kind": "RESEARCH_POINT_EXTRAPOLATION",
        "lead_from_as_of_minutes": 30,
        "target_valid_time_utc": "2026-09-21T05:30:00Z",
        "research_only": true,
        "probability": null,
        "intensity": null,
        "footprint": null,
        "affected_regions": null
      }
    },
    {
      "type": "Feature",
      "geometry": {
        "type": "LineString",
        "coordinates": [
          [
            141.88018798828125,
            38.50304202775689
          ],
          [
            142.27569580078125,
            38.50304202775689
          ]
        ]
      },
      "properties": {
        "research_object_id": "F3-5625a5ca4d867b61-000005",
        "source_slot_utc": "2026-09-21T04:45:00Z",
        "observation_valid_time_utc": "2026-09-21T04:45:00Z",
        "observed_centroid_lon_lat": [
          141.88018798828125,
          38.50304202775689
        ],
        "observed_bbox_pixel": [
          211,
          567,
          245,
          600
        ],
        "observed_approx_area_km2": 96.40991808661958,
        "observed_boundary_truncated": false,
        "observed_geometry_limit": "CENTROID_ONLY_BBOX_IS_PIXEL_SPACE_NOT_GEO_POLYGON",
        "lpz_forecast_generated": false,
        "kind": "RESEARCH_POINT_MOTION_ARROW",
        "lead_from_as_of_minutes": 30,
        "target_valid_time_utc": "2026-09-21T05:30:00Z",
        "research_only": true,
        "probability": null,
        "intensity": null,
        "footprint": null,
        "affected_regions": null
      }
    },
    {
      "type": "Feature",
      "geometry": {
        "type": "Point",
        "coordinates": [
          140.72113037109375,
          36.87742358748459
        ]
      },
      "properties": {
        "research_object_id": "F3-5625a5ca4d867b61-000006",
        "source_slot_utc": "2026-09-21T04:45:00Z",
        "observation_valid_time_utc": "2026-09-21T04:45:00Z",
        "observed_centroid_lon_lat": [
          140.72113037109375,
          36.87742358748459
        ],
        "observed_bbox_pixel": [
          9,
          956,
          25,
          965
        ],
        "observed_approx_area_km2": 26.080052072559,
        "observed_boundary_truncated": false,
        "observed_geometry_limit": "CENTROID_ONLY_BBOX_IS_PIXEL_SPACE_NOT_GEO_POLYGON",
        "lpz_forecast_generated": false,
        "kind": "OBSERVED_ORIGIN",
        "lead_from_as_of_minutes": 0
      }
    },
    {
      "type": "Feature",
      "geometry": {
        "type": "Point",
        "coordinates": [
          140.82000163543375,
          36.82469744186162
        ]
      },
      "properties": {
        "research_object_id": "F3-5625a5ca4d867b61-000006",
        "source_slot_utc": "2026-09-21T04:45:00Z",
        "observation_valid_time_utc": "2026-09-21T04:45:00Z",
        "observed_centroid_lon_lat": [
          140.72113037109375,
          36.87742358748459
        ],
        "observed_bbox_pixel": [
          9,
          956,
          25,
          965
        ],
        "observed_approx_area_km2": 26.080052072559,
        "observed_boundary_truncated": false,
        "observed_geometry_limit": "CENTROID_ONLY_BBOX_IS_PIXEL_SPACE_NOT_GEO_POLYGON",
        "lpz_forecast_generated": false,
        "kind": "RESEARCH_POINT_EXTRAPOLATION",
        "lead_from_as_of_minutes": 15,
        "target_valid_time_utc": "2026-09-21T05:15:00Z",
        "research_only": true,
        "probability": null,
        "intensity": null,
        "footprint": null,
        "affected_regions": null
      }
    },
    {
      "type": "Feature",
      "geometry": {
        "type": "LineString",
        "coordinates": [
          [
            140.72113037109375,
            36.87742358748459
          ],
          [
            140.82000163543375,
            36.82469744186162
          ]
        ]
      },
      "properties": {
        "research_object_id": "F3-5625a5ca4d867b61-000006",
        "source_slot_utc": "2026-09-21T04:45:00Z",
        "observation_valid_time_utc": "2026-09-21T04:45:00Z",
        "observed_centroid_lon_lat": [
          140.72113037109375,
          36.87742358748459
        ],
        "observed_bbox_pixel": [
          9,
          956,
          25,
          965
        ],
        "observed_approx_area_km2": 26.080052072559,
        "observed_boundary_truncated": false,
        "observed_geometry_limit": "CENTROID_ONLY_BBOX_IS_PIXEL_SPACE_NOT_GEO_POLYGON",
        "lpz_forecast_generated": false,
        "kind": "RESEARCH_POINT_MOTION_ARROW",
        "lead_from_as_of_minutes": 15,
        "target_valid_time_utc": "2026-09-21T05:15:00Z",
        "research_only": true,
        "probability": null,
        "intensity": null,
        "footprint": null,
        "affected_regions": null
      }
    },
    {
      "type": "Feature",
      "geometry": {
        "type": "Point",
        "coordinates": [
          140.86943726760376,
          36.79833436905014
        ]
      },
      "properties": {
        "research_object_id": "F3-5625a5ca4d867b61-000006",
        "source_slot_utc": "2026-09-21T04:45:00Z",
        "observation_valid_time_utc": "2026-09-21T04:45:00Z",
        "observed_centroid_lon_lat": [
          140.72113037109375,
          36.87742358748459
        ],
        "observed_bbox_pixel": [
          9,
          956,
          25,
          965
        ],
        "observed_approx_area_km2": 26.080052072559,
        "observed_boundary_truncated": false,
        "observed_geometry_limit": "CENTROID_ONLY_BBOX_IS_PIXEL_SPACE_NOT_GEO_POLYGON",
        "lpz_forecast_generated": false,
        "kind": "RESEARCH_POINT_EXTRAPOLATION",
        "lead_from_as_of_minutes": 30,
        "target_valid_time_utc": "2026-09-21T05:30:00Z",
        "research_only": true,
        "probability": null,
        "intensity": null,
        "footprint": null,
        "affected_regions": null
      }
    },
    {
      "type": "Feature",
      "geometry": {
        "type": "LineString",
        "coordinates": [
          [
            140.72113037109375,
            36.87742358748459
          ],
          [
            140.86943726760376,
            36.79833436905014
          ]
        ]
      },
      "properties": {
        "research_object_id": "F3-5625a5ca4d867b61-000006",
        "source_slot_utc": "2026-09-21T04:45:00Z",
        "observation_valid_time_utc": "2026-09-21T04:45:00Z",
        "observed_centroid_lon_lat": [
          140.72113037109375,
          36.87742358748459
        ],
        "observed_bbox_pixel": [
          9,
          956,
          25,
          965
        ],
        "observed_approx_area_km2": 26.080052072559,
        "observed_boundary_truncated": false,
        "observed_geometry_limit": "CENTROID_ONLY_BBOX_IS_PIXEL_SPACE_NOT_GEO_POLYGON",
        "lpz_forecast_generated": false,
        "kind": "RESEARCH_POINT_MOTION_ARROW",
        "lead_from_as_of_minutes": 30,
        "target_valid_time_utc": "2026-09-21T05:30:00Z",
        "research_only": true,
        "probability": null,
        "intensity": null,
        "footprint": null,
        "affected_regions": null
      }
    },
    {
      "type": "Feature",
      "geometry": {
        "type": "Point",
        "coordinates": [
          141.24847412109375,
          38.1539972184461
        ]
      },
      "properties": {
        "research_object_id": "F3-5625a5ca4d867b61-000007",
        "source_slot_utc": "2026-09-21T04:45:00Z",
        "observation_valid_time_utc": "2026-09-21T04:45:00Z",
        "observed_centroid_lon_lat": [
          141.24847412109375,
          38.1539972184461
        ],
        "observed_bbox_pixel": [
          111,
          664,
          117,
          670
        ],
        "observed_approx_area_km2": 8.78630817225233,
        "observed_boundary_truncated": false,
        "observed_geometry_limit": "CENTROID_ONLY_BBOX_IS_PIXEL_SPACE_NOT_GEO_POLYGON",
        "lpz_forecast_generated": false,
        "kind": "OBSERVED_ORIGIN",
        "lead_from_as_of_minutes": 0
      }
    },
    {
      "type": "Feature",
      "geometry": {
        "type": "Point",
        "coordinates": [
          141.2814321294162,
          38.1280805844707
        ]
      },
      "properties": {
        "research_object_id": "F3-5625a5ca4d867b61-000007",
        "source_slot_utc": "2026-09-21T04:45:00Z",
        "observation_valid_time_utc": "2026-09-21T04:45:00Z",
        "observed_centroid_lon_lat": [
          141.24847412109375,
          38.1539972184461
        ],
        "observed_bbox_pixel": [
          111,
          664,
          117,
          670
        ],
        "observed_approx_area_km2": 8.78630817225233,
        "observed_boundary_truncated": false,
        "observed_geometry_limit": "CENTROID_ONLY_BBOX_IS_PIXEL_SPACE_NOT_GEO_POLYGON",
        "lpz_forecast_generated": false,
        "kind": "RESEARCH_POINT_EXTRAPOLATION",
        "lead_from_as_of_minutes": 15,
        "target_valid_time_utc": "2026-09-21T05:15:00Z",
        "research_only": true,
        "probability": null,
        "intensity": null,
        "footprint": null,
        "affected_regions": null
      }
    },
    {
      "type": "Feature",
      "geometry": {
        "type": "LineString",
        "coordinates": [
          [
            141.24847412109375,
            38.1539972184461
          ],
          [
            141.2814321294162,
            38.1280805844707
          ]
        ]
      },
      "properties": {
        "research_object_id": "F3-5625a5ca4d867b61-000007",
        "source_slot_utc": "2026-09-21T04:45:00Z",
        "observation_valid_time_utc": "2026-09-21T04:45:00Z",
        "observed_centroid_lon_lat": [
          141.24847412109375,
          38.1539972184461
        ],
        "observed_bbox_pixel": [
          111,
          664,
          117,
          670
        ],
        "observed_approx_area_km2": 8.78630817225233,
        "observed_boundary_truncated": false,
        "observed_geometry_limit": "CENTROID_ONLY_BBOX_IS_PIXEL_SPACE_NOT_GEO_POLYGON",
        "lpz_forecast_generated": false,
        "kind": "RESEARCH_POINT_MOTION_ARROW",
        "lead_from_as_of_minutes": 15,
        "target_valid_time_utc": "2026-09-21T05:15:00Z",
        "research_only": true,
        "probability": null,
        "intensity": null,
        "footprint": null,
        "affected_regions": null
      }
    },
    {
      "type": "Feature",
      "geometry": {
        "type": "Point",
        "coordinates": [
          141.29791113357737,
          38.115122267483
        ]
      },
      "properties": {
        "research_object_id": "F3-5625a5ca4d867b61-000007",
        "source_slot_utc": "2026-09-21T04:45:00Z",
        "observation_valid_time_utc": "2026-09-21T04:45:00Z",
        "observed_centroid_lon_lat": [
          141.24847412109375,
          38.1539972184461
        ],
        "observed_bbox_pixel": [
          111,
          664,
          117,
          670
        ],
        "observed_approx_area_km2": 8.78630817225233,
        "observed_boundary_truncated": false,
        "observed_geometry_limit": "CENTROID_ONLY_BBOX_IS_PIXEL_SPACE_NOT_GEO_POLYGON",
        "lpz_forecast_generated": false,
        "kind": "RESEARCH_POINT_EXTRAPOLATION",
        "lead_from_as_of_minutes": 30,
        "target_valid_time_utc": "2026-09-21T05:30:00Z",
        "research_only": true,
        "probability": null,
        "intensity": null,
        "footprint": null,
        "affected_regions": null
      }
    },
    {
      "type": "Feature",
      "geometry": {
        "type": "LineString",
        "coordinates": [
          [
            141.24847412109375,
            38.1539972184461
          ],
          [
            141.29791113357737,
            38.115122267483
          ]
        ]
      },
      "properties": {
        "research_object_id": "F3-5625a5ca4d867b61-000007",
        "source_slot_utc": "2026-09-21T04:45:00Z",
        "observation_valid_time_utc": "2026-09-21T04:45:00Z",
        "observed_centroid_lon_lat": [
          141.24847412109375,
          38.1539972184461
        ],
        "observed_bbox_pixel": [
          111,
          664,
          117,
          670
        ],
        "observed_approx_area_km2": 8.78630817225233,
        "observed_boundary_truncated": false,
        "observed_geometry_limit": "CENTROID_ONLY_BBOX_IS_PIXEL_SPACE_NOT_GEO_POLYGON",
        "lpz_forecast_generated": false,
        "kind": "RESEARCH_POINT_MOTION_ARROW",
        "lead_from_as_of_minutes": 30,
        "target_valid_time_utc": "2026-09-21T05:30:00Z",
        "research_only": true,
        "probability": null,
        "intensity": null,
        "footprint": null,
        "affected_regions": null
      }
    },
    {
      "type": "Feature",
      "geometry": {
        "type": "Point",
        "coordinates": [
          140.94635009765625,
          38.24896576024462
        ]
      },
      "properties": {
        "research_object_id": "F3-5625a5ca4d867b61-000008",
        "source_slot_utc": "2026-09-21T04:45:00Z",
        "observation_valid_time_utc": "2026-09-21T04:45:00Z",
        "observed_centroid_lon_lat": [
          140.94635009765625,
          38.24896576024462
        ],
        "observed_bbox_pixel": [
          52,
          638,
          66,
          652
        ],
        "observed_approx_area_km2": 25.598400082144114,
        "observed_boundary_truncated": false,
        "observed_geometry_limit": "CENTROID_ONLY_BBOX_IS_PIXEL_SPACE_NOT_GEO_POLYGON",
        "lpz_forecast_generated": false,
        "kind": "OBSERVED_ORIGIN",
        "lead_from_as_of_minutes": 0
      }
    },
    {
      "type": "Feature",
      "geometry": {
        "type": "Point",
        "coordinates": [
          140.74859032267602,
          38.27485014515056
        ]
      },
      "properties": {
        "research_object_id": "F3-5625a5ca4d867b61-000008",
        "source_slot_utc": "2026-09-21T04:45:00Z",
        "observation_valid_time_utc": "2026-09-21T04:45:00Z",
        "observed_centroid_lon_lat": [
          140.94635009765625,
          38.24896576024462
        ],
        "observed_bbox_pixel": [
          52,
          638,
          66,
          652
        ],
        "observed_approx_area_km2": 25.598400082144114,
        "observed_boundary_truncated": false,
        "observed_geometry_limit": "CENTROID_ONLY_BBOX_IS_PIXEL_SPACE_NOT_GEO_POLYGON",
        "lpz_forecast_generated": false,
        "kind": "RESEARCH_POINT_EXTRAPOLATION",
        "lead_from_as_of_minutes": 15,
        "target_valid_time_utc": "2026-09-21T05:15:00Z",
        "research_only": true,
        "probability": null,
        "intensity": null,
        "footprint": null,
        "affected_regions": null
      }
    },
    {
      "type": "Feature",
      "geometry": {
        "type": "LineString",
        "coordinates": [
          [
            140.94635009765625,
            38.24896576024462
          ],
          [
            140.74859032267602,
            38.27485014515056
          ]
        ]
      },
      "properties": {
        "research_object_id": "F3-5625a5ca4d867b61-000008",
        "source_slot_utc": "2026-09-21T04:45:00Z",
        "observation_valid_time_utc": "2026-09-21T04:45:00Z",
        "observed_centroid_lon_lat": [
          140.94635009765625,
          38.24896576024462
        ],
        "observed_bbox_pixel": [
          52,
          638,
          66,
          652
        ],
        "observed_approx_area_km2": 25.598400082144114,
        "observed_boundary_truncated": false,
        "observed_geometry_limit": "CENTROID_ONLY_BBOX_IS_PIXEL_SPACE_NOT_GEO_POLYGON",
        "lpz_forecast_generated": false,
        "kind": "RESEARCH_POINT_MOTION_ARROW",
        "lead_from_as_of_minutes": 15,
        "target_valid_time_utc": "2026-09-21T05:15:00Z",
        "research_only": true,
        "probability": null,
        "intensity": null,
        "footprint": null,
        "affected_regions": null
      }
    },
    {
      "type": "Feature",
      "geometry": {
        "type": "Point",
        "coordinates": [
          140.64971043518597,
          38.28779233760353
        ]
      },
      "properties": {
        "research_object_id": "F3-5625a5ca4d867b61-000008",
        "source_slot_utc": "2026-09-21T04:45:00Z",
        "observation_valid_time_utc": "2026-09-21T04:45:00Z",
        "observed_centroid_lon_lat": [
          140.94635009765625,
          38.24896576024462
        ],
        "observed_bbox_pixel": [
          52,
          638,
          66,
          652
        ],
        "observed_approx_area_km2": 25.598400082144114,
        "observed_boundary_truncated": false,
        "observed_geometry_limit": "CENTROID_ONLY_BBOX_IS_PIXEL_SPACE_NOT_GEO_POLYGON",
        "lpz_forecast_generated": false,
        "kind": "RESEARCH_POINT_EXTRAPOLATION",
        "lead_from_as_of_minutes": 30,
        "target_valid_time_utc": "2026-09-21T05:30:00Z",
        "research_only": true,
        "probability": null,
        "intensity": null,
        "footprint": null,
        "affected_regions": null
      }
    },
    {
      "type": "Feature",
      "geometry": {
        "type": "LineString",
        "coordinates": [
          [
            140.94635009765625,
            38.24896576024462
          ],
          [
            140.64971043518597,
            38.28779233760353
          ]
        ]
      },
      "properties": {
        "research_object_id": "F3-5625a5ca4d867b61-000008",
        "source_slot_utc": "2026-09-21T04:45:00Z",
        "observation_valid_time_utc": "2026-09-21T04:45:00Z",
        "observed_centroid_lon_lat": [
          140.94635009765625,
          38.24896576024462
        ],
        "observed_bbox_pixel": [
          52,
          638,
          66,
          652
        ],
        "observed_approx_area_km2": 25.598400082144114,
        "observed_boundary_truncated": false,
        "observed_geometry_limit": "CENTROID_ONLY_BBOX_IS_PIXEL_SPACE_NOT_GEO_POLYGON",
        "lpz_forecast_generated": false,
        "kind": "RESEARCH_POINT_MOTION_ARROW",
        "lead_from_as_of_minutes": 30,
        "target_valid_time_utc": "2026-09-21T05:30:00Z",
        "research_only": true,
        "probability": null,
        "intensity": null,
        "footprint": null,
        "affected_regions": null
      }
    },
    {
      "type": "Feature",
      "geometry": {
        "type": "Point",
        "coordinates": [
          141.72088623046875,
          38.257593120395356
        ]
      },
      "properties": {
        "research_object_id": "F3-886c07e3d6630ac9-000000",
        "source_slot_utc": "2026-09-21T05:00:00Z",
        "observation_valid_time_utc": "2026-09-21T05:00:00Z",
        "observed_centroid_lon_lat": [
          141.72088623046875,
          38.257593120395356
        ],
        "observed_bbox_pixel": [
          171,
          601,
          223,
          683
        ],
        "observed_approx_area_km2": 484.87076443067207,
        "observed_boundary_truncated": false,
        "observed_geometry_limit": "CENTROID_ONLY_BBOX_IS_PIXEL_SPACE_NOT_GEO_POLYGON",
        "lpz_forecast_generated": false,
        "kind": "OBSERVED_ORIGIN",
        "lead_from_as_of_minutes": 0
      }
    },
    {
      "type": "Feature",
      "geometry": {
        "type": "Point",
        "coordinates": [
          141.72088623046875,
          38.412904038071844
        ]
      },
      "properties": {
        "research_object_id": "F3-886c07e3d6630ac9-000000",
        "source_slot_utc": "2026-09-21T05:00:00Z",
        "observation_valid_time_utc": "2026-09-21T05:00:00Z",
        "observed_centroid_lon_lat": [
          141.72088623046875,
          38.257593120395356
        ],
        "observed_bbox_pixel": [
          171,
          601,
          223,
          683
        ],
        "observed_approx_area_km2": 484.87076443067207,
        "observed_boundary_truncated": false,
        "observed_geometry_limit": "CENTROID_ONLY_BBOX_IS_PIXEL_SPACE_NOT_GEO_POLYGON",
        "lpz_forecast_generated": false,
        "kind": "RESEARCH_POINT_EXTRAPOLATION",
        "lead_from_as_of_minutes": 15,
        "target_valid_time_utc": "2026-09-21T05:30:00Z",
        "research_only": true,
        "probability": null,
        "intensity": null,
        "footprint": null,
        "affected_regions": null
      }
    },
    {
      "type": "Feature",
      "geometry": {
        "type": "LineString",
        "coordinates": [
          [
            141.72088623046875,
            38.257593120395356
          ],
          [
            141.72088623046875,
            38.412904038071844
          ]
        ]
      },
      "properties": {
        "research_object_id": "F3-886c07e3d6630ac9-000000",
        "source_slot_utc": "2026-09-21T05:00:00Z",
        "observation_valid_time_utc": "2026-09-21T05:00:00Z",
        "observed_centroid_lon_lat": [
          141.72088623046875,
          38.257593120395356
        ],
        "observed_bbox_pixel": [
          171,
          601,
          223,
          683
        ],
        "observed_approx_area_km2": 484.87076443067207,
        "observed_boundary_truncated": false,
        "observed_geometry_limit": "CENTROID_ONLY_BBOX_IS_PIXEL_SPACE_NOT_GEO_POLYGON",
        "lpz_forecast_generated": false,
        "kind": "RESEARCH_POINT_MOTION_ARROW",
        "lead_from_as_of_minutes": 15,
        "target_valid_time_utc": "2026-09-21T05:30:00Z",
        "research_only": true,
        "probability": null,
        "intensity": null,
        "footprint": null,
        "affected_regions": null
      }
    },
    {
      "type": "Feature",
      "geometry": {
        "type": "Point",
        "coordinates": [
          141.72088623046875,
          38.49055949691009
        ]
      },
      "properties": {
        "research_object_id": "F3-886c07e3d6630ac9-000000",
        "source_slot_utc": "2026-09-21T05:00:00Z",
        "observation_valid_time_utc": "2026-09-21T05:00:00Z",
        "observed_centroid_lon_lat": [
          141.72088623046875,
          38.257593120395356
        ],
        "observed_bbox_pixel": [
          171,
          601,
          223,
          683
        ],
        "observed_approx_area_km2": 484.87076443067207,
        "observed_boundary_truncated": false,
        "observed_geometry_limit": "CENTROID_ONLY_BBOX_IS_PIXEL_SPACE_NOT_GEO_POLYGON",
        "lpz_forecast_generated": false,
        "kind": "RESEARCH_POINT_EXTRAPOLATION",
        "lead_from_as_of_minutes": 30,
        "target_valid_time_utc": "2026-09-21T05:45:00Z",
        "research_only": true,
        "probability": null,
        "intensity": null,
        "footprint": null,
        "affected_regions": null
      }
    },
    {
      "type": "Feature",
      "geometry": {
        "type": "LineString",
        "coordinates": [
          [
            141.72088623046875,
            38.257593120395356
          ],
          [
            141.72088623046875,
            38.49055949691009
          ]
        ]
      },
      "properties": {
        "research_object_id": "F3-886c07e3d6630ac9-000000",
        "source_slot_utc": "2026-09-21T05:00:00Z",
        "observation_valid_time_utc": "2026-09-21T05:00:00Z",
        "observed_centroid_lon_lat": [
          141.72088623046875,
          38.257593120395356
        ],
        "observed_bbox_pixel": [
          171,
          601,
          223,
          683
        ],
        "observed_approx_area_km2": 484.87076443067207,
        "observed_boundary_truncated": false,
        "observed_geometry_limit": "CENTROID_ONLY_BBOX_IS_PIXEL_SPACE_NOT_GEO_POLYGON",
        "lpz_forecast_generated": false,
        "kind": "RESEARCH_POINT_MOTION_ARROW",
        "lead_from_as_of_minutes": 30,
        "target_valid_time_utc": "2026-09-21T05:45:00Z",
        "research_only": true,
        "probability": null,
        "intensity": null,
        "footprint": null,
        "affected_regions": null
      }
    },
    {
      "type": "Feature",
      "geometry": {
        "type": "Point",
        "coordinates": [
          141.25396728515625,
          38.19718009396175
        ]
      },
      "properties": {
        "research_object_id": "F3-886c07e3d6630ac9-000001",
        "source_slot_utc": "2026-09-21T05:00:00Z",
        "observation_valid_time_utc": "2026-09-21T05:00:00Z",
        "observed_centroid_lon_lat": [
          141.25396728515625,
          38.19718009396175
        ],
        "observed_bbox_pixel": [
          113,
          656,
          116,
          660
        ],
        "observed_approx_area_km2": 3.233226803886315,
        "observed_boundary_truncated": false,
        "observed_geometry_limit": "CENTROID_ONLY_BBOX_IS_PIXEL_SPACE_NOT_GEO_POLYGON",
        "lpz_forecast_generated": false,
        "kind": "OBSERVED_ORIGIN",
        "lead_from_as_of_minutes": 0
      }
    },
    {
      "type": "Feature",
      "geometry": {
        "type": "Point",
        "coordinates": [
          141.31988134597418,
          38.14537906892376
        ]
      },
      "properties": {
        "research_object_id": "F3-886c07e3d6630ac9-000001",
        "source_slot_utc": "2026-09-21T05:00:00Z",
        "observation_valid_time_utc": "2026-09-21T05:00:00Z",
        "observed_centroid_lon_lat": [
          141.25396728515625,
          38.19718009396175
        ],
        "observed_bbox_pixel": [
          113,
          656,
          116,
          660
        ],
        "observed_approx_area_km2": 3.233226803886315,
        "observed_boundary_truncated": false,
        "observed_geometry_limit": "CENTROID_ONLY_BBOX_IS_PIXEL_SPACE_NOT_GEO_POLYGON",
        "lpz_forecast_generated": false,
        "kind": "RESEARCH_POINT_EXTRAPOLATION",
        "lead_from_as_of_minutes": 15,
        "target_valid_time_utc": "2026-09-21T05:30:00Z",
        "research_only": true,
        "probability": null,
        "intensity": null,
        "footprint": null,
        "affected_regions": null
      }
    },
    {
      "type": "Feature",
      "geometry": {
        "type": "LineString",
        "coordinates": [
          [
            141.25396728515625,
            38.19718009396175
          ],
          [
            141.31988134597418,
            38.14537906892376
          ]
        ]
      },
      "properties": {
        "research_object_id": "F3-886c07e3d6630ac9-000001",
        "source_slot_utc": "2026-09-21T05:00:00Z",
        "observation_valid_time_utc": "2026-09-21T05:00:00Z",
        "observed_centroid_lon_lat": [
          141.25396728515625,
          38.19718009396175
        ],
        "observed_bbox_pixel": [
          113,
          656,
          116,
          660
        ],
        "observed_approx_area_km2": 3.233226803886315,
        "observed_boundary_truncated": false,
        "observed_geometry_limit": "CENTROID_ONLY_BBOX_IS_PIXEL_SPACE_NOT_GEO_POLYGON",
        "lpz_forecast_generated": false,
        "kind": "RESEARCH_POINT_MOTION_ARROW",
        "lead_from_as_of_minutes": 15,
        "target_valid_time_utc": "2026-09-21T05:30:00Z",
        "research_only": true,
        "probability": null,
        "intensity": null,
        "footprint": null,
        "affected_regions": null
      }
    },
    {
      "type": "Feature",
      "geometry": {
        "type": "Point",
        "coordinates": [
          141.3528383763831,
          38.119478556404765
        ]
      },
      "properties": {
        "research_object_id": "F3-886c07e3d6630ac9-000001",
        "source_slot_utc": "2026-09-21T05:00:00Z",
        "observation_valid_time_utc": "2026-09-21T05:00:00Z",
        "observed_centroid_lon_lat": [
          141.25396728515625,
          38.19718009396175
        ],
        "observed_bbox_pixel": [
          113,
          656,
          116,
          660
        ],
        "observed_approx_area_km2": 3.233226803886315,
        "observed_boundary_truncated": false,
        "observed_geometry_limit": "CENTROID_ONLY_BBOX_IS_PIXEL_SPACE_NOT_GEO_POLYGON",
        "lpz_forecast_generated": false,
        "kind": "RESEARCH_POINT_EXTRAPOLATION",
        "lead_from_as_of_minutes": 30,
        "target_valid_time_utc": "2026-09-21T05:45:00Z",
        "research_only": true,
        "probability": null,
        "intensity": null,
        "footprint": null,
        "affected_regions": null
      }
    },
    {
      "type": "Feature",
      "geometry": {
        "type": "LineString",
        "coordinates": [
          [
            141.25396728515625,
            38.19718009396175
          ],
          [
            141.3528383763831,
            38.119478556404765
          ]
        ]
      },
      "properties": {
        "research_object_id": "F3-886c07e3d6630ac9-000001",
        "source_slot_utc": "2026-09-21T05:00:00Z",
        "observation_valid_time_utc": "2026-09-21T05:00:00Z",
        "observed_centroid_lon_lat": [
          141.25396728515625,
          38.19718009396175
        ],
        "observed_bbox_pixel": [
          113,
          656,
          116,
          660
        ],
        "observed_approx_area_km2": 3.233226803886315,
        "observed_boundary_truncated": false,
        "observed_geometry_limit": "CENTROID_ONLY_BBOX_IS_PIXEL_SPACE_NOT_GEO_POLYGON",
        "lpz_forecast_generated": false,
        "kind": "RESEARCH_POINT_MOTION_ARROW",
        "lead_from_as_of_minutes": 30,
        "target_valid_time_utc": "2026-09-21T05:45:00Z",
        "research_only": true,
        "probability": null,
        "intensity": null,
        "footprint": null,
        "affected_regions": null
      }
    },
    {
      "type": "Feature",
      "geometry": {
        "type": "Point",
        "coordinates": [
          141.77581787109375,
          38.511639141458616
        ]
      },
      "properties": {
        "research_object_id": "F3-886c07e3d6630ac9-000002",
        "source_slot_utc": "2026-09-21T05:00:00Z",
        "observation_valid_time_utc": "2026-09-21T05:00:00Z",
        "observed_centroid_lon_lat": [
          141.77581787109375,
          38.511639141458616
        ],
        "observed_bbox_pixel": [
          202,
          577,
          213,
          595
        ],
        "observed_approx_area_km2": 30.221071114804385,
        "observed_boundary_truncated": false,
        "observed_geometry_limit": "CENTROID_ONLY_BBOX_IS_PIXEL_SPACE_NOT_GEO_POLYGON",
        "lpz_forecast_generated": false,
        "kind": "OBSERVED_ORIGIN",
        "lead_from_as_of_minutes": 0
      }
    },
    {
      "type": "Feature",
      "geometry": {
        "type": "Point",
        "coordinates": [
          141.70990186991958,
          38.485850109729384
        ]
      },
      "properties": {
        "research_object_id": "F3-886c07e3d6630ac9-000002",
        "source_slot_utc": "2026-09-21T05:00:00Z",
        "observation_valid_time_utc": "2026-09-21T05:00:00Z",
        "observed_centroid_lon_lat": [
          141.77581787109375,
          38.511639141458616
        ],
        "observed_bbox_pixel": [
          202,
          577,
          213,
          595
        ],
        "observed_approx_area_km2": 30.221071114804385,
        "observed_boundary_truncated": false,
        "observed_geometry_limit": "CENTROID_ONLY_BBOX_IS_PIXEL_SPACE_NOT_GEO_POLYGON",
        "lpz_forecast_generated": false,
        "kind": "RESEARCH_POINT_EXTRAPOLATION",
        "lead_from_as_of_minutes": 15,
        "target_valid_time_utc": "2026-09-21T05:30:00Z",
        "research_only": true,
        "probability": null,
        "intensity": null,
        "footprint": null,
        "affected_regions": null
      }
    },
    {
      "type": "Feature",
      "geometry": {
        "type": "LineString",
        "coordinates": [
          [
            141.77581787109375,
            38.511639141458616
          ],
          [
            141.70990186991958,
            38.485850109729384
          ]
        ]
      },
      "properties": {
        "research_object_id": "F3-886c07e3d6630ac9-000002",
        "source_slot_utc": "2026-09-21T05:00:00Z",
        "observation_valid_time_utc": "2026-09-21T05:00:00Z",
        "observed_centroid_lon_lat": [
          141.77581787109375,
          38.511639141458616
        ],
        "observed_bbox_pixel": [
          202,
          577,
          213,
          595
        ],
        "observed_approx_area_km2": 30.221071114804385,
        "observed_boundary_truncated": false,
        "observed_geometry_limit": "CENTROID_ONLY_BBOX_IS_PIXEL_SPACE_NOT_GEO_POLYGON",
        "lpz_forecast_generated": false,
        "kind": "RESEARCH_POINT_MOTION_ARROW",
        "lead_from_as_of_minutes": 15,
        "target_valid_time_utc": "2026-09-21T05:30:00Z",
        "research_only": true,
        "probability": null,
        "intensity": null,
        "footprint": null,
        "affected_regions": null
      }
    },
    {
      "type": "Feature",
      "geometry": {
        "type": "Point",
        "coordinates": [
          141.67694386933255,
          38.47295559386477
        ]
      },
      "properties": {
        "research_object_id": "F3-886c07e3d6630ac9-000002",
        "source_slot_utc": "2026-09-21T05:00:00Z",
        "observation_valid_time_utc": "2026-09-21T05:00:00Z",
        "observed_centroid_lon_lat": [
          141.77581787109375,
          38.511639141458616
        ],
        "observed_bbox_pixel": [
          202,
          577,
          213,
          595
        ],
        "observed_approx_area_km2": 30.221071114804385,
        "observed_boundary_truncated": false,
        "observed_geometry_limit": "CENTROID_ONLY_BBOX_IS_PIXEL_SPACE_NOT_GEO_POLYGON",
        "lpz_forecast_generated": false,
        "kind": "RESEARCH_POINT_EXTRAPOLATION",
        "lead_from_as_of_minutes": 30,
        "target_valid_time_utc": "2026-09-21T05:45:00Z",
        "research_only": true,
        "probability": null,
        "intensity": null,
        "footprint": null,
        "affected_regions": null
      }
    },
    {
      "type": "Feature",
      "geometry": {
        "type": "LineString",
        "coordinates": [
          [
            141.77581787109375,
            38.511639141458616
          ],
          [
            141.67694386933255,
            38.47295559386477
          ]
        ]
      },
      "properties": {
        "research_object_id": "F3-886c07e3d6630ac9-000002",
        "source_slot_utc": "2026-09-21T05:00:00Z",
        "observation_valid_time_utc": "2026-09-21T05:00:00Z",
        "observed_centroid_lon_lat": [
          141.77581787109375,
          38.511639141458616
        ],
        "observed_bbox_pixel": [
          202,
          577,
          213,
          595
        ],
        "observed_approx_area_km2": 30.221071114804385,
        "observed_boundary_truncated": false,
        "observed_geometry_limit": "CENTROID_ONLY_BBOX_IS_PIXEL_SPACE_NOT_GEO_POLYGON",
        "lpz_forecast_generated": false,
        "kind": "RESEARCH_POINT_MOTION_ARROW",
        "lead_from_as_of_minutes": 30,
        "target_valid_time_utc": "2026-09-21T05:45:00Z",
        "research_only": true,
        "probability": null,
        "intensity": null,
        "footprint": null,
        "affected_regions": null
      }
    },
    {
      "type": "Feature",
      "geometry": {
        "type": "Point",
        "coordinates": [
          140.99578857421875,
          38.36965556758702
        ]
      },
      "properties": {
        "research_object_id": "F3-886c07e3d6630ac9-000003",
        "source_slot_utc": "2026-09-21T05:00:00Z",
        "observation_valid_time_utc": "2026-09-21T05:00:00Z",
        "observed_centroid_lon_lat": [
          140.99578857421875,
          38.36965556758702
        ],
        "observed_bbox_pixel": [
          60,
          614,
          73,
          622
        ],
        "observed_approx_area_km2": 16.549196209479973,
        "observed_boundary_truncated": false,
        "observed_geometry_limit": "CENTROID_ONLY_BBOX_IS_PIXEL_SPACE_NOT_GEO_POLYGON",
        "lpz_forecast_generated": false,
        "kind": "OBSERVED_ORIGIN",
        "lead_from_as_of_minutes": 0
      }
    },
    {
      "type": "Feature",
      "geometry": {
        "type": "Point",
        "coordinates": [
          141.02875638561795,
          38.60228305551094
        ]
      },
      "properties": {
        "research_object_id": "F3-886c07e3d6630ac9-000003",
        "source_slot_utc": "2026-09-21T05:00:00Z",
        "observation_valid_time_utc": "2026-09-21T05:00:00Z",
        "observed_centroid_lon_lat": [
          140.99578857421875,
          38.36965556758702
        ],
        "observed_bbox_pixel": [
          60,
          614,
          73,
          622
        ],
        "observed_approx_area_km2": 16.549196209479973,
        "observed_boundary_truncated": false,
        "observed_geometry_limit": "CENTROID_ONLY_BBOX_IS_PIXEL_SPACE_NOT_GEO_POLYGON",
        "lpz_forecast_generated": false,
        "kind": "RESEARCH_POINT_EXTRAPOLATION",
        "lead_from_as_of_minutes": 15,
        "target_valid_time_utc": "2026-09-21T05:30:00Z",
        "research_only": true,
        "probability": null,
        "intensity": null,
        "footprint": null,
        "affected_regions": null
      }
    },
    {
      "type": "Feature",
      "geometry": {
        "type": "LineString",
        "coordinates": [
          [
            140.99578857421875,
            38.36965556758702
          ],
          [
            141.02875638561795,
            38.60228305551094
          ]
        ]
      },
      "properties": {
        "research_object_id": "F3-886c07e3d6630ac9-000003",
        "source_slot_utc": "2026-09-21T05:00:00Z",
        "observation_valid_time_utc": "2026-09-21T05:00:00Z",
        "observed_centroid_lon_lat": [
          140.99578857421875,
          38.36965556758702
        ],
        "observed_bbox_pixel": [
          60,
          614,
          73,
          622
        ],
        "observed_approx_area_km2": 16.549196209479973,
        "observed_boundary_truncated": false,
        "observed_geometry_limit": "CENTROID_ONLY_BBOX_IS_PIXEL_SPACE_NOT_GEO_POLYGON",
        "lpz_forecast_generated": false,
        "kind": "RESEARCH_POINT_MOTION_ARROW",
        "lead_from_as_of_minutes": 15,
        "target_valid_time_utc": "2026-09-21T05:30:00Z",
        "research_only": true,
        "probability": null,
        "intensity": null,
        "footprint": null,
        "affected_regions": null
      }
    },
    {
      "type": "Feature",
      "geometry": {
        "type": "Point",
        "coordinates": [
          141.04524029131755,
          38.7185967994729
        ]
      },
      "properties": {
        "research_object_id": "F3-886c07e3d6630ac9-000003",
        "source_slot_utc": "2026-09-21T05:00:00Z",
        "observation_valid_time_utc": "2026-09-21T05:00:00Z",
        "observed_centroid_lon_lat": [
          140.99578857421875,
          38.36965556758702
        ],
        "observed_bbox_pixel": [
          60,
          614,
          73,
          622
        ],
        "observed_approx_area_km2": 16.549196209479973,
        "observed_boundary_truncated": false,
        "observed_geometry_limit": "CENTROID_ONLY_BBOX_IS_PIXEL_SPACE_NOT_GEO_POLYGON",
        "lpz_forecast_generated": false,
        "kind": "RESEARCH_POINT_EXTRAPOLATION",
        "lead_from_as_of_minutes": 30,
        "target_valid_time_utc": "2026-09-21T05:45:00Z",
        "research_only": true,
        "probability": null,
        "intensity": null,
        "footprint": null,
        "affected_regions": null
      }
    },
    {
      "type": "Feature",
      "geometry": {
        "type": "LineString",
        "coordinates": [
          [
            140.99578857421875,
            38.36965556758702
          ],
          [
            141.04524029131755,
            38.7185967994729
          ]
        ]
      },
      "properties": {
        "research_object_id": "F3-886c07e3d6630ac9-000003",
        "source_slot_utc": "2026-09-21T05:00:00Z",
        "observation_valid_time_utc": "2026-09-21T05:00:00Z",
        "observed_centroid_lon_lat": [
          140.99578857421875,
          38.36965556758702
        ],
        "observed_bbox_pixel": [
          60,
          614,
          73,
          622
        ],
        "observed_approx_area_km2": 16.549196209479973,
        "observed_boundary_truncated": false,
        "observed_geometry_limit": "CENTROID_ONLY_BBOX_IS_PIXEL_SPACE_NOT_GEO_POLYGON",
        "lpz_forecast_generated": false,
        "kind": "RESEARCH_POINT_MOTION_ARROW",
        "lead_from_as_of_minutes": 30,
        "target_valid_time_utc": "2026-09-21T05:45:00Z",
        "research_only": true,
        "probability": null,
        "intensity": null,
        "footprint": null,
        "affected_regions": null
      }
    },
    {
      "type": "Feature",
      "geometry": {
        "type": "Point",
        "coordinates": [
          141.82525634765625,
          38.46434231629164
        ]
      },
      "properties": {
        "research_object_id": "F3-886c07e3d6630ac9-000004",
        "source_slot_utc": "2026-09-21T05:00:00Z",
        "observation_valid_time_utc": "2026-09-21T05:00:00Z",
        "observed_centroid_lon_lat": [
          141.82525634765625,
          38.46434231629164
        ],
        "observed_bbox_pixel": [
          215,
          592,
          221,
          600
        ],
        "observed_approx_area_km2": 11.691660230544883,
        "observed_boundary_truncated": false,
        "observed_geometry_limit": "CENTROID_ONLY_BBOX_IS_PIXEL_SPACE_NOT_GEO_POLYGON",
        "lpz_forecast_generated": false,
        "kind": "OBSERVED_ORIGIN",
        "lead_from_as_of_minutes": 0
      }
    },
    {
      "type": "Feature",
      "geometry": {
        "type": "Point",
        "coordinates": [
          141.8582241774821,
          38.69666524518848
        ]
      },
      "properties": {
        "research_object_id": "F3-886c07e3d6630ac9-000004",
        "source_slot_utc": "2026-09-21T05:00:00Z",
        "observation_valid_time_utc": "2026-09-21T05:00:00Z",
        "observed_centroid_lon_lat": [
          141.82525634765625,
          38.46434231629164
        ],
        "observed_bbox_pixel": [
          215,
          592,
          221,
          600
        ],
        "observed_approx_area_km2": 11.691660230544883,
        "observed_boundary_truncated": false,
        "observed_geometry_limit": "CENTROID_ONLY_BBOX_IS_PIXEL_SPACE_NOT_GEO_POLYGON",
        "lpz_forecast_generated": false,
        "kind": "RESEARCH_POINT_EXTRAPOLATION",
        "lead_from_as_of_minutes": 15,
        "target_valid_time_utc": "2026-09-21T05:30:00Z",
        "research_only": true,
        "probability": null,
        "intensity": null,
        "footprint": null,
        "affected_regions": null
      }
    },
    {
      "type": "Feature",
      "geometry": {
        "type": "LineString",
        "coordinates": [
          [
            141.82525634765625,
            38.46434231629164
          ],
          [
            141.8582241774821,
            38.69666524518848
          ]
        ]
      },
      "properties": {
        "research_object_id": "F3-886c07e3d6630ac9-000004",
        "source_slot_utc": "2026-09-21T05:00:00Z",
        "observation_valid_time_utc": "2026-09-21T05:00:00Z",
        "observed_centroid_lon_lat": [
          141.82525634765625,
          38.46434231629164
        ],
        "observed_bbox_pixel": [
          215,
          592,
          221,
          600
        ],
        "observed_approx_area_km2": 11.691660230544883,
        "observed_boundary_truncated": false,
        "observed_geometry_limit": "CENTROID_ONLY_BBOX_IS_PIXEL_SPACE_NOT_GEO_POLYGON",
        "lpz_forecast_generated": false,
        "kind": "RESEARCH_POINT_MOTION_ARROW",
        "lead_from_as_of_minutes": 15,
        "target_valid_time_utc": "2026-09-21T05:30:00Z",
        "research_only": true,
        "probability": null,
        "intensity": null,
        "footprint": null,
        "affected_regions": null
      }
    },
    {
      "type": "Feature",
      "geometry": {
        "type": "Point",
        "coordinates": [
          141.87470809239505,
          38.812826709636894
        ]
      },
      "properties": {
        "research_object_id": "F3-886c07e3d6630ac9-000004",
        "source_slot_utc": "2026-09-21T05:00:00Z",
        "observation_valid_time_utc": "2026-09-21T05:00:00Z",
        "observed_centroid_lon_lat": [
          141.82525634765625,
          38.46434231629164
        ],
        "observed_bbox_pixel": [
          215,
          592,
          221,
          600
        ],
        "observed_approx_area_km2": 11.691660230544883,
        "observed_boundary_truncated": false,
        "observed_geometry_limit": "CENTROID_ONLY_BBOX_IS_PIXEL_SPACE_NOT_GEO_POLYGON",
        "lpz_forecast_generated": false,
        "kind": "RESEARCH_POINT_EXTRAPOLATION",
        "lead_from_as_of_minutes": 30,
        "target_valid_time_utc": "2026-09-21T05:45:00Z",
        "research_only": true,
        "probability": null,
        "intensity": null,
        "footprint": null,
        "affected_regions": null
      }
    },
    {
      "type": "Feature",
      "geometry": {
        "type": "LineString",
        "coordinates": [
          [
            141.82525634765625,
            38.46434231629164
          ],
          [
            141.87470809239505,
            38.812826709636894
          ]
        ]
      },
      "properties": {
        "research_object_id": "F3-886c07e3d6630ac9-000004",
        "source_slot_utc": "2026-09-21T05:00:00Z",
        "observation_valid_time_utc": "2026-09-21T05:00:00Z",
        "observed_centroid_lon_lat": [
          141.82525634765625,
          38.46434231629164
        ],
        "observed_bbox_pixel": [
          215,
          592,
          221,
          600
        ],
        "observed_approx_area_km2": 11.691660230544883,
        "observed_boundary_truncated": false,
        "observed_geometry_limit": "CENTROID_ONLY_BBOX_IS_PIXEL_SPACE_NOT_GEO_POLYGON",
        "lpz_forecast_generated": false,
        "kind": "RESEARCH_POINT_MOTION_ARROW",
        "lead_from_as_of_minutes": 30,
        "target_valid_time_utc": "2026-09-21T05:45:00Z",
        "research_only": true,
        "probability": null,
        "intensity": null,
        "footprint": null,
        "affected_regions": null
      }
    },
    {
      "type": "Feature",
      "geometry": {
        "type": "Point",
        "coordinates": [
          140.62774658203125,
          37.05736900011469
        ]
      },
      "properties": {
        "research_object_id": "F3-886c07e3d6630ac9-000005",
        "source_slot_utc": "2026-09-21T05:00:00Z",
        "observation_valid_time_utc": "2026-09-21T05:00:00Z",
        "observed_centroid_lon_lat": [
          140.62774658203125,
          37.05736900011469
        ],
        "observed_bbox_pixel": [
          0,
          914,
          1,
          923
        ],
        "observed_approx_area_km2": 3.095794323493056,
        "observed_boundary_truncated": true,
        "observed_geometry_limit": "CENTROID_ONLY_BBOX_IS_PIXEL_SPACE_NOT_GEO_POLYGON",
        "lpz_forecast_generated": false,
        "kind": "OBSERVED_ORIGIN",
        "lead_from_as_of_minutes": 0
      }
    },
    {
      "type": "Feature",
      "geometry": {
        "type": "Point",
        "coordinates": [
          140.52885820352606,
          37.16259052251732
        ]
      },
      "properties": {
        "research_object_id": "F3-886c07e3d6630ac9-000005",
        "source_slot_utc": "2026-09-21T05:00:00Z",
        "observation_valid_time_utc": "2026-09-21T05:00:00Z",
        "observed_centroid_lon_lat": [
          140.62774658203125,
          37.05736900011469
        ],
        "observed_bbox_pixel": [
          0,
          914,
          1,
          923
        ],
        "observed_approx_area_km2": 3.095794323493056,
        "observed_boundary_truncated": true,
        "observed_geometry_limit": "CENTROID_ONLY_BBOX_IS_PIXEL_SPACE_NOT_GEO_POLYGON",
        "lpz_forecast_generated": false,
        "kind": "RESEARCH_POINT_EXTRAPOLATION",
        "lead_from_as_of_minutes": 15,
        "target_valid_time_utc": "2026-09-21T05:30:00Z",
        "research_only": true,
        "probability": null,
        "intensity": null,
        "footprint": null,
        "affected_regions": null
      }
    },
    {
      "type": "Feature",
      "geometry": {
        "type": "LineString",
        "coordinates": [
          [
            140.62774658203125,
            37.05736900011469
          ],
          [
            140.52885820352606,
            37.16259052251732
          ]
        ]
      },
      "properties": {
        "research_object_id": "F3-886c07e3d6630ac9-000005",
        "source_slot_utc": "2026-09-21T05:00:00Z",
        "observation_valid_time_utc": "2026-09-21T05:00:00Z",
        "observed_centroid_lon_lat": [
          140.62774658203125,
          37.05736900011469
        ],
        "observed_bbox_pixel": [
          0,
          914,
          1,
          923
        ],
        "observed_approx_area_km2": 3.095794323493056,
        "observed_boundary_truncated": true,
        "observed_geometry_limit": "CENTROID_ONLY_BBOX_IS_PIXEL_SPACE_NOT_GEO_POLYGON",
        "lpz_forecast_generated": false,
        "kind": "RESEARCH_POINT_MOTION_ARROW",
        "lead_from_as_of_minutes": 15,
        "target_valid_time_utc": "2026-09-21T05:30:00Z",
        "research_only": true,
        "probability": null,
        "intensity": null,
        "footprint": null,
        "affected_regions": null
      }
    },
    {
      "type": "Feature",
      "geometry": {
        "type": "Point",
        "coordinates": [
          140.4794140142734,
          37.215201283718635
        ]
      },
      "properties": {
        "research_object_id": "F3-886c07e3d6630ac9-000005",
        "source_slot_utc": "2026-09-21T05:00:00Z",
        "observation_valid_time_utc": "2026-09-21T05:00:00Z",
        "observed_centroid_lon_lat": [
          140.62774658203125,
          37.05736900011469
        ],
        "observed_bbox_pixel": [
          0,
          914,
          1,
          923
        ],
        "observed_approx_area_km2": 3.095794323493056,
        "observed_boundary_truncated": true,
        "observed_geometry_limit": "CENTROID_ONLY_BBOX_IS_PIXEL_SPACE_NOT_GEO_POLYGON",
        "lpz_forecast_generated": false,
        "kind": "RESEARCH_POINT_EXTRAPOLATION",
        "lead_from_as_of_minutes": 30,
        "target_valid_time_utc": "2026-09-21T05:45:00Z",
        "research_only": true,
        "probability": null,
        "intensity": null,
        "footprint": null,
        "affected_regions": null
      }
    },
    {
      "type": "Feature",
      "geometry": {
        "type": "LineString",
        "coordinates": [
          [
            140.62774658203125,
            37.05736900011469
          ],
          [
            140.4794140142734,
            37.215201283718635
          ]
        ]
      },
      "properties": {
        "research_object_id": "F3-886c07e3d6630ac9-000005",
        "source_slot_utc": "2026-09-21T05:00:00Z",
        "observation_valid_time_utc": "2026-09-21T05:00:00Z",
        "observed_centroid_lon_lat": [
          140.62774658203125,
          37.05736900011469
        ],
        "observed_bbox_pixel": [
          0,
          914,
          1,
          923
        ],
        "observed_approx_area_km2": 3.095794323493056,
        "observed_boundary_truncated": true,
        "observed_geometry_limit": "CENTROID_ONLY_BBOX_IS_PIXEL_SPACE_NOT_GEO_POLYGON",
        "lpz_forecast_generated": false,
        "kind": "RESEARCH_POINT_MOTION_ARROW",
        "lead_from_as_of_minutes": 30,
        "target_valid_time_utc": "2026-09-21T05:45:00Z",
        "research_only": true,
        "probability": null,
        "intensity": null,
        "footprint": null,
        "affected_regions": null
      }
    },
    {
      "type": "Feature",
      "geometry": {
        "type": "Point",
        "coordinates": [
          141.39678955078125,
          37.916034339759634
        ]
      },
      "properties": {
        "research_object_id": "F3-886c07e3d6630ac9-000008",
        "source_slot_utc": "2026-09-21T05:00:00Z",
        "observation_valid_time_utc": "2026-09-21T05:00:00Z",
        "observed_centroid_lon_lat": [
          141.39678955078125,
          37.916034339759634
        ],
        "observed_bbox_pixel": [
          133,
          716,
          145,
          729
        ],
        "observed_approx_area_km2": 27.46166427864432,
        "observed_boundary_truncated": false,
        "observed_geometry_limit": "CENTROID_ONLY_BBOX_IS_PIXEL_SPACE_NOT_GEO_POLYGON",
        "lpz_forecast_generated": false,
        "kind": "OBSERVED_ORIGIN",
        "lead_from_as_of_minutes": 0
      }
    },
    {
      "type": "Feature",
      "geometry": {
        "type": "Point",
        "coordinates": [
          141.42975533162996,
          38.09808406921657
        ]
      },
      "properties": {
        "research_object_id": "F3-886c07e3d6630ac9-000008",
        "source_slot_utc": "2026-09-21T05:00:00Z",
        "observation_valid_time_utc": "2026-09-21T05:00:00Z",
        "observed_centroid_lon_lat": [
          141.39678955078125,
          37.916034339759634
        ],
        "observed_bbox_pixel": [
          133,
          716,
          145,
          729
        ],
        "observed_approx_area_km2": 27.46166427864432,
        "observed_boundary_truncated": false,
        "observed_geometry_limit": "CENTROID_ONLY_BBOX_IS_PIXEL_SPACE_NOT_GEO_POLYGON",
        "lpz_forecast_generated": false,
        "kind": "RESEARCH_POINT_EXTRAPOLATION",
        "lead_from_as_of_minutes": 15,
        "target_valid_time_utc": "2026-09-21T05:30:00Z",
        "research_only": true,
        "probability": null,
        "intensity": null,
        "footprint": null,
        "affected_regions": null
      }
    },
    {
      "type": "Feature",
      "geometry": {
        "type": "LineString",
        "coordinates": [
          [
            141.39678955078125,
            37.916034339759634
          ],
          [
            141.42975533162996,
            38.09808406921657
          ]
        ]
      },
      "properties": {
        "research_object_id": "F3-886c07e3d6630ac9-000008",
        "source_slot_utc": "2026-09-21T05:00:00Z",
        "observation_valid_time_utc": "2026-09-21T05:00:00Z",
        "observed_centroid_lon_lat": [
          141.39678955078125,
          37.916034339759634
        ],
        "observed_bbox_pixel": [
          133,
          716,
          145,
          729
        ],
        "observed_approx_area_km2": 27.46166427864432,
        "observed_boundary_truncated": false,
        "observed_geometry_limit": "CENTROID_ONLY_BBOX_IS_PIXEL_SPACE_NOT_GEO_POLYGON",
        "lpz_forecast_generated": false,
        "kind": "RESEARCH_POINT_MOTION_ARROW",
        "lead_from_as_of_minutes": 15,
        "target_valid_time_utc": "2026-09-21T05:30:00Z",
        "research_only": true,
        "probability": null,
        "intensity": null,
        "footprint": null,
        "affected_regions": null
      }
    },
    {
      "type": "Feature",
      "geometry": {
        "type": "Point",
        "coordinates": [
          141.44623822205432,
          38.189108933945036
        ]
      },
      "properties": {
        "research_object_id": "F3-886c07e3d6630ac9-000008",
        "source_slot_utc": "2026-09-21T05:00:00Z",
        "observation_valid_time_utc": "2026-09-21T05:00:00Z",
        "observed_centroid_lon_lat": [
          141.39678955078125,
          37.916034339759634
        ],
        "observed_bbox_pixel": [
          133,
          716,
          145,
          729
        ],
        "observed_approx_area_km2": 27.46166427864432,
        "observed_boundary_truncated": false,
        "observed_geometry_limit": "CENTROID_ONLY_BBOX_IS_PIXEL_SPACE_NOT_GEO_POLYGON",
        "lpz_forecast_generated": false,
        "kind": "RESEARCH_POINT_EXTRAPOLATION",
        "lead_from_as_of_minutes": 30,
        "target_valid_time_utc": "2026-09-21T05:45:00Z",
        "research_only": true,
        "probability": null,
        "intensity": null,
        "footprint": null,
        "affected_regions": null
      }
    },
    {
      "type": "Feature",
      "geometry": {
        "type": "LineString",
        "coordinates": [
          [
            141.39678955078125,
            37.916034339759634
          ],
          [
            141.44623822205432,
            38.189108933945036
          ]
        ]
      },
      "properties": {
        "research_object_id": "F3-886c07e3d6630ac9-000008",
        "source_slot_utc": "2026-09-21T05:00:00Z",
        "observation_valid_time_utc": "2026-09-21T05:00:00Z",
        "observed_centroid_lon_lat": [
          141.39678955078125,
          37.916034339759634
        ],
        "observed_bbox_pixel": [
          133,
          716,
          145,
          729
        ],
        "observed_approx_area_km2": 27.46166427864432,
        "observed_boundary_truncated": false,
        "observed_geometry_limit": "CENTROID_ONLY_BBOX_IS_PIXEL_SPACE_NOT_GEO_POLYGON",
        "lpz_forecast_generated": false,
        "kind": "RESEARCH_POINT_MOTION_ARROW",
        "lead_from_as_of_minutes": 30,
        "target_valid_time_utc": "2026-09-21T05:45:00Z",
        "research_only": true,
        "probability": null,
        "intensity": null,
        "footprint": null,
        "affected_regions": null
      }
    },
    {
      "type": "Feature",
      "geometry": {
        "type": "Point",
        "coordinates": [
          141.96807861328125,
          38.550313450379036
        ]
      },
      "properties": {
        "research_object_id": "F3-886c07e3d6630ac9-000015",
        "source_slot_utc": "2026-09-21T05:00:00Z",
        "observation_valid_time_utc": "2026-09-21T05:00:00Z",
        "observed_centroid_lon_lat": [
          141.96807861328125,
          38.550313450379036
        ],
        "observed_bbox_pixel": [
          244,
          575,
          244,
          576
        ],
        "observed_approx_area_km2": 0.4574030345279718,
        "observed_boundary_truncated": false,
        "observed_geometry_limit": "CENTROID_ONLY_BBOX_IS_PIXEL_SPACE_NOT_GEO_POLYGON",
        "lpz_forecast_generated": false,
        "kind": "OBSERVED_ORIGIN",
        "lead_from_as_of_minutes": 0
      }
    },
    {
      "type": "Feature",
      "geometry": {
        "type": "Point",
        "coordinates": [
          142.16579707426325,
          38.39568551587661
        ]
      },
      "properties": {
        "research_object_id": "F3-886c07e3d6630ac9-000015",
        "source_slot_utc": "2026-09-21T05:00:00Z",
        "observation_valid_time_utc": "2026-09-21T05:00:00Z",
        "observed_centroid_lon_lat": [
          141.96807861328125,
          38.550313450379036
        ],
        "observed_bbox_pixel": [
          244,
          575,
          244,
          576
        ],
        "observed_approx_area_km2": 0.4574030345279718,
        "observed_boundary_truncated": false,
        "observed_geometry_limit": "CENTROID_ONLY_BBOX_IS_PIXEL_SPACE_NOT_GEO_POLYGON",
        "lpz_forecast_generated": false,
        "kind": "RESEARCH_POINT_EXTRAPOLATION",
        "lead_from_as_of_minutes": 15,
        "target_valid_time_utc": "2026-09-21T05:30:00Z",
        "research_only": true,
        "probability": null,
        "intensity": null,
        "footprint": null,
        "affected_regions": null
      }
    },
    {
      "type": "Feature",
      "geometry": {
        "type": "LineString",
        "coordinates": [
          [
            141.96807861328125,
            38.550313450379036
          ],
          [
            142.16579707426325,
            38.39568551587661
          ]
        ]
      },
      "properties": {
        "research_object_id": "F3-886c07e3d6630ac9-000015",
        "source_slot_utc": "2026-09-21T05:00:00Z",
        "observation_valid_time_utc": "2026-09-21T05:00:00Z",
        "observed_centroid_lon_lat": [
          141.96807861328125,
          38.550313450379036
        ],
        "observed_bbox_pixel": [
          244,
          575,
          244,
          576
        ],
        "observed_approx_area_km2": 0.4574030345279718,
        "observed_boundary_truncated": false,
        "observed_geometry_limit": "CENTROID_ONLY_BBOX_IS_PIXEL_SPACE_NOT_GEO_POLYGON",
        "lpz_forecast_generated": false,
        "kind": "RESEARCH_POINT_MOTION_ARROW",
        "lead_from_as_of_minutes": 15,
        "target_valid_time_utc": "2026-09-21T05:30:00Z",
        "research_only": true,
        "probability": null,
        "intensity": null,
        "footprint": null,
        "affected_regions": null
      }
    },
    {
      "type": "Feature",
      "geometry": {
        "type": "Point",
        "coordinates": [
          142.26465630475428,
          38.31837154862539
        ]
      },
      "properties": {
        "research_object_id": "F3-886c07e3d6630ac9-000015",
        "source_slot_utc": "2026-09-21T05:00:00Z",
        "observation_valid_time_utc": "2026-09-21T05:00:00Z",
        "observed_centroid_lon_lat": [
          141.96807861328125,
          38.550313450379036
        ],
        "observed_bbox_pixel": [
          244,
          575,
          244,
          576
        ],
        "observed_approx_area_km2": 0.4574030345279718,
        "observed_boundary_truncated": false,
        "observed_geometry_limit": "CENTROID_ONLY_BBOX_IS_PIXEL_SPACE_NOT_GEO_POLYGON",
        "lpz_forecast_generated": false,
        "kind": "RESEARCH_POINT_EXTRAPOLATION",
        "lead_from_as_of_minutes": 30,
        "target_valid_time_utc": "2026-09-21T05:45:00Z",
        "research_only": true,
        "probability": null,
        "intensity": null,
        "footprint": null,
        "affected_regions": null
      }
    },
    {
      "type": "Feature",
      "geometry": {
        "type": "LineString",
        "coordinates": [
          [
            141.96807861328125,
            38.550313450379036
          ],
          [
            142.26465630475428,
            38.31837154862539
          ]
        ]
      },
      "properties": {
        "research_object_id": "F3-886c07e3d6630ac9-000015",
        "source_slot_utc": "2026-09-21T05:00:00Z",
        "observation_valid_time_utc": "2026-09-21T05:00:00Z",
        "observed_centroid_lon_lat": [
          141.96807861328125,
          38.550313450379036
        ],
        "observed_bbox_pixel": [
          244,
          575,
          244,
          576
        ],
        "observed_approx_area_km2": 0.4574030345279718,
        "observed_boundary_truncated": false,
        "observed_geometry_limit": "CENTROID_ONLY_BBOX_IS_PIXEL_SPACE_NOT_GEO_POLYGON",
        "lpz_forecast_generated": false,
        "kind": "RESEARCH_POINT_MOTION_ARROW",
        "lead_from_as_of_minutes": 30,
        "target_valid_time_utc": "2026-09-21T05:45:00Z",
        "research_only": true,
        "probability": null,
        "intensity": null,
        "footprint": null,
        "affected_regions": null
      }
    },
    {
      "type": "Feature",
      "geometry": {
        "type": "Point",
        "coordinates": [
          141.28143310546875,
          38.27053224010455
        ]
      },
      "properties": {
        "research_object_id": "F3-886c07e3d6630ac9-000017",
        "source_slot_utc": "2026-09-21T05:00:00Z",
        "observation_valid_time_utc": "2026-09-21T05:00:00Z",
        "observed_centroid_lon_lat": [
          141.28143310546875,
          38.27053224010455
        ],
        "observed_bbox_pixel": [
          114,
          638,
          125,
          643
        ],
        "observed_approx_area_km2": 10.602049918124969,
        "observed_boundary_truncated": false,
        "observed_geometry_limit": "CENTROID_ONLY_BBOX_IS_PIXEL_SPACE_NOT_GEO_POLYGON",
        "lpz_forecast_generated": false,
        "kind": "OBSERVED_ORIGIN",
        "lead_from_as_of_minutes": 0
      }
    },
    {
      "type": "Feature",
      "geometry": {
        "type": "Point",
        "coordinates": [
          141.34736281762525,
          38.42581550417005
        ]
      },
      "properties": {
        "research_object_id": "F3-886c07e3d6630ac9-000017",
        "source_slot_utc": "2026-09-21T05:00:00Z",
        "observation_valid_time_utc": "2026-09-21T05:00:00Z",
        "observed_centroid_lon_lat": [
          141.28143310546875,
          38.27053224010455
        ],
        "observed_bbox_pixel": [
          114,
          638,
          125,
          643
        ],
        "observed_approx_area_km2": 10.602049918124969,
        "observed_boundary_truncated": false,
        "observed_geometry_limit": "CENTROID_ONLY_BBOX_IS_PIXEL_SPACE_NOT_GEO_POLYGON",
        "lpz_forecast_generated": false,
        "kind": "RESEARCH_POINT_EXTRAPOLATION",
        "lead_from_as_of_minutes": 15,
        "target_valid_time_utc": "2026-09-21T05:30:00Z",
        "research_only": true,
        "probability": null,
        "intensity": null,
        "footprint": null,
        "affected_regions": null
      }
    },
    {
      "type": "Feature",
      "geometry": {
        "type": "LineString",
        "coordinates": [
          [
            141.28143310546875,
            38.27053224010455
          ],
          [
            141.34736281762525,
            38.42581550417005
          ]
        ]
      },
      "properties": {
        "research_object_id": "F3-886c07e3d6630ac9-000017",
        "source_slot_utc": "2026-09-21T05:00:00Z",
        "observation_valid_time_utc": "2026-09-21T05:00:00Z",
        "observed_centroid_lon_lat": [
          141.28143310546875,
          38.27053224010455
        ],
        "observed_bbox_pixel": [
          114,
          638,
          125,
          643
        ],
        "observed_approx_area_km2": 10.602049918124969,
        "observed_boundary_truncated": false,
        "observed_geometry_limit": "CENTROID_ONLY_BBOX_IS_PIXEL_SPACE_NOT_GEO_POLYGON",
        "lpz_forecast_generated": false,
        "kind": "RESEARCH_POINT_MOTION_ARROW",
        "lead_from_as_of_minutes": 15,
        "target_valid_time_utc": "2026-09-21T05:30:00Z",
        "research_only": true,
        "probability": null,
        "intensity": null,
        "footprint": null,
        "affected_regions": null
      }
    },
    {
      "type": "Feature",
      "geometry": {
        "type": "Point",
        "coordinates": [
          141.38032767370356,
          38.503457136202805
        ]
      },
      "properties": {
        "research_object_id": "F3-886c07e3d6630ac9-000017",
        "source_slot_utc": "2026-09-21T05:00:00Z",
        "observation_valid_time_utc": "2026-09-21T05:00:00Z",
        "observed_centroid_lon_lat": [
          141.28143310546875,
          38.27053224010455
        ],
        "observed_bbox_pixel": [
          114,
          638,
          125,
          643
        ],
        "observed_approx_area_km2": 10.602049918124969,
        "observed_boundary_truncated": false,
        "observed_geometry_limit": "CENTROID_ONLY_BBOX_IS_PIXEL_SPACE_NOT_GEO_POLYGON",
        "lpz_forecast_generated": false,
        "kind": "RESEARCH_POINT_EXTRAPOLATION",
        "lead_from_as_of_minutes": 30,
        "target_valid_time_utc": "2026-09-21T05:45:00Z",
        "research_only": true,
        "probability": null,
        "intensity": null,
        "footprint": null,
        "affected_regions": null
      }
    },
    {
      "type": "Feature",
      "geometry": {
        "type": "LineString",
        "coordinates": [
          [
            141.28143310546875,
            38.27053224010455
          ],
          [
            141.38032767370356,
            38.503457136202805
          ]
        ]
      },
      "properties": {
        "research_object_id": "F3-886c07e3d6630ac9-000017",
        "source_slot_utc": "2026-09-21T05:00:00Z",
        "observation_valid_time_utc": "2026-09-21T05:00:00Z",
        "observed_centroid_lon_lat": [
          141.28143310546875,
          38.27053224010455
        ],
        "observed_bbox_pixel": [
          114,
          638,
          125,
          643
        ],
        "observed_approx_area_km2": 10.602049918124969,
        "observed_boundary_truncated": false,
        "observed_geometry_limit": "CENTROID_ONLY_BBOX_IS_PIXEL_SPACE_NOT_GEO_POLYGON",
        "lpz_forecast_generated": false,
        "kind": "RESEARCH_POINT_MOTION_ARROW",
        "lead_from_as_of_minutes": 30,
        "target_valid_time_utc": "2026-09-21T05:45:00Z",
        "research_only": true,
        "probability": null,
        "intensity": null,
        "footprint": null,
        "affected_regions": null
      }
    },
    {
      "type": "Feature",
      "geometry": {
        "type": "Point",
        "coordinates": [
          141.54510498046875,
          37.82497195707115
        ]
      },
      "properties": {
        "research_object_id": "F3-886c07e3d6630ac9-000018",
        "source_slot_utc": "2026-09-21T05:00:00Z",
        "observation_valid_time_utc": "2026-09-21T05:00:00Z",
        "observed_centroid_lon_lat": [
          141.54510498046875,
          37.82497195707115
        ],
        "observed_bbox_pixel": [
          163,
          741,
          172,
          747
        ],
        "observed_approx_area_km2": 13.06490958110341,
        "observed_boundary_truncated": false,
        "observed_geometry_limit": "CENTROID_ONLY_BBOX_IS_PIXEL_SPACE_NOT_GEO_POLYGON",
        "lpz_forecast_generated": false,
        "kind": "OBSERVED_ORIGIN",
        "lead_from_as_of_minutes": 0
      }
    },
    {
      "type": "Feature",
      "geometry": {
        "type": "Point",
        "coordinates": [
          141.70992412563578,
          37.95516058834611
        ]
      },
      "properties": {
        "research_object_id": "F3-886c07e3d6630ac9-000018",
        "source_slot_utc": "2026-09-21T05:00:00Z",
        "observation_valid_time_utc": "2026-09-21T05:00:00Z",
        "observed_centroid_lon_lat": [
          141.54510498046875,
          37.82497195707115
        ],
        "observed_bbox_pixel": [
          163,
          741,
          172,
          747
        ],
        "observed_approx_area_km2": 13.06490958110341,
        "observed_boundary_truncated": false,
        "observed_geometry_limit": "CENTROID_ONLY_BBOX_IS_PIXEL_SPACE_NOT_GEO_POLYGON",
        "lpz_forecast_generated": false,
        "kind": "RESEARCH_POINT_EXTRAPOLATION",
        "lead_from_as_of_minutes": 15,
        "target_valid_time_utc": "2026-09-21T05:30:00Z",
        "research_only": true,
        "probability": null,
        "intensity": null,
        "footprint": null,
        "affected_regions": null
      }
    },
    {
      "type": "Feature",
      "geometry": {
        "type": "LineString",
        "coordinates": [
          [
            141.54510498046875,
            37.82497195707115
          ],
          [
            141.70992412563578,
            37.95516058834611
          ]
        ]
      },
      "properties": {
        "research_object_id": "F3-886c07e3d6630ac9-000018",
        "source_slot_utc": "2026-09-21T05:00:00Z",
        "observation_valid_time_utc": "2026-09-21T05:00:00Z",
        "observed_centroid_lon_lat": [
          141.54510498046875,
          37.82497195707115
        ],
        "observed_bbox_pixel": [
          163,
          741,
          172,
          747
        ],
        "observed_approx_area_km2": 13.06490958110341,
        "observed_boundary_truncated": false,
        "observed_geometry_limit": "CENTROID_ONLY_BBOX_IS_PIXEL_SPACE_NOT_GEO_POLYGON",
        "lpz_forecast_generated": false,
        "kind": "RESEARCH_POINT_MOTION_ARROW",
        "lead_from_as_of_minutes": 15,
        "target_valid_time_utc": "2026-09-21T05:30:00Z",
        "research_only": true,
        "probability": null,
        "intensity": null,
        "footprint": null,
        "affected_regions": null
      }
    },
    {
      "type": "Feature",
      "geometry": {
        "type": "Point",
        "coordinates": [
          141.7923336982193,
          38.02025490398359
        ]
      },
      "properties": {
        "research_object_id": "F3-886c07e3d6630ac9-000018",
        "source_slot_utc": "2026-09-21T05:00:00Z",
        "observation_valid_time_utc": "2026-09-21T05:00:00Z",
        "observed_centroid_lon_lat": [
          141.54510498046875,
          37.82497195707115
        ],
        "observed_bbox_pixel": [
          163,
          741,
          172,
          747
        ],
        "observed_approx_area_km2": 13.06490958110341,
        "observed_boundary_truncated": false,
        "observed_geometry_limit": "CENTROID_ONLY_BBOX_IS_PIXEL_SPACE_NOT_GEO_POLYGON",
        "lpz_forecast_generated": false,
        "kind": "RESEARCH_POINT_EXTRAPOLATION",
        "lead_from_as_of_minutes": 30,
        "target_valid_time_utc": "2026-09-21T05:45:00Z",
        "research_only": true,
        "probability": null,
        "intensity": null,
        "footprint": null,
        "affected_regions": null
      }
    },
    {
      "type": "Feature",
      "geometry": {
        "type": "LineString",
        "coordinates": [
          [
            141.54510498046875,
            37.82497195707115
          ],
          [
            141.7923336982193,
            38.02025490398359
          ]
        ]
      },
      "properties": {
        "research_object_id": "F3-886c07e3d6630ac9-000018",
        "source_slot_utc": "2026-09-21T05:00:00Z",
        "observation_valid_time_utc": "2026-09-21T05:00:00Z",
        "observed_centroid_lon_lat": [
          141.54510498046875,
          37.82497195707115
        ],
        "observed_bbox_pixel": [
          163,
          741,
          172,
          747
        ],
        "observed_approx_area_km2": 13.06490958110341,
        "observed_boundary_truncated": false,
        "observed_geometry_limit": "CENTROID_ONLY_BBOX_IS_PIXEL_SPACE_NOT_GEO_POLYGON",
        "lpz_forecast_generated": false,
        "kind": "RESEARCH_POINT_MOTION_ARROW",
        "lead_from_as_of_minutes": 30,
        "target_valid_time_utc": "2026-09-21T05:45:00Z",
        "research_only": true,
        "probability": null,
        "intensity": null,
        "footprint": null,
        "affected_regions": null
      }
    },
    {
      "type": "Feature",
      "geometry": {
        "type": "Point",
        "coordinates": [
          141.51763916015625,
          38.106466505982844
        ]
      },
      "properties": {
        "research_object_id": "F3-886c07e3d6630ac9-000019",
        "source_slot_utc": "2026-09-21T05:00:00Z",
        "observation_valid_time_utc": "2026-09-21T05:00:00Z",
        "observed_centroid_lon_lat": [
          141.51763916015625,
          38.106466505982844
        ],
        "observed_bbox_pixel": [
          158,
          675,
          167,
          682
        ],
        "observed_approx_area_km2": 12.965117652798355,
        "observed_boundary_truncated": false,
        "observed_geometry_limit": "CENTROID_ONLY_BBOX_IS_PIXEL_SPACE_NOT_GEO_POLYGON",
        "lpz_forecast_generated": false,
        "kind": "OBSERVED_ORIGIN",
        "lead_from_as_of_minutes": 0
      }
    },
    {
      "type": "Feature",
      "geometry": {
        "type": "Point",
        "coordinates": [
          141.58356882961908,
          38.262099825703466
        ]
      },
      "properties": {
        "research_object_id": "F3-886c07e3d6630ac9-000019",
        "source_slot_utc": "2026-09-21T05:00:00Z",
        "observation_valid_time_utc": "2026-09-21T05:00:00Z",
        "observed_centroid_lon_lat": [
          141.51763916015625,
          38.106466505982844
        ],
        "observed_bbox_pixel": [
          158,
          675,
          167,
          682
        ],
        "observed_approx_area_km2": 12.965117652798355,
        "observed_boundary_truncated": false,
        "observed_geometry_limit": "CENTROID_ONLY_BBOX_IS_PIXEL_SPACE_NOT_GEO_POLYGON",
        "lpz_forecast_generated": false,
        "kind": "RESEARCH_POINT_EXTRAPOLATION",
        "lead_from_as_of_minutes": 15,
        "target_valid_time_utc": "2026-09-21T05:30:00Z",
        "research_only": true,
        "probability": null,
        "intensity": null,
        "footprint": null,
        "affected_regions": null
      }
    },
    {
      "type": "Feature",
      "geometry": {
        "type": "LineString",
        "coordinates": [
          [
            141.51763916015625,
            38.106466505982844
          ],
          [
            141.58356882961908,
            38.262099825703466
          ]
        ]
      },
      "properties": {
        "research_object_id": "F3-886c07e3d6630ac9-000019",
        "source_slot_utc": "2026-09-21T05:00:00Z",
        "observation_valid_time_utc": "2026-09-21T05:00:00Z",
        "observed_centroid_lon_lat": [
          141.51763916015625,
          38.106466505982844
        ],
        "observed_bbox_pixel": [
          158,
          675,
          167,
          682
        ],
        "observed_approx_area_km2": 12.965117652798355,
        "observed_boundary_truncated": false,
        "observed_geometry_limit": "CENTROID_ONLY_BBOX_IS_PIXEL_SPACE_NOT_GEO_POLYGON",
        "lpz_forecast_generated": false,
        "kind": "RESEARCH_POINT_MOTION_ARROW",
        "lead_from_as_of_minutes": 15,
        "target_valid_time_utc": "2026-09-21T05:30:00Z",
        "research_only": true,
        "probability": null,
        "intensity": null,
        "footprint": null,
        "affected_regions": null
      }
    },
    {
      "type": "Feature",
      "geometry": {
        "type": "Point",
        "coordinates": [
          141.61653366435053,
          38.339916485563776
        ]
      },
      "properties": {
        "research_object_id": "F3-886c07e3d6630ac9-000019",
        "source_slot_utc": "2026-09-21T05:00:00Z",
        "observation_valid_time_utc": "2026-09-21T05:00:00Z",
        "observed_centroid_lon_lat": [
          141.51763916015625,
          38.106466505982844
        ],
        "observed_bbox_pixel": [
          158,
          675,
          167,
          682
        ],
        "observed_approx_area_km2": 12.965117652798355,
        "observed_boundary_truncated": false,
        "observed_geometry_limit": "CENTROID_ONLY_BBOX_IS_PIXEL_SPACE_NOT_GEO_POLYGON",
        "lpz_forecast_generated": false,
        "kind": "RESEARCH_POINT_EXTRAPOLATION",
        "lead_from_as_of_minutes": 30,
        "target_valid_time_utc": "2026-09-21T05:45:00Z",
        "research_only": true,
        "probability": null,
        "intensity": null,
        "footprint": null,
        "affected_regions": null
      }
    },
    {
      "type": "Feature",
      "geometry": {
        "type": "LineString",
        "coordinates": [
          [
            141.51763916015625,
            38.106466505982844
          ],
          [
            141.61653366435053,
            38.339916485563776
          ]
        ]
      },
      "properties": {
        "research_object_id": "F3-886c07e3d6630ac9-000019",
        "source_slot_utc": "2026-09-21T05:00:00Z",
        "observation_valid_time_utc": "2026-09-21T05:00:00Z",
        "observed_centroid_lon_lat": [
          141.51763916015625,
          38.106466505982844
        ],
        "observed_bbox_pixel": [
          158,
          675,
          167,
          682
        ],
        "observed_approx_area_km2": 12.965117652798355,
        "observed_boundary_truncated": false,
        "observed_geometry_limit": "CENTROID_ONLY_BBOX_IS_PIXEL_SPACE_NOT_GEO_POLYGON",
        "lpz_forecast_generated": false,
        "kind": "RESEARCH_POINT_MOTION_ARROW",
        "lead_from_as_of_minutes": 30,
        "target_valid_time_utc": "2026-09-21T05:45:00Z",
        "research_only": true,
        "probability": null,
        "intensity": null,
        "footprint": null,
        "affected_regions": null
      }
    },
    {
      "type": "Feature",
      "geometry": {
        "type": "Point",
        "coordinates": [
          140.82000732421875,
          38.31795595794452
        ]
      },
      "properties": {
        "research_object_id": "F3-886c07e3d6630ac9-000022",
        "source_slot_utc": "2026-09-21T05:00:00Z",
        "observation_valid_time_utc": "2026-09-21T05:00:00Z",
        "observed_centroid_lon_lat": [
          140.82000732421875,
          38.31795595794452
        ],
        "observed_bbox_pixel": [
          34,
          629,
          37,
          630
        ],
        "observed_approx_area_km2": 1.6112480051520894,
        "observed_boundary_truncated": false,
        "observed_geometry_limit": "CENTROID_ONLY_BBOX_IS_PIXEL_SPACE_NOT_GEO_POLYGON",
        "lpz_forecast_generated": false,
        "kind": "OBSERVED_ORIGIN",
        "lead_from_as_of_minutes": 0
      }
    },
    {
      "type": "Feature",
      "geometry": {
        "type": "Point",
        "coordinates": [
          140.72113918742104,
          38.240385788013455
        ]
      },
      "properties": {
        "research_object_id": "F3-886c07e3d6630ac9-000022",
        "source_slot_utc": "2026-09-21T05:00:00Z",
        "observation_valid_time_utc": "2026-09-21T05:00:00Z",
        "observed_centroid_lon_lat": [
          140.82000732421875,
          38.31795595794452
        ],
        "observed_bbox_pixel": [
          34,
          629,
          37,
          630
        ],
        "observed_approx_area_km2": 1.6112480051520894,
        "observed_boundary_truncated": false,
        "observed_geometry_limit": "CENTROID_ONLY_BBOX_IS_PIXEL_SPACE_NOT_GEO_POLYGON",
        "lpz_forecast_generated": false,
        "kind": "RESEARCH_POINT_EXTRAPOLATION",
        "lead_from_as_of_minutes": 15,
        "target_valid_time_utc": "2026-09-21T05:30:00Z",
        "research_only": true,
        "probability": null,
        "intensity": null,
        "footprint": null,
        "affected_regions": null
      }
    },
    {
      "type": "Feature",
      "geometry": {
        "type": "LineString",
        "coordinates": [
          [
            140.82000732421875,
            38.31795595794452
          ],
          [
            140.72113918742104,
            38.240385788013455
          ]
        ]
      },
      "properties": {
        "research_object_id": "F3-886c07e3d6630ac9-000022",
        "source_slot_utc": "2026-09-21T05:00:00Z",
        "observation_valid_time_utc": "2026-09-21T05:00:00Z",
        "observed_centroid_lon_lat": [
          140.82000732421875,
          38.31795595794452
        ],
        "observed_bbox_pixel": [
          34,
          629,
          37,
          630
        ],
        "observed_approx_area_km2": 1.6112480051520894,
        "observed_boundary_truncated": false,
        "observed_geometry_limit": "CENTROID_ONLY_BBOX_IS_PIXEL_SPACE_NOT_GEO_POLYGON",
        "lpz_forecast_generated": false,
        "kind": "RESEARCH_POINT_MOTION_ARROW",
        "lead_from_as_of_minutes": 15,
        "target_valid_time_utc": "2026-09-21T05:30:00Z",
        "research_only": true,
        "probability": null,
        "intensity": null,
        "footprint": null,
        "affected_regions": null
      }
    },
    {
      "type": "Feature",
      "geometry": {
        "type": "Point",
        "coordinates": [
          140.6717051190222,
          38.20160070304792
        ]
      },
      "properties": {
        "research_object_id": "F3-886c07e3d6630ac9-000022",
        "source_slot_utc": "2026-09-21T05:00:00Z",
        "observation_valid_time_utc": "2026-09-21T05:00:00Z",
        "observed_centroid_lon_lat": [
          140.82000732421875,
          38.31795595794452
        ],
        "observed_bbox_pixel": [
          34,
          629,
          37,
          630
        ],
        "observed_approx_area_km2": 1.6112480051520894,
        "observed_boundary_truncated": false,
        "observed_geometry_limit": "CENTROID_ONLY_BBOX_IS_PIXEL_SPACE_NOT_GEO_POLYGON",
        "lpz_forecast_generated": false,
        "kind": "RESEARCH_POINT_EXTRAPOLATION",
        "lead_from_as_of_minutes": 30,
        "target_valid_time_utc": "2026-09-21T05:45:00Z",
        "research_only": true,
        "probability": null,
        "intensity": null,
        "footprint": null,
        "affected_regions": null
      }
    },
    {
      "type": "Feature",
      "geometry": {
        "type": "LineString",
        "coordinates": [
          [
            140.82000732421875,
            38.31795595794452
          ],
          [
            140.6717051190222,
            38.20160070304792
          ]
        ]
      },
      "properties": {
        "research_object_id": "F3-886c07e3d6630ac9-000022",
        "source_slot_utc": "2026-09-21T05:00:00Z",
        "observation_valid_time_utc": "2026-09-21T05:00:00Z",
        "observed_centroid_lon_lat": [
          140.82000732421875,
          38.31795595794452
        ],
        "observed_bbox_pixel": [
          34,
          629,
          37,
          630
        ],
        "observed_approx_area_km2": 1.6112480051520894,
        "observed_boundary_truncated": false,
        "observed_geometry_limit": "CENTROID_ONLY_BBOX_IS_PIXEL_SPACE_NOT_GEO_POLYGON",
        "lpz_forecast_generated": false,
        "kind": "RESEARCH_POINT_MOTION_ARROW",
        "lead_from_as_of_minutes": 30,
        "target_valid_time_utc": "2026-09-21T05:45:00Z",
        "research_only": true,
        "probability": null,
        "intensity": null,
        "footprint": null,
        "affected_regions": null
      }
    },
    {
      "type": "Feature",
      "geometry": {
        "type": "Point",
        "coordinates": [
          141.29791259765625,
          37.64250977444874
        ]
      },
      "properties": {
        "research_object_id": "F3-886c07e3d6630ac9-000023",
        "source_slot_utc": "2026-09-21T05:00:00Z",
        "observation_valid_time_utc": "2026-09-21T05:00:00Z",
        "observed_centroid_lon_lat": [
          141.29791259765625,
          37.64250977444874
        ],
        "observed_bbox_pixel": [
          122,
          784,
          124,
          787
        ],
        "observed_approx_area_km2": 2.344546529301942,
        "observed_boundary_truncated": false,
        "observed_geometry_limit": "CENTROID_ONLY_BBOX_IS_PIXEL_SPACE_NOT_GEO_POLYGON",
        "lpz_forecast_generated": false,
        "kind": "OBSERVED_ORIGIN",
        "lead_from_as_of_minutes": 0
      }
    },
    {
      "type": "Feature",
      "geometry": {
        "type": "Point",
        "coordinates": [
          141.29791259765625,
          37.72081105468793
        ]
      },
      "properties": {
        "research_object_id": "F3-886c07e3d6630ac9-000023",
        "source_slot_utc": "2026-09-21T05:00:00Z",
        "observation_valid_time_utc": "2026-09-21T05:00:00Z",
        "observed_centroid_lon_lat": [
          141.29791259765625,
          37.64250977444874
        ],
        "observed_bbox_pixel": [
          122,
          784,
          124,
          787
        ],
        "observed_approx_area_km2": 2.344546529301942,
        "observed_boundary_truncated": false,
        "observed_geometry_limit": "CENTROID_ONLY_BBOX_IS_PIXEL_SPACE_NOT_GEO_POLYGON",
        "lpz_forecast_generated": false,
        "kind": "RESEARCH_POINT_EXTRAPOLATION",
        "lead_from_as_of_minutes": 15,
        "target_valid_time_utc": "2026-09-21T05:30:00Z",
        "research_only": true,
        "probability": null,
        "intensity": null,
        "footprint": null,
        "affected_regions": null
      }
    },
    {
      "type": "Feature",
      "geometry": {
        "type": "LineString",
        "coordinates": [
          [
            141.29791259765625,
            37.64250977444874
          ],
          [
            141.29791259765625,
            37.72081105468793
          ]
        ]
      },
      "properties": {
        "research_object_id": "F3-886c07e3d6630ac9-000023",
        "source_slot_utc": "2026-09-21T05:00:00Z",
        "observation_valid_time_utc": "2026-09-21T05:00:00Z",
        "observed_centroid_lon_lat": [
          141.29791259765625,
          37.64250977444874
        ],
        "observed_bbox_pixel": [
          122,
          784,
          124,
          787
        ],
        "observed_approx_area_km2": 2.344546529301942,
        "observed_boundary_truncated": false,
        "observed_geometry_limit": "CENTROID_ONLY_BBOX_IS_PIXEL_SPACE_NOT_GEO_POLYGON",
        "lpz_forecast_generated": false,
        "kind": "RESEARCH_POINT_MOTION_ARROW",
        "lead_from_as_of_minutes": 15,
        "target_valid_time_utc": "2026-09-21T05:30:00Z",
        "research_only": true,
        "probability": null,
        "intensity": null,
        "footprint": null,
        "affected_regions": null
      }
    },
    {
      "type": "Feature",
      "geometry": {
        "type": "Point",
        "coordinates": [
          141.29791259765625,
          37.75996169480752
        ]
      },
      "properties": {
        "research_object_id": "F3-886c07e3d6630ac9-000023",
        "source_slot_utc": "2026-09-21T05:00:00Z",
        "observation_valid_time_utc": "2026-09-21T05:00:00Z",
        "observed_centroid_lon_lat": [
          141.29791259765625,
          37.64250977444874
        ],
        "observed_bbox_pixel": [
          122,
          784,
          124,
          787
        ],
        "observed_approx_area_km2": 2.344546529301942,
        "observed_boundary_truncated": false,
        "observed_geometry_limit": "CENTROID_ONLY_BBOX_IS_PIXEL_SPACE_NOT_GEO_POLYGON",
        "lpz_forecast_generated": false,
        "kind": "RESEARCH_POINT_EXTRAPOLATION",
        "lead_from_as_of_minutes": 30,
        "target_valid_time_utc": "2026-09-21T05:45:00Z",
        "research_only": true,
        "probability": null,
        "intensity": null,
        "footprint": null,
        "affected_regions": null
      }
    },
    {
      "type": "Feature",
      "geometry": {
        "type": "LineString",
        "coordinates": [
          [
            141.29791259765625,
            37.64250977444874
          ],
          [
            141.29791259765625,
            37.75996169480752
          ]
        ]
      },
      "properties": {
        "research_object_id": "F3-886c07e3d6630ac9-000023",
        "source_slot_utc": "2026-09-21T05:00:00Z",
        "observation_valid_time_utc": "2026-09-21T05:00:00Z",
        "observed_centroid_lon_lat": [
          141.29791259765625,
          37.64250977444874
        ],
        "observed_bbox_pixel": [
          122,
          784,
          124,
          787
        ],
        "observed_approx_area_km2": 2.344546529301942,
        "observed_boundary_truncated": false,
        "observed_geometry_limit": "CENTROID_ONLY_BBOX_IS_PIXEL_SPACE_NOT_GEO_POLYGON",
        "lpz_forecast_generated": false,
        "kind": "RESEARCH_POINT_MOTION_ARROW",
        "lead_from_as_of_minutes": 30,
        "target_valid_time_utc": "2026-09-21T05:45:00Z",
        "research_only": true,
        "probability": null,
        "intensity": null,
        "footprint": null,
        "affected_regions": null
      }
    },
    {
      "type": "Feature",
      "geometry": {
        "type": "Point",
        "coordinates": [
          141.44073486328125,
          37.36797435878156
        ]
      },
      "properties": {
        "research_object_id": "F3-886c07e3d6630ac9-000024",
        "source_slot_utc": "2026-09-21T05:00:00Z",
        "observation_valid_time_utc": "2026-09-21T05:00:00Z",
        "observed_centroid_lon_lat": [
          141.44073486328125,
          37.36797435878156
        ],
        "observed_bbox_pixel": [
          146,
          847,
          150,
          849
        ],
        "observed_approx_area_km2": 2.598039097716094,
        "observed_boundary_truncated": false,
        "observed_geometry_limit": "CENTROID_ONLY_BBOX_IS_PIXEL_SPACE_NOT_GEO_POLYGON",
        "lpz_forecast_generated": false,
        "kind": "OBSERVED_ORIGIN",
        "lead_from_as_of_minutes": 0
      }
    },
    {
      "type": "Feature",
      "geometry": {
        "type": "Point",
        "coordinates": [
          141.34186078691232,
          37.341780836531804
        ]
      },
      "properties": {
        "research_object_id": "F3-886c07e3d6630ac9-000024",
        "source_slot_utc": "2026-09-21T05:00:00Z",
        "observation_valid_time_utc": "2026-09-21T05:00:00Z",
        "observed_centroid_lon_lat": [
          141.44073486328125,
          37.36797435878156
        ],
        "observed_bbox_pixel": [
          146,
          847,
          150,
          849
        ],
        "observed_approx_area_km2": 2.598039097716094,
        "observed_boundary_truncated": false,
        "observed_geometry_limit": "CENTROID_ONLY_BBOX_IS_PIXEL_SPACE_NOT_GEO_POLYGON",
        "lpz_forecast_generated": false,
        "kind": "RESEARCH_POINT_EXTRAPOLATION",
        "lead_from_as_of_minutes": 15,
        "target_valid_time_utc": "2026-09-21T05:30:00Z",
        "research_only": true,
        "probability": null,
        "intensity": null,
        "footprint": null,
        "affected_regions": null
      }
    },
    {
      "type": "Feature",
      "geometry": {
        "type": "LineString",
        "coordinates": [
          [
            141.44073486328125,
            37.36797435878156
          ],
          [
            141.34186078691232,
            37.341780836531804
          ]
        ]
      },
      "properties": {
        "research_object_id": "F3-886c07e3d6630ac9-000024",
        "source_slot_utc": "2026-09-21T05:00:00Z",
        "observation_valid_time_utc": "2026-09-21T05:00:00Z",
        "observed_centroid_lon_lat": [
          141.44073486328125,
          37.36797435878156
        ],
        "observed_bbox_pixel": [
          146,
          847,
          150,
          849
        ],
        "observed_approx_area_km2": 2.598039097716094,
        "observed_boundary_truncated": false,
        "observed_geometry_limit": "CENTROID_ONLY_BBOX_IS_PIXEL_SPACE_NOT_GEO_POLYGON",
        "lpz_forecast_generated": false,
        "kind": "RESEARCH_POINT_MOTION_ARROW",
        "lead_from_as_of_minutes": 15,
        "target_valid_time_utc": "2026-09-21T05:30:00Z",
        "research_only": true,
        "probability": null,
        "intensity": null,
        "footprint": null,
        "affected_regions": null
      }
    },
    {
      "type": "Feature",
      "geometry": {
        "type": "Point",
        "coordinates": [
          141.29242374872786,
          37.328684075406926
        ]
      },
      "properties": {
        "research_object_id": "F3-886c07e3d6630ac9-000024",
        "source_slot_utc": "2026-09-21T05:00:00Z",
        "observation_valid_time_utc": "2026-09-21T05:00:00Z",
        "observed_centroid_lon_lat": [
          141.44073486328125,
          37.36797435878156
        ],
        "observed_bbox_pixel": [
          146,
          847,
          150,
          849
        ],
        "observed_approx_area_km2": 2.598039097716094,
        "observed_boundary_truncated": false,
        "observed_geometry_limit": "CENTROID_ONLY_BBOX_IS_PIXEL_SPACE_NOT_GEO_POLYGON",
        "lpz_forecast_generated": false,
        "kind": "RESEARCH_POINT_EXTRAPOLATION",
        "lead_from_as_of_minutes": 30,
        "target_valid_time_utc": "2026-09-21T05:45:00Z",
        "research_only": true,
        "probability": null,
        "intensity": null,
        "footprint": null,
        "affected_regions": null
      }
    },
    {
      "type": "Feature",
      "geometry": {
        "type": "LineString",
        "coordinates": [
          [
            141.44073486328125,
            37.36797435878156
          ],
          [
            141.29242374872786,
            37.328684075406926
          ]
        ]
      },
      "properties": {
        "research_object_id": "F3-886c07e3d6630ac9-000024",
        "source_slot_utc": "2026-09-21T05:00:00Z",
        "observation_valid_time_utc": "2026-09-21T05:00:00Z",
        "observed_centroid_lon_lat": [
          141.44073486328125,
          37.36797435878156
        ],
        "observed_bbox_pixel": [
          146,
          847,
          150,
          849
        ],
        "observed_approx_area_km2": 2.598039097716094,
        "observed_boundary_truncated": false,
        "observed_geometry_limit": "CENTROID_ONLY_BBOX_IS_PIXEL_SPACE_NOT_GEO_POLYGON",
        "lpz_forecast_generated": false,
        "kind": "RESEARCH_POINT_MOTION_ARROW",
        "lead_from_as_of_minutes": 30,
        "target_valid_time_utc": "2026-09-21T05:45:00Z",
        "research_only": true,
        "probability": null,
        "intensity": null,
        "footprint": null,
        "affected_regions": null
      }
    },
    {
      "type": "Feature",
      "geometry": {
        "type": "Point",
        "coordinates": [
          141.45721435546875,
          37.90303231935366
        ]
      },
      "properties": {
        "research_object_id": "F3-886c07e3d6630ac9-000025",
        "source_slot_utc": "2026-09-21T05:00:00Z",
        "observation_valid_time_utc": "2026-09-21T05:00:00Z",
        "observed_centroid_lon_lat": [
          141.45721435546875,
          37.90303231935366
        ],
        "observed_bbox_pixel": [
          151,
          725,
          151,
          726
        ],
        "observed_approx_area_km2": 0.46561647470922074,
        "observed_boundary_truncated": false,
        "observed_geometry_limit": "CENTROID_ONLY_BBOX_IS_PIXEL_SPACE_NOT_GEO_POLYGON",
        "lpz_forecast_generated": false,
        "kind": "OBSERVED_ORIGIN",
        "lead_from_as_of_minutes": 0
      }
    },
    {
      "type": "Feature",
      "geometry": {
        "type": "Point",
        "coordinates": [
          141.42425342986007,
          37.955048059663476
        ]
      },
      "properties": {
        "research_object_id": "F3-886c07e3d6630ac9-000025",
        "source_slot_utc": "2026-09-21T05:00:00Z",
        "observation_valid_time_utc": "2026-09-21T05:00:00Z",
        "observed_centroid_lon_lat": [
          141.45721435546875,
          37.90303231935366
        ],
        "observed_bbox_pixel": [
          151,
          725,
          151,
          726
        ],
        "observed_approx_area_km2": 0.46561647470922074,
        "observed_boundary_truncated": false,
        "observed_geometry_limit": "CENTROID_ONLY_BBOX_IS_PIXEL_SPACE_NOT_GEO_POLYGON",
        "lpz_forecast_generated": false,
        "kind": "RESEARCH_POINT_EXTRAPOLATION",
        "lead_from_as_of_minutes": 15,
        "target_valid_time_utc": "2026-09-21T05:30:00Z",
        "research_only": true,
        "probability": null,
        "intensity": null,
        "footprint": null,
        "affected_regions": null
      }
    },
    {
      "type": "Feature",
      "geometry": {
        "type": "LineString",
        "coordinates": [
          [
            141.45721435546875,
            37.90303231935366
          ],
          [
            141.42425342986007,
            37.955048059663476
          ]
        ]
      },
      "properties": {
        "research_object_id": "F3-886c07e3d6630ac9-000025",
        "source_slot_utc": "2026-09-21T05:00:00Z",
        "observation_valid_time_utc": "2026-09-21T05:00:00Z",
        "observed_centroid_lon_lat": [
          141.45721435546875,
          37.90303231935366
        ],
        "observed_bbox_pixel": [
          151,
          725,
          151,
          726
        ],
        "observed_approx_area_km2": 0.46561647470922074,
        "observed_boundary_truncated": false,
        "observed_geometry_limit": "CENTROID_ONLY_BBOX_IS_PIXEL_SPACE_NOT_GEO_POLYGON",
        "lpz_forecast_generated": false,
        "kind": "RESEARCH_POINT_MOTION_ARROW",
        "lead_from_as_of_minutes": 15,
        "target_valid_time_utc": "2026-09-21T05:30:00Z",
        "research_only": true,
        "probability": null,
        "intensity": null,
        "footprint": null,
        "affected_regions": null
      }
    },
    {
      "type": "Feature",
      "geometry": {
        "type": "Point",
        "coordinates": [
          141.4077729670558,
          37.98105592981838
        ]
      },
      "properties": {
        "research_object_id": "F3-886c07e3d6630ac9-000025",
        "source_slot_utc": "2026-09-21T05:00:00Z",
        "observation_valid_time_utc": "2026-09-21T05:00:00Z",
        "observed_centroid_lon_lat": [
          141.45721435546875,
          37.90303231935366
        ],
        "observed_bbox_pixel": [
          151,
          725,
          151,
          726
        ],
        "observed_approx_area_km2": 0.46561647470922074,
        "observed_boundary_truncated": false,
        "observed_geometry_limit": "CENTROID_ONLY_BBOX_IS_PIXEL_SPACE_NOT_GEO_POLYGON",
        "lpz_forecast_generated": false,
        "kind": "RESEARCH_POINT_EXTRAPOLATION",
        "lead_from_as_of_minutes": 30,
        "target_valid_time_utc": "2026-09-21T05:45:00Z",
        "research_only": true,
        "probability": null,
        "intensity": null,
        "footprint": null,
        "affected_regions": null
      }
    },
    {
      "type": "Feature",
      "geometry": {
        "type": "LineString",
        "coordinates": [
          [
            141.45721435546875,
            37.90303231935366
          ],
          [
            141.4077729670558,
            37.98105592981838
          ]
        ]
      },
      "properties": {
        "research_object_id": "F3-886c07e3d6630ac9-000025",
        "source_slot_utc": "2026-09-21T05:00:00Z",
        "observation_valid_time_utc": "2026-09-21T05:00:00Z",
        "observed_centroid_lon_lat": [
          141.45721435546875,
          37.90303231935366
        ],
        "observed_bbox_pixel": [
          151,
          725,
          151,
          726
        ],
        "observed_approx_area_km2": 0.46561647470922074,
        "observed_boundary_truncated": false,
        "observed_geometry_limit": "CENTROID_ONLY_BBOX_IS_PIXEL_SPACE_NOT_GEO_POLYGON",
        "lpz_forecast_generated": false,
        "kind": "RESEARCH_POINT_MOTION_ARROW",
        "lead_from_as_of_minutes": 30,
        "target_valid_time_utc": "2026-09-21T05:45:00Z",
        "research_only": true,
        "probability": null,
        "intensity": null,
        "footprint": null,
        "affected_regions": null
      }
    },
    {
      "type": "Feature",
      "geometry": {
        "type": "Point",
        "coordinates": [
          141.54510498046875,
          37.77722770873696
        ]
      },
      "properties": {
        "research_object_id": "F3-886c07e3d6630ac9-000026",
        "source_slot_utc": "2026-09-21T05:00:00Z",
        "observation_valid_time_utc": "2026-09-21T05:00:00Z",
        "observed_centroid_lon_lat": [
          141.54510498046875,
          37.77722770873696
        ],
        "observed_bbox_pixel": [
          166,
          753,
          168,
          755
        ],
        "observed_approx_area_km2": 2.1024338606571784,
        "observed_boundary_truncated": false,
        "observed_geometry_limit": "CENTROID_ONLY_BBOX_IS_PIXEL_SPACE_NOT_GEO_POLYGON",
        "lpz_forecast_generated": false,
        "kind": "OBSERVED_ORIGIN",
        "lead_from_as_of_minutes": 0
      }
    },
    {
      "type": "Feature",
      "geometry": {
        "type": "Point",
        "coordinates": [
          141.64398193359375,
          37.77722770873696
        ]
      },
      "properties": {
        "research_object_id": "F3-886c07e3d6630ac9-000026",
        "source_slot_utc": "2026-09-21T05:00:00Z",
        "observation_valid_time_utc": "2026-09-21T05:00:00Z",
        "observed_centroid_lon_lat": [
          141.54510498046875,
          37.77722770873696
        ],
        "observed_bbox_pixel": [
          166,
          753,
          168,
          755
        ],
        "observed_approx_area_km2": 2.1024338606571784,
        "observed_boundary_truncated": false,
        "observed_geometry_limit": "CENTROID_ONLY_BBOX_IS_PIXEL_SPACE_NOT_GEO_POLYGON",
        "lpz_forecast_generated": false,
        "kind": "RESEARCH_POINT_EXTRAPOLATION",
        "lead_from_as_of_minutes": 15,
        "target_valid_time_utc": "2026-09-21T05:30:00Z",
        "research_only": true,
        "probability": null,
        "intensity": null,
        "footprint": null,
        "affected_regions": null
      }
    },
    {
      "type": "Feature",
      "geometry": {
        "type": "LineString",
        "coordinates": [
          [
            141.54510498046875,
            37.77722770873696
          ],
          [
            141.64398193359375,
            37.77722770873696
          ]
        ]
      },
      "properties": {
        "research_object_id": "F3-886c07e3d6630ac9-000026",
        "source_slot_utc": "2026-09-21T05:00:00Z",
        "observation_valid_time_utc": "2026-09-21T05:00:00Z",
        "observed_centroid_lon_lat": [
          141.54510498046875,
          37.77722770873696
        ],
        "observed_bbox_pixel": [
          166,
          753,
          168,
          755
        ],
        "observed_approx_area_km2": 2.1024338606571784,
        "observed_boundary_truncated": false,
        "observed_geometry_limit": "CENTROID_ONLY_BBOX_IS_PIXEL_SPACE_NOT_GEO_POLYGON",
        "lpz_forecast_generated": false,
        "kind": "RESEARCH_POINT_MOTION_ARROW",
        "lead_from_as_of_minutes": 15,
        "target_valid_time_utc": "2026-09-21T05:30:00Z",
        "research_only": true,
        "probability": null,
        "intensity": null,
        "footprint": null,
        "affected_regions": null
      }
    },
    {
      "type": "Feature",
      "geometry": {
        "type": "Point",
        "coordinates": [
          141.69342041015625,
          37.77722770873696
        ]
      },
      "properties": {
        "research_object_id": "F3-886c07e3d6630ac9-000026",
        "source_slot_utc": "2026-09-21T05:00:00Z",
        "observation_valid_time_utc": "2026-09-21T05:00:00Z",
        "observed_centroid_lon_lat": [
          141.54510498046875,
          37.77722770873696
        ],
        "observed_bbox_pixel": [
          166,
          753,
          168,
          755
        ],
        "observed_approx_area_km2": 2.1024338606571784,
        "observed_boundary_truncated": false,
        "observed_geometry_limit": "CENTROID_ONLY_BBOX_IS_PIXEL_SPACE_NOT_GEO_POLYGON",
        "lpz_forecast_generated": false,
        "kind": "RESEARCH_POINT_EXTRAPOLATION",
        "lead_from_as_of_minutes": 30,
        "target_valid_time_utc": "2026-09-21T05:45:00Z",
        "research_only": true,
        "probability": null,
        "intensity": null,
        "footprint": null,
        "affected_regions": null
      }
    },
    {
      "type": "Feature",
      "geometry": {
        "type": "LineString",
        "coordinates": [
          [
            141.54510498046875,
            37.77722770873696
          ],
          [
            141.69342041015625,
            37.77722770873696
          ]
        ]
      },
      "properties": {
        "research_object_id": "F3-886c07e3d6630ac9-000026",
        "source_slot_utc": "2026-09-21T05:00:00Z",
        "observation_valid_time_utc": "2026-09-21T05:00:00Z",
        "observed_centroid_lon_lat": [
          141.54510498046875,
          37.77722770873696
        ],
        "observed_bbox_pixel": [
          166,
          753,
          168,
          755
        ],
        "observed_approx_area_km2": 2.1024338606571784,
        "observed_boundary_truncated": false,
        "observed_geometry_limit": "CENTROID_ONLY_BBOX_IS_PIXEL_SPACE_NOT_GEO_POLYGON",
        "lpz_forecast_generated": false,
        "kind": "RESEARCH_POINT_MOTION_ARROW",
        "lead_from_as_of_minutes": 30,
        "target_valid_time_utc": "2026-09-21T05:45:00Z",
        "research_only": true,
        "probability": null,
        "intensity": null,
        "footprint": null,
        "affected_regions": null
      }
    }
  ]
}
